soc10,ability_Arm-Hand Steadiness,ability_Auditory Attention,ability_Category Flexibility,ability_Control Precision,ability_Deductive Reasoning,ability_Depth Perception,ability_Dynamic Flexibility,ability_Dynamic Strength,ability_Explosive Strength,ability_Extent Flexibility,ability_Far Vision,ability_Finger Dexterity,ability_Flexibility of Closure,ability_Fluency of Ideas,ability_Glare Sensitivity,ability_Gross Body Coordination,ability_Gross Body Equilibrium,ability_Hearing Sensitivity,ability_Inductive Reasoning,ability_Information Ordering,ability_Manual Dexterity,ability_Mathematical Reasoning,ability_Memorization,ability_Multilimb Coordination,ability_Near Vision,ability_Night Vision,ability_Number Facility,ability_Oral Comprehension,ability_Oral Expression,ability_Originality,ability_Perceptual Speed,ability_Peripheral Vision,ability_Problem Sensitivity,ability_Rate Control,ability_Reaction Time,ability_Response Orientation,ability_Selective Attention,ability_Sound Localization,ability_Spatial Orientation,ability_Speech Clarity,ability_Speech Recognition,ability_Speed of Closure,ability_Speed of Limb Movement,ability_Stamina,ability_Static Strength,ability_Time Sharing,ability_Trunk Strength,ability_Visual Color Discrimination,ability_Visualization,ability_Wrist-Finger Speed,ability_Written Comprehension,ability_Written Expression,skill_Active Learning,skill_Active Listening,skill_Critical Thinking,skill_Learning Strategies,skill_Mathematics,skill_Monitoring,skill_Reading Comprehension,skill_Science,skill_Speaking,skill_Writing,knowledge_Administration and Management,knowledge_Administrative,knowledge_Biology,knowledge_Building and Construction,knowledge_Chemistry,knowledge_Communications and Media,knowledge_Computers and Electronics,knowledge_Customer and Personal Service,knowledge_Design,knowledge_Economics and Accounting,knowledge_Education and Training,knowledge_Engineering and Technology,knowledge_English Language,knowledge_Fine Arts,knowledge_Food Production,knowledge_Foreign Language,knowledge_Geography,knowledge_History and Archeology,knowledge_Law and Government,knowledge_Mathematics,knowledge_Mechanical,knowledge_Medicine and Dentistry,knowledge_Personnel and Human Resources,knowledge_Philosophy and Theology,knowledge_Physics,knowledge_Production and Processing,knowledge_Psychology,knowledge_Public Safety and Security,knowledge_Sales and Marketing,knowledge_Sociology and Anthropology,knowledge_Telecommunications,knowledge_Therapy and Counseling,knowledge_Transportation,context_Conflict Situations,context_Consequence of Error,context_Contact With Others,context_Coordinate or Lead Others in Accomplishing Work Activities,context_Deal With External Customers or the Public in General,"context_Dealing With Unpleasant, Angry, or Discourteous People",context_Dealing with Violent or Physically Aggressive People,context_Degree of Automation,"context_Determine Tasks, Priorities and Goals",context_E-Mail,context_Exposed to Contaminants,"context_Exposed to Cramped Work Space, Awkward Positions",context_Exposed to Disease or Infections,context_Exposed to Extremely Bright or Inadequate Lighting Conditions,context_Exposed to Hazardous Conditions,context_Exposed to Hazardous Equipment,context_Exposed to High Places,"context_Exposed to Minor Burns, Cuts, Bites, or Stings",context_Exposed to Radiation,"context_Exposed to Sounds, Noise Levels that are Distracting or Uncomfortable",context_Exposed to Very Hot or Cold Temperatures,context_Exposed to Whole Body Vibration,context_Face-to-Face Discussions with Individuals and Within Teams,context_Freedom to Make Decisions,context_Frequency of Decision Making,context_Health and Safety of Other Workers,context_Impact of Decisions on Co-workers or Company Results,context_Importance of Being Exact or Accurate,context_Importance of Repeating Same Tasks,context_In an Enclosed Vehicle or Operate Enclosed Equipment,context_In an Open Vehicle or Operating Equipment,"context_Indoors, Environmentally Controlled","context_Indoors, Not Environmentally Controlled",context_Level of Competition,"context_Outdoors, Exposed to All Weather Conditions","context_Outdoors, Under Cover",context_Pace Determined by Speed of Equipment,context_Physical Proximity,context_Public Speaking,context_Spend Time Bending or Twisting Your Body,"context_Spend Time Climbing Ladders, Scaffolds, or Poles",context_Spend Time Keeping or Regaining Balance,"context_Spend Time Kneeling, Crouching, Stooping, or Crawling",context_Spend Time Making Repetitive Motions,context_Spend Time Sitting,context_Spend Time Standing,"context_Spend Time Using Your Hands to Handle, Control, or Feel Objects, Tools, or Controls",context_Spend Time Walking or Running,context_Telephone Conversations,context_Time Pressure,"context_Wear Common Protective or Safety Equipment such as Safety Shoes, Glasses, Gloves, Hearing Protection, Hard Hats, or Life Jackets","context_Wear Specialized Protective or Safety Equipment such as Breathing Apparatus, Safety Harness, Full Protection Suits, or Radiation Protection",context_Work Outcomes and Results of Other Workers,context_Work With or Contribute to a Work Group or Team,context_Written Letters and Memos,soc10_title,frey_osborne_prob
111011,1.19,2.06,3.31,1.625,4.0,1.875,1.0,1.125,1.0,1.0,2.94,1.625,3.065,3.88,1.125,1.0,1.0,2.06,3.94,3.81,1.0,3.0,2.63,1.625,3.37,1.125,3.0,4.3100000000000005,4.25,3.815,2.625,1.125,3.94,1.19,1.19,1.19,3.06,1.19,1.19,4.125,4.0,2.69,1.0,1.0,1.0,2.75,1.38,2.06,2.875,1.25,4.125,4.12,3.75,4.0,4.25,3.25,3.065,3.875,4.0600000000000005,1.87,4.125,4.12,4.465,2.52,2.275,2.655,2.03,3.29,3.375,3.9,2.38,3.615,3.465,3.005,4.355,1.665,1.605,2.055,2.88,2.2350000000000003,3.585,3.3,2.27,1.41,3.74,2.23,2.155,2.45,3.01,3.22,3.48,2.94,2.24,1.84,2.685,3.45,2.585,4.495,4.255,4.09,2.825,1.325,1.895,4.62,4.984999999999999,1.5,1.285,1.205,1.44,1.35,1.38,1.31,1.355,1.075,2.115,1.61,1.155,4.785,4.66,4.13,3.395,4.355,3.995,2.59,3.03,1.26,4.78,2.17,3.635,2.175,1.92,1.27,2.725,3.0,1.4,1.22,1.325,1.215,2.275,4.035,2.22,1.95,1.805,4.83,3.82,1.83,1.29,4.275,4.57,3.79,"Chief Executives, label 0",0.015
111021,1.62,2.12,3.38,1.12,3.88,1.88,1.0,1.12,1.38,1.25,2.62,1.5,2.62,3.25,1.0,1.5,1.38,1.75,3.5,3.5,1.5,2.88,2.25,1.5,3.5,1.12,2.88,4.0,4.0,3.12,2.38,1.25,3.88,1.0,1.62,1.0,2.88,1.25,1.5,3.88,3.62,2.38,1.0,1.62,1.5,2.75,2.12,1.88,2.75,1.75,4.0,4.0,3.62,4.0,3.88,3.0,2.62,4.0,4.0,1.5,4.0,3.5,4.25,3.21,1.21,2.2,1.91,2.39,2.67,4.15,2.32,3.2,2.79,2.9,3.7,1.28,1.32,1.4,1.46,1.35,2.56,3.53,2.85,1.2,3.44,1.23,1.98,3.57,2.53,2.74,2.99,1.93,1.85,1.6,2.21,3.35,2.52,4.63,4.48,4.49,3.24,1.62,2.31,4.7,4.86,1.64,1.19,1.21,1.63,1.34,1.36,1.31,1.56,1.0,1.8,2.33,1.05,4.86,4.81,4.92,4.54,4.53,4.24,3.11,3.48,1.93,4.39,2.12,3.37,2.93,1.79,1.19,3.2,2.46,1.96,1.32,1.17,1.78,2.42,3.09,2.9,2.42,2.53,4.76,4.08,3.06,1.18,4.33,4.62,4.01,General and Operations Managers,0.16
112011,1.38,1.75,3.38,1.12,3.88,1.75,1.0,1.0,1.0,1.0,2.88,1.62,3.12,3.75,1.0,1.0,1.0,1.75,3.5,3.25,1.38,3.0,2.5,1.0,3.75,1.0,2.88,4.0,4.25,3.75,2.88,1.0,3.62,1.0,1.0,1.0,2.88,1.0,1.0,4.0,3.88,2.62,1.0,1.0,1.0,2.75,1.62,2.88,3.25,1.75,4.0,3.88,3.25,4.12,4.0,3.0,3.0,3.25,3.75,1.62,4.0,3.75,4.12,3.25,1.23,1.44,1.22,4.35,3.31,4.16,2.79,3.04,2.94,1.91,4.41,2.35,1.04,1.58,1.99,1.67,2.23,3.16,1.41,1.42,2.6,1.89,1.34,2.58,2.87,2.47,4.68,2.5,2.4,1.75,1.95,3.15,2.19,4.68,4.11,4.19,2.92,1.14,2.01,4.23,5.0,1.42,1.38,1.03,1.48,1.06,1.2,1.16,1.27,1.0,2.36,1.47,1.03,4.87,4.04,4.31,2.52,4.03,4.3,2.7,2.28,1.13,4.62,1.68,3.34,2.46,2.0,1.0,2.82,2.55,1.31,1.09,1.27,1.37,2.5,4.33,2.11,2.07,1.97,4.8,4.4,1.24,1.0,3.8,4.47,3.78,Advertising and Promotions Managers,0.039
112021,1.12,1.88,3.25,1.0,3.88,1.75,1.0,1.25,1.0,1.0,2.88,1.75,3.0,3.75,1.0,1.0,1.0,1.88,3.75,3.25,1.0,3.12,2.62,1.0,3.5,1.0,3.12,4.0,4.0,3.62,2.75,1.0,3.62,1.0,1.0,1.0,2.88,1.0,1.0,3.75,3.62,2.75,1.0,1.0,1.0,2.75,1.75,2.88,3.0,1.62,4.0,3.88,3.88,3.88,3.88,3.12,2.75,3.75,3.88,1.75,3.88,3.25,4.04,3.01,1.1,1.19,1.21,3.8,3.51,3.85,3.15,3.1,3.03,2.77,4.48,1.7,1.12,1.64,2.2,1.68,2.86,3.51,1.33,1.26,2.71,1.64,1.18,2.46,2.45,2.5,4.85,2.03,2.86,1.63,1.68,3.18,2.76,4.61,4.32,4.25,2.74,1.16,2.1,4.63,5.0,1.54,1.2,1.07,1.34,1.06,1.46,1.08,1.09,1.33,2.4,1.5,1.02,4.76,4.42,4.1,2.21,4.15,3.81,2.78,2.26,1.08,4.53,1.86,3.95,1.38,1.25,1.02,2.89,3.35,1.22,1.02,1.19,1.26,2.73,4.36,2.09,2.31,1.95,4.92,4.21,1.3,1.04,4.04,4.67,3.52,Marketing Managers,0.014
112022,1.12,1.88,3.25,1.38,3.88,1.5,1.0,1.0,1.0,1.0,2.75,1.5,2.88,3.75,1.0,1.0,1.0,1.62,3.88,3.12,1.38,2.88,2.88,1.25,3.12,1.0,2.88,4.0,4.0,3.75,2.62,1.0,3.88,1.0,1.0,1.0,2.75,1.0,1.5,3.75,3.75,2.88,1.0,1.0,1.0,2.62,1.88,2.0,2.25,1.62,4.0,4.0,3.75,4.0,3.88,3.12,3.0,3.88,3.88,1.62,4.0,3.62,4.05,2.5,1.15,1.25,1.15,3.0,3.2,4.35,1.65,3.0,3.2,2.16,4.11,1.15,1.15,1.6,1.75,1.2,2.25,2.85,1.45,1.1,3.35,1.25,1.1,2.1,2.75,1.9,4.8,2.05,2.05,1.45,1.95,3.52,2.0,4.86,4.1,4.71,3.35,1.24,2.26,4.38,5.0,1.42,1.14,1.15,1.48,1.15,1.35,1.05,1.05,1.0,2.05,1.53,1.05,4.65,4.24,4.1,2.43,4.15,3.38,2.16,3.67,1.05,4.45,1.71,4.35,1.85,1.62,1.1,3.3,2.71,1.25,1.0,1.05,1.1,1.52,4.1,2.4,1.65,1.85,5.0,3.9,1.45,1.1,3.9,4.65,3.95,Sales Managers,0.013
113021,2.25,2.0,3.25,2.0,4.0,1.75,1.0,1.5,1.0,1.0,2.75,2.12,3.0,3.38,1.12,1.0,1.0,1.75,4.0,3.75,2.12,3.0,2.62,1.38,3.75,1.0,3.12,4.0,4.0,3.25,2.75,1.0,4.0,1.25,1.25,1.25,2.88,1.0,1.12,3.62,3.38,2.75,1.0,1.0,1.0,2.62,1.75,2.38,3.0,2.0,4.0,3.75,3.38,4.0,4.12,3.25,3.12,3.88,4.0,1.75,3.88,3.75,3.7,2.48,1.01,1.24,1.23,2.16,4.77,4.05,2.61,2.15,3.05,3.5,3.48,1.42,1.0,1.28,2.24,1.03,2.12,3.16,1.38,1.02,3.42,1.23,1.61,1.78,2.22,1.94,1.92,1.9,2.63,1.44,1.18,3.3,3.72,4.58,4.55,3.02,2.95,1.09,2.56,4.75,5.0,1.49,1.57,1.05,1.33,1.36,1.15,1.27,1.32,1.02,2.31,1.22,1.0,4.63,4.42,3.93,2.94,4.34,4.04,3.88,1.27,1.09,3.8,1.66,3.65,1.17,1.13,1.28,2.63,2.08,1.26,1.15,1.11,1.32,3.61,4.58,1.57,2.94,1.64,4.48,3.37,1.51,1.06,4.54,4.75,3.01,Computer and Information Systems Managers,0.035
113031,1.25,1.9566666666666668,3.333333333333333,1.0833333333333333,4.04,1.58,1.0,1.0833333333333333,1.0,1.0,2.5033333333333334,2.04,3.2099999999999995,3.3366666666666664,1.0,1.0,1.0,1.75,3.96,3.8366666666666656,1.29,3.753333333333333,2.7099999999999995,1.0,3.790000000000001,1.04,3.6233333333333335,4.04,4.04,3.17,3.0,1.04,3.8766666666666665,1.0,1.0,1.0,2.83,1.04,1.0,3.790000000000001,3.6233333333333335,2.92,1.0,1.04,1.0,2.46,1.46,1.7933333333333332,2.4166666666666665,1.4166666666666667,4.08,3.8766666666666665,3.6233333333333335,3.96,4.04,2.9599999999999995,3.543333333333333,3.71,4.04,1.1666666666666667,3.96,3.6633333333333336,3.8533333333333335,2.64,1.0599999999999998,1.11,1.0333333333333334,2.4266666666666667,3.0500000000000003,3.723333333333333,1.25,4.446666666666666,2.803333333333333,1.4166666666666667,3.96,1.0633333333333332,1.0633333333333337,1.4400000000000002,1.65,1.4966666666666668,3.1933333333333334,3.9966666666666666,1.1766666666666667,1.16,3.0,1.4066666666666665,1.1033333333333333,1.7599999999999998,2.16,1.8,2.773333333333333,1.7033333333333331,1.6866666666666663,1.27,1.4166666666666667,3.036666666666666,3.353333333333333,4.3133333333333335,3.82,3.2099999999999995,2.57,1.2066666666666668,2.6133333333333333,4.433333333333334,4.993333333333333,1.2266666666666668,1.0633333333333337,1.0366666666666668,1.0666666666666669,1.0,1.0,1.0333333333333334,1.04,1.0,2.306666666666666,1.1166666666666667,1.0,4.866666666666666,4.336666666666667,4.21,2.283333333333333,4.3566666666666665,4.523333333333333,3.5733333333333337,1.4400000000000002,1.0033333333333332,4.596666666666667,1.086666666666667,3.8166666666666655,1.1933333333333334,1.1366666666666667,1.106666666666667,2.6300000000000003,2.606666666666667,1.1566666666666665,1.0,1.0533333333333337,1.0833333333333333,2.5066666666666664,4.603333333333333,1.8,2.18,1.4233333333333331,4.793333333333333,4.303333333333334,1.0066666666666666,1.0,4.1066666666666665,4.4,3.64,Financial Managers,0.069
113051,2.523333333333333,2.6466666666666665,3.206666666666667,2.375,3.938333333333333,2.165,1.04,1.4983333333333333,1.23,1.7516666666666667,3.081666666666667,2.48,3.228333333333333,3.228333333333333,1.54,1.5416666666666667,1.6483333333333334,2.415,3.815,3.5400000000000005,2.2716666666666665,3.143333333333333,2.708333333333333,2.123333333333333,3.5416666666666665,1.3133333333333332,3.1016666666666666,4.06,4.04,3.02,3.2266666666666666,1.3766666666666667,3.9583333333333335,2.06,2.165,1.7916666666666667,3.125,1.4366666666666668,1.7083333333333333,3.686666666666667,3.58,2.8966666666666665,1.268333333333333,1.625,1.625,2.895,2.21,2.9166666666666665,2.936666666666667,1.8966666666666665,3.956666666666667,3.706666666666667,3.455,3.855,3.8966666666666665,3.353333333333333,3.1666666666666665,3.878333333333333,3.9,2.5,3.9166666666666665,3.5,4.008333333333334,3.236666666666667,2.1566666666666667,2.6416666666666666,3.158333333333333,2.3233333333333337,3.34,3.151666666666667,3.03,2.74,3.56,3.6533333333333338,3.58,1.04,1.5816666666666668,1.425,1.955,1.346666666666667,2.85,3.5516666666666663,3.723333333333333,1.66,3.5066666666666664,1.6083333333333334,2.983333333333333,4.071666666666666,2.7566666666666664,3.526666666666667,1.85,1.9116666666666668,2.2383333333333333,1.915,2.4133333333333336,3.283333333333333,3.566666666666667,4.578333333333333,4.1,3.4716666666666662,2.7900000000000005,1.4,2.556666666666666,4.465,4.965,3.435,2.056666666666666,1.3383333333333332,2.5116666666666667,3.1266666666666665,3.0416666666666665,2.6633333333333336,2.3316666666666666,1.0833333333333333,3.7266666666666666,3.233333333333334,1.3816666666666666,4.85,4.463333333333334,4.3933333333333335,4.68,4.3966666666666665,4.29,3.545,2.931666666666666,1.8233333333333333,4.4383333333333335,3.838333333333333,3.203333333333333,3.2466666666666666,2.543333333333333,2.853333333333333,3.06,2.8216666666666668,1.83,1.705,1.465,1.705,2.181666666666666,3.3966666666666665,2.6733333333333333,2.265,2.4666666666666663,4.8116666666666665,4.123333333333334,4.486666666666667,2.0033333333333334,4.573333333333333,4.64,3.716666666666667,Industrial Production Managers,0.03
113061,1.0,2.25,3.12,1.0,3.88,2.0,1.0,1.5,1.0,1.0,2.62,1.0,2.75,3.88,1.0,1.0,1.0,2.0,3.62,3.75,1.0,3.12,2.62,1.0,3.25,1.0,3.25,4.0,4.0,3.5,2.75,1.0,3.62,1.0,1.0,1.0,3.25,1.0,1.0,3.88,3.88,2.75,1.0,1.0,1.0,2.62,1.75,2.12,2.25,1.38,3.88,3.75,3.25,4.0,3.75,3.0,3.12,3.88,3.88,1.0,4.0,3.88,4.26,3.39,1.37,2.53,1.67,2.84,3.5,4.0,2.17,3.74,3.0,2.37,3.94,1.26,1.58,1.42,1.89,1.47,3.84,3.47,1.89,1.53,3.37,1.63,1.42,2.78,2.0,2.68,2.83,1.78,2.58,1.37,2.47,3.32,2.16,4.58,4.0,4.16,2.95,1.53,2.79,4.37,5.0,1.68,1.16,1.16,1.53,1.26,1.39,1.32,1.05,1.16,2.22,1.58,1.16,4.61,4.21,3.58,2.79,3.84,4.26,3.5,2.05,1.44,4.42,1.89,3.39,1.74,1.58,1.42,2.37,2.79,1.33,1.06,1.21,1.26,2.58,4.53,1.84,1.63,1.63,4.95,4.16,1.84,1.32,4.16,4.53,4.21,Purchasing Managers,0.03
113071,1.31,2.185,3.75,1.435,3.88,2.06,1.0,1.25,1.0,1.0,3.065,1.815,3.125,3.25,1.31,1.0,1.0,2.0,3.88,3.815,1.375,2.935,2.62,1.25,3.685,1.44,2.94,4.0,3.875,3.25,2.88,1.375,3.88,1.31,1.375,1.31,2.935,1.31,1.5,3.625,3.56,2.62,1.0,1.0,1.0,2.62,1.87,2.44,2.62,1.5,4.0,4.0,3.685,3.94,3.75,3.19,2.875,3.875,3.94,1.06,3.81,3.75,4.234999999999999,2.675,1.365,1.855,1.585,2.5,3.165,3.87,2.11,3.5250000000000004,2.95,2.515,3.925,1.145,2.11,2.08,2.8200000000000003,1.395,3.005,3.535,2.26,1.295,3.61,1.48,1.51,3.47,2.6100000000000003,3.1500000000000004,2.92,1.775,2.465,1.845,4.470000000000001,3.72,2.6950000000000003,4.595000000000001,4.01,3.715,3.35,1.47,2.515,4.1,4.965,2.04,1.415,1.16,1.92,1.51,1.8,1.625,1.335,1.105,3.08,2.24,1.2,4.845000000000001,4.105,4.0,3.945,3.845,4.04,2.975,2.735,1.81,4.2,3.35,3.46,2.435,1.905,1.825,2.97,2.69,1.55,1.255,1.29,1.335,2.425,3.775,2.41,2.3200000000000003,2.15,4.93,4.404999999999999,3.085,1.66,4.140000000000001,4.52,3.87,"Transportation, Storage, and Distribution Managers, label 0",0.59
113111,1.25,1.88,3.12,1.0,3.5,1.0,1.0,1.25,1.0,1.0,2.12,1.12,2.5,3.25,1.0,1.0,1.0,1.62,3.38,3.12,1.0,3.25,2.12,1.0,3.5,1.0,3.12,4.0,4.0,3.12,2.25,1.0,3.75,1.0,1.0,1.0,2.75,1.0,1.0,3.75,3.62,2.25,1.0,1.0,1.0,2.12,1.75,1.75,2.0,1.5,4.0,4.0,3.75,4.0,3.88,3.0,3.0,3.38,4.0,1.0,4.0,4.0,4.0,3.05,1.1,1.05,1.0,2.86,2.81,3.76,1.43,3.38,2.76,1.24,4.1,1.0,1.0,1.43,1.1,1.19,3.05,3.33,1.0,1.35,4.35,1.57,1.0,1.4,1.95,1.8,1.95,2.0,1.86,1.8,1.05,3.1,2.62,4.43,3.71,3.1,3.29,1.24,2.71,4.48,5.0,1.05,1.19,1.0,1.19,1.0,1.0,1.0,1.0,1.0,2.29,1.05,1.0,4.74,4.33,3.86,2.76,3.86,4.1,3.71,1.33,1.0,4.38,1.05,3.29,1.05,1.05,1.0,2.25,2.48,1.1,1.05,1.05,1.15,2.95,4.9,1.81,2.2,1.55,4.95,3.62,1.0,1.0,3.24,4.19,4.06,Compensation and Benefits Managers,0.96
113121,1.12,2.12,3.38,1.12,4.0,1.5,1.0,1.38,1.0,1.0,2.88,1.38,2.88,3.75,1.0,1.0,1.0,1.75,4.0,3.62,1.12,3.0,3.0,1.0,4.0,1.0,3.0,4.38,4.5,3.75,2.62,1.0,3.88,1.0,1.0,1.0,3.5,1.0,1.12,4.12,4.0,3.12,1.0,1.0,1.0,2.75,2.0,1.75,2.12,2.0,4.38,4.12,4.0,4.38,4.0,3.75,3.0,4.0,4.25,1.5,4.25,4.12,4.18,2.91,1.18,1.23,1.14,3.0,3.05,3.91,1.64,2.68,3.86,1.41,4.32,1.27,1.45,2.18,1.82,1.59,3.59,3.0,1.23,1.67,4.91,2.09,1.09,2.05,3.27,3.18,2.41,2.81,2.14,2.91,1.52,4.05,2.95,4.68,3.86,3.5,3.64,2.05,2.68,4.27,5.0,1.27,1.32,1.68,1.43,1.32,1.1,1.05,1.27,1.0,2.0,1.41,1.0,4.81,4.27,4.14,3.5,4.05,4.09,3.23,1.91,1.0,4.05,1.73,3.24,1.55,1.41,1.05,2.73,2.77,1.59,1.05,1.14,1.32,2.55,4.23,2.3,1.86,1.91,4.85,3.91,1.73,1.32,3.64,4.5,3.81,Human Resources Managers,0.0055
113131,1.5,2.12,3.62,1.25,3.88,1.5,1.0,1.38,1.0,1.0,2.88,1.75,2.75,3.88,1.0,1.0,1.0,1.75,3.75,3.75,1.62,2.62,2.88,1.0,3.75,1.0,2.5,3.88,4.0,3.75,2.75,1.0,3.75,1.0,1.0,1.0,2.75,1.0,1.0,3.88,3.88,2.88,1.0,1.12,1.0,2.62,1.75,2.12,2.62,1.5,3.88,3.88,3.75,4.0,3.75,4.25,2.88,3.88,4.0,1.5,4.0,3.88,4.15,2.96,1.0,1.07,1.0,3.3,3.21,3.86,2.39,2.14,4.93,1.43,4.36,1.29,1.0,1.29,1.18,1.11,1.86,2.21,1.11,1.11,3.96,1.39,1.04,1.96,3.26,1.5,2.32,2.22,1.82,1.86,1.11,2.86,1.68,4.5,4.25,2.21,2.5,1.14,1.96,4.43,4.93,1.25,1.04,1.07,1.32,1.14,1.11,1.0,1.0,1.0,1.75,1.18,1.0,4.78,4.36,3.14,2.32,3.14,3.43,2.71,1.25,1.04,4.39,1.32,2.75,1.25,1.32,1.07,3.11,3.32,1.21,1.04,1.14,1.25,2.54,4.39,2.25,2.0,1.54,4.71,3.64,1.36,1.14,4.04,4.93,3.14,Training and Development Managers,0.0063
119013,3.0,2.5,3.75,2.75,3.88,2.5,1.12,2.25,2.0,2.5,3.38,2.62,3.25,3.38,2.0,2.12,2.12,2.5,3.88,3.62,2.75,3.0,2.62,2.88,3.38,2.0,2.88,3.88,3.88,3.25,3.38,2.38,3.88,2.25,2.5,2.5,3.0,2.12,2.5,3.75,3.62,2.75,1.38,2.25,2.5,2.62,2.62,2.75,3.25,2.12,3.75,3.62,3.38,3.88,3.88,2.88,2.88,3.38,3.75,2.62,3.62,3.25,4.13,2.71,3.82,2.79,3.1,2.16,2.56,3.22,2.67,3.29,3.22,2.9,3.39,1.11,3.37,1.7,2.37,1.46,2.87,3.63,3.25,1.63,3.39,1.77,2.19,3.9,2.48,2.86,3.29,1.83,1.87,1.58,2.97,2.61,3.04,4.27,4.02,3.28,2.22,1.16,2.34,4.53,3.39,3.17,2.25,1.19,2.39,2.71,2.69,1.84,3.31,1.05,3.28,3.78,1.97,4.83,4.55,3.54,4.22,4.09,3.49,3.06,3.88,3.88,3.49,4.18,3.09,4.78,3.98,2.21,3.23,1.93,2.43,1.68,1.79,2.34,2.57,2.36,3.42,3.14,2.87,4.12,3.49,3.43,2.23,3.96,4.45,2.75,"Farmers, Ranchers, and Other Agricultural Managers",0.047
119021,2.25,2.88,3.75,2.38,4.0,2.38,1.0,1.88,1.62,2.12,3.62,1.88,3.62,3.38,2.0,2.0,2.12,2.12,3.88,4.0,1.75,3.5,2.75,2.0,3.88,1.5,3.25,4.0,4.0,3.12,3.0,1.62,4.12,1.62,2.0,1.5,3.38,1.5,2.12,3.88,3.75,3.12,1.12,2.0,2.12,3.0,2.75,3.0,3.88,1.75,4.0,3.88,3.88,4.0,4.0,3.12,3.5,3.88,3.88,2.12,3.88,3.75,4.25,3.45,2.0,4.7,2.45,2.9,3.4,3.9,3.7,3.75,3.4,3.95,3.7,1.55,1.55,2.25,2.3,1.7,3.15,4.0,3.8,1.75,3.7,1.65,2.9,3.79,2.8,3.75,3.05,2.1,2.9,2.0,2.55,3.2,3.5,4.6,4.15,3.9,2.75,1.79,1.9,3.9,4.9,3.0,2.3,1.3,2.9,2.6,3.45,3.1,2.7,1.1,3.95,3.25,1.9,4.68,4.2,4.1,4.3,4.15,4.05,3.4,3.2,2.42,3.7,3.85,3.58,3.85,3.3,2.2,3.5,3.15,2.5,2.55,1.79,2.3,2.95,2.65,3.6,3.25,2.95,4.89,4.25,4.5,2.8,3.8,4.6,3.68,Construction Managers,0.071
119031,2.0,2.25,3.12,1.38,4.0,1.75,1.0,1.88,1.5,1.88,3.12,2.0,2.88,3.38,1.0,1.75,1.75,2.0,3.88,3.75,1.88,2.88,3.0,1.62,3.5,1.0,2.75,4.0,4.0,3.25,2.62,1.0,3.88,1.0,1.0,1.0,3.12,1.0,1.0,3.88,3.88,2.75,1.0,1.88,1.88,2.88,2.12,2.0,2.38,1.62,4.0,4.12,3.5,4.0,4.0,3.62,2.88,4.0,4.0,1.5,4.0,3.75,4.09,3.48,1.99,1.9,1.71,2.77,3.01,4.48,2.19,3.14,4.28,2.35,3.89,2.18,2.86,2.06,2.57,1.97,2.33,3.25,1.81,2.49,3.53,2.2,1.72,2.7,3.55,3.55,3.5,2.76,1.84,2.35,2.38,3.69,3.85,4.98,4.35,3.77,3.22,1.65,2.1,4.44,4.83,1.26,1.15,2.58,1.04,1.0,1.22,1.06,1.42,1.0,2.76,1.38,1.0,4.88,4.38,4.48,4.52,4.14,4.05,3.68,2.62,1.0,4.03,1.11,2.93,2.3,1.39,1.19,4.01,2.2,1.91,1.06,1.44,1.79,2.8,3.6,2.53,2.73,2.24,4.9,3.93,2.1,1.0,4.58,4.54,4.25,"Education Administrators, Preschool and Childcare Centre/Program, label 0",0.015
119032,1.12,2.38,3.88,1.0,4.5,1.75,1.0,1.12,1.5,1.38,3.25,1.5,3.12,4.0,1.0,1.75,1.38,2.0,4.12,4.0,1.0,3.12,3.0,1.12,3.88,1.0,2.88,4.75,4.88,3.88,2.88,1.12,4.25,1.0,1.0,1.38,3.12,1.12,1.0,4.62,4.25,3.12,1.0,1.88,1.25,3.0,2.25,2.12,2.5,1.75,4.75,4.38,4.0,4.75,4.5,4.62,3.0,4.25,4.5,1.88,4.88,4.5,4.33,3.57,1.63,2.07,1.68,3.14,3.4,3.48,1.75,2.16,4.59,2.47,4.02,1.57,1.57,2.63,1.97,1.91,2.76,3.56,1.71,2.13,3.41,2.34,1.86,2.13,3.24,3.22,2.34,2.85,2.18,2.96,1.8,3.81,1.92,4.87,4.46,4.14,3.36,2.18,1.04,4.32,4.99,1.54,1.33,2.2,1.25,1.0,1.0,1.05,1.5,1.0,3.15,1.67,1.0,4.76,4.14,3.92,3.85,3.9,3.47,1.89,1.22,1.0,4.03,1.77,2.31,2.41,2.06,1.02,3.9,3.48,1.95,1.0,1.26,1.93,1.89,2.27,3.95,1.44,3.6,4.47,3.46,1.02,1.0,4.66,4.9,4.32,"Education Administrators, Elementary and Secondary School",0.0046
119033,1.12,2.0,3.62,1.0,3.88,1.12,1.0,1.25,1.0,1.0,2.75,1.62,3.12,3.75,1.0,1.0,1.0,2.0,4.0,3.75,1.0,2.88,2.75,1.0,3.75,1.0,2.88,4.0,4.12,3.88,2.62,1.0,4.12,1.0,1.0,1.0,3.38,1.0,1.0,4.0,4.0,2.88,1.0,1.0,1.0,2.75,1.5,2.0,2.62,1.0,4.12,4.12,3.88,4.0,4.12,3.75,2.88,4.0,4.12,1.5,4.0,4.0,4.16,3.27,1.5,1.21,1.18,3.2,3.22,4.06,1.86,2.68,4.13,1.87,4.33,1.58,1.19,1.61,1.63,1.63,2.83,3.08,1.18,1.4,3.39,2.44,1.42,1.88,3.06,2.47,2.85,2.43,1.96,2.87,1.74,3.18,2.35,4.51,4.19,3.64,2.98,1.28,1.88,4.66,4.93,1.67,1.01,1.85,1.29,1.12,1.12,1.01,1.12,1.01,2.17,1.25,1.06,4.77,4.63,4.47,2.71,4.54,4.13,2.35,2.08,1.13,4.55,1.5,2.88,1.64,1.27,1.01,2.53,3.21,1.37,1.13,1.09,1.15,2.61,3.81,2.4,1.73,1.87,4.73,3.95,1.11,1.01,4.03,4.46,3.65,"Education Administrators, Postsecondary",0.01
119041,2.375,2.25,3.375,2.19,3.94,2.125,1.0,1.375,1.0,1.375,3.185,2.5,3.185,3.565,1.0,1.375,1.375,2.25,3.815,3.815,2.19,3.69,2.685,1.81,3.625,1.0,3.315,4.0600000000000005,3.935,3.56,2.88,1.0,3.94,1.375,1.375,1.44,3.31,1.0,1.25,3.69,3.565,2.815,1.0,1.44,1.375,2.69,1.75,2.94,3.315,1.5,4.125,3.88,3.565,3.75,3.75,3.065,3.5,3.5,3.87,2.87,3.81,3.81,3.48,2.8150000000000004,2.13,2.8200000000000003,3.21,2.32,3.315,3.38,3.4400000000000004,2.575,2.46,4.115,3.97,1.435,1.21,1.415,2.13,1.31,2.5700000000000003,3.745,3.435,1.365,2.52,1.3650000000000002,3.015,3.3,1.745,2.915,2.555,1.46,2.035,1.26,2.335,3.02,2.67,4.3100000000000005,4.09,3.45,2.575,1.225,2.06,4.48,4.965,2.68,1.83,1.0550000000000002,1.495,2.395,1.84,1.67,1.245,1.065,2.89,2.135,1.06,4.855,4.495,3.985,3.31,3.97,4.0600000000000005,3.17,2.16,1.19,4.449999999999999,2.6,3.495,2.125,1.975,1.515,2.945,2.8,1.265,1.315,1.085,1.34,2.29,3.715,2.335,2.835,1.945,4.65,3.64,3.565,1.58,4.050000000000001,4.699999999999999,3.435,Architectural and Engineering Mangers,0.017
119051,2.88,2.62,3.0,2.0,3.88,1.88,1.0,2.0,1.62,2.0,3.0,2.88,2.62,2.88,1.0,2.0,1.75,1.88,3.0,3.0,3.0,2.75,2.75,2.0,3.12,1.0,3.0,3.88,3.88,2.88,2.88,1.0,3.88,1.62,1.88,1.38,3.12,1.0,1.25,3.75,3.12,2.75,1.38,2.12,2.0,2.88,2.38,2.12,2.12,1.88,3.88,3.0,3.12,3.88,3.62,3.12,2.88,3.88,3.75,1.62,3.88,3.0,4.07,3.28,1.39,1.49,1.54,2.23,2.86,4.53,1.95,3.04,3.15,1.47,3.53,1.12,3.95,1.68,1.33,1.09,2.12,3.39,2.09,1.47,3.49,1.39,1.19,3.21,2.11,2.84,3.44,1.92,1.9,1.67,2.24,3.63,2.83,4.84,4.51,4.51,3.69,1.71,1.71,3.9,4.07,1.41,2.04,1.08,1.36,1.28,1.09,1.09,2.84,1.0,2.24,1.87,1.0,4.93,4.19,4.57,4.24,4.55,4.13,3.35,2.17,1.31,4.73,1.4,2.26,2.03,1.58,1.64,4.24,2.59,2.33,1.12,1.28,2.13,3.21,1.96,4.46,2.84,4.16,4.62,4.12,3.56,1.0,4.61,4.96,2.81,Food Service Managers,0.083
119071,1.88,2.75,3.25,1.5,3.75,2.0,1.0,1.88,1.88,1.0,3.38,2.0,3.25,3.0,1.0,2.0,1.88,2.12,3.88,3.5,1.88,3.0,2.88,1.5,3.62,1.0,3.25,3.88,4.0,2.75,3.12,1.12,3.75,1.38,1.75,1.5,3.12,1.0,1.0,3.75,3.75,3.12,1.5,2.0,1.5,3.0,2.12,2.75,2.38,1.25,3.38,3.5,3.5,3.75,4.0,3.25,3.12,3.88,3.5,1.62,3.88,3.62,4.15,3.76,1.15,1.47,1.44,2.71,3.53,4.29,1.6,3.51,3.44,2.18,4.16,1.16,1.57,1.84,1.44,1.2,3.01,4.15,2.15,1.36,4.01,1.56,1.36,2.12,3.0,3.36,2.98,1.86,1.86,1.9,1.69,3.93,3.54,4.78,4.63,4.67,3.94,1.9,2.43,4.21,4.46,2.36,1.3,1.44,1.82,1.0,1.15,1.05,1.39,1.0,2.91,1.32,1.0,4.89,4.27,4.65,4.25,4.38,4.48,3.72,1.52,1.07,4.78,1.46,3.13,1.44,1.32,1.5,3.8,2.72,2.12,1.12,1.46,1.58,3.01,2.97,3.46,2.91,3.18,4.24,3.91,1.51,1.05,4.1,4.77,3.69,Gaming Managers,0.091
119081,2.62,2.12,3.25,2.0,3.62,2.38,1.0,2.0,1.5,2.0,2.88,2.5,3.0,3.62,1.62,2.0,2.0,2.25,3.62,3.75,2.0,3.38,2.62,2.12,3.12,1.5,2.75,4.0,4.12,3.38,2.88,1.62,4.0,2.0,2.0,2.0,3.0,1.62,2.12,4.0,4.0,2.88,1.0,2.0,1.88,2.88,2.12,2.38,2.5,2.0,4.0,4.0,3.75,4.12,3.75,3.38,2.62,3.75,3.88,1.0,4.0,3.88,4.7,4.12,1.55,1.37,1.99,3.63,4.1,4.55,1.84,3.99,3.68,2.39,4.72,1.37,2.59,2.45,2.37,1.52,2.86,4.33,2.35,1.67,4.64,2.15,1.27,2.47,3.35,3.96,4.25,2.89,2.94,2.43,2.66,3.72,2.6,4.89,4.51,4.49,3.57,1.6,2.86,4.66,4.92,1.54,1.19,1.14,1.19,1.13,1.0,1.08,1.22,1.0,2.19,1.6,1.02,4.83,4.52,4.55,4.2,4.52,4.14,4.14,1.9,1.0,4.11,1.24,3.51,1.45,1.07,1.8,2.97,3.67,1.67,1.0,1.42,1.2,2.52,3.4,3.12,1.76,2.51,4.92,4.35,1.09,1.01,4.55,4.8,4.32,Lodging Managers,0.0039
119111,1.5,2.25,3.5,1.25,4.0,2.0,1.0,1.75,1.0,1.0,2.88,1.5,2.88,3.25,1.0,1.0,1.0,2.0,4.0,3.62,1.5,2.88,2.75,1.0,3.75,1.0,2.88,4.25,4.0,3.12,2.75,1.0,4.0,1.0,1.0,1.0,2.88,1.0,1.0,4.0,3.88,2.38,1.0,1.0,1.0,2.5,2.0,2.0,2.12,1.75,4.12,4.0,3.88,4.0,4.12,3.25,2.75,4.0,4.0,2.5,4.12,4.0,4.68,3.68,2.52,1.61,1.75,2.57,3.79,4.22,2.0,3.3,3.93,2.36,4.37,1.29,1.26,1.5,1.64,1.39,3.32,3.39,1.54,3.41,4.11,1.89,1.46,2.59,3.21,3.18,2.46,2.43,2.36,2.39,1.68,3.71,2.41,4.82,3.96,4.07,3.39,2.11,2.86,4.11,5.0,1.54,1.22,2.54,1.26,1.39,1.11,1.0,1.33,1.04,2.54,1.11,1.0,4.61,3.89,3.74,3.54,3.52,4.36,3.79,1.56,1.04,4.93,1.29,3.43,1.0,1.04,1.29,3.0,2.96,1.89,1.07,1.36,1.44,3.37,4.25,2.25,2.36,1.96,4.93,3.93,1.37,1.27,4.11,4.86,3.71,Medical and Health Services Managers,0.073
119121,1.2466666666666668,2.1666666666666665,3.5033333333333334,1.4566666666666668,3.96,1.9166666666666667,1.0,1.1666666666666667,1.04,1.1666666666666667,2.9599999999999995,1.9166666666666667,3.123333333333333,3.1666666666666665,1.1266666666666667,1.1666666666666667,1.1666666666666667,2.0,3.92,3.8766666666666665,1.2066666666666668,3.1666666666666665,2.54,1.4566666666666668,3.706666666666667,1.1266666666666667,3.123333333333333,4.0,4.0,3.17,2.75,1.1666666666666667,3.92,1.1666666666666667,1.2066666666666668,1.2066666666666668,2.9599999999999995,1.1666666666666667,1.2866666666666668,3.75,3.583333333333333,2.67,1.0,1.1266666666666667,1.1666666666666667,2.6266666666666665,1.6666666666666667,2.3766666666666665,2.6266666666666665,1.3333333333333333,4.04,3.96,3.3766666666666665,4.0,3.9166666666666665,3.2466666666666666,3.083333333333333,3.6233333333333335,4.0,3.373333333333333,3.92,3.96,3.216666666666667,3.083333333333333,3.313333333333334,1.9166666666666667,3.063333333333333,2.41,3.373333333333333,3.453333333333333,2.49,2.18,2.793333333333333,3.053333333333333,3.723333333333333,1.1766666666666667,1.2833333333333334,1.34,2.283333333333333,1.5266666666666666,2.543333333333333,3.51,1.9266666666666663,2.08,2.763333333333333,1.5599999999999998,2.57,2.216666666666667,1.9933333333333327,2.59,2.216666666666667,1.8266666666666664,1.93,1.4933333333333332,1.8733333333333333,2.57,2.6633333333333336,4.243333333333333,3.92,3.4966666666666666,2.33,1.2133333333333334,1.8166666666666664,4.18,4.9366666666666665,2.02,1.59,2.096666666666667,1.35,1.893333333333333,1.39,1.143333333333333,1.4466666666666663,1.16,2.296666666666667,1.6666666666666667,1.0266666666666666,4.783333333333334,4.16,3.43,3.426666666666667,3.776666666666667,4.316666666666666,3.0500000000000003,1.91,1.1933333333333334,4.576666666666667,1.7433333333333332,3.19,1.7866666666666668,1.5466666666666669,1.2733333333333334,2.8433333333333333,2.583333333333333,1.5633333333333332,1.1,1.4333333333333331,1.4766666666666666,2.3233333333333333,3.953333333333333,2.3633333333333333,2.263333333333333,1.9166666666666667,4.53,3.3800000000000003,2.866666666666667,1.3266666666666669,3.7266666666666666,4.523333333333333,3.6666666666666665,Natural Sciences Manager,0.018
119131,1.38,2.75,3.5,1.5,3.88,2.0,1.0,1.38,1.5,1.5,2.75,2.25,3.0,3.0,1.0,2.0,1.5,2.38,3.75,3.62,1.0,2.88,2.5,1.62,3.62,1.0,2.75,4.0,4.0,3.0,2.88,1.0,3.75,1.62,1.62,1.0,3.0,1.0,1.0,3.88,3.88,2.75,1.5,2.12,1.62,2.88,2.12,2.5,2.5,1.38,4.0,3.5,3.25,4.0,3.75,3.38,2.75,3.75,4.0,1.5,4.0,3.25,4.42,3.58,1.25,1.65,1.42,2.78,3.57,3.96,1.79,3.0,3.68,2.27,4.08,1.1,1.06,1.44,2.2,1.47,3.25,3.59,2.56,1.49,3.59,1.59,1.39,4.03,3.07,4.2,2.72,1.9,2.34,1.98,3.54,4.15,2.42,4.96,4.59,4.54,4.28,2.04,2.62,3.89,4.88,2.95,1.25,1.67,1.8,1.48,1.2,1.04,1.62,1.0,3.06,2.5,1.03,4.92,3.97,4.5,4.68,4.16,4.17,3.73,3.0,1.22,4.66,2.24,3.39,2.84,1.22,2.59,3.23,3.79,1.67,1.05,1.22,1.46,2.41,3.09,3.14,1.8,2.95,4.83,4.92,1.38,1.01,4.69,4.66,4.5,Postmasters and Mail Superintendents,0.75
119141,1.0,1.62,3.0,1.38,3.5,1.62,1.0,1.0,1.0,1.12,2.88,1.5,2.5,3.0,1.0,1.12,1.0,1.62,3.62,3.12,1.0,3.0,2.12,1.38,3.0,1.12,3.0,4.0,4.0,2.75,2.12,1.0,3.62,1.0,1.0,1.0,3.0,1.0,1.25,3.62,3.62,2.12,1.0,1.0,1.0,2.62,1.62,1.88,2.25,1.38,4.0,3.75,3.0,3.75,3.5,2.75,3.0,3.12,3.88,1.38,4.0,3.62,4.4,3.05,1.4,3.05,1.75,2.85,3.5,4.63,1.65,4.05,3.1,2.3,4.05,1.15,1.05,1.65,1.95,1.25,3.85,3.6,2.58,1.25,3.55,1.55,1.6,1.84,2.9,3.7,3.2,1.74,2.84,1.4,1.75,3.6,2.6,4.7,3.8,4.1,3.7,1.9,2.2,4.25,4.95,1.89,1.4,1.15,1.21,1.45,1.47,1.44,1.35,1.0,2.35,1.9,1.0,4.84,4.25,3.95,3.3,4.05,3.9,2.9,3.37,1.1,3.9,2.63,3.65,3.05,2.05,1.15,2.75,2.5,1.56,1.45,1.2,1.45,1.84,3.79,2.35,1.75,2.15,4.95,3.95,1.75,1.2,3.85,4.15,4.55,"Property, Real Estate, and Community Association Managers",0.81
119151,2.0,2.12,3.0,2.0,3.88,1.75,1.0,1.25,1.0,1.38,2.88,2.25,3.0,3.62,1.0,1.12,1.25,2.0,3.75,3.5,1.5,2.88,2.75,1.38,3.12,1.0,2.88,4.12,4.38,3.75,2.75,1.0,4.0,1.0,1.0,1.0,2.88,1.0,1.0,3.88,3.88,2.62,1.0,1.38,1.12,2.88,1.75,2.38,2.5,1.5,4.0,3.88,3.88,3.88,3.88,3.62,2.62,3.88,3.75,2.25,3.75,3.75,4.37,3.46,1.45,1.67,1.55,2.98,3.29,4.61,1.56,2.8,3.92,1.51,4.29,1.6,1.26,1.87,1.92,1.43,3.16,3.33,1.57,1.95,3.73,2.36,1.42,2.09,4.06,3.47,2.31,3.42,2.51,3.7,1.98,3.51,2.92,4.67,4.23,4.11,3.77,2.11,2.23,4.37,5.0,1.61,1.09,2.02,1.24,1.17,1.12,1.0,1.46,1.0,2.89,1.54,1.0,4.88,4.35,4.26,3.73,4.41,4.2,3.43,3.28,1.0,4.59,1.3,2.21,1.68,1.28,1.18,2.66,2.98,1.35,1.08,1.02,1.33,2.05,4.03,2.46,2.54,1.87,4.98,3.91,1.0,1.0,4.19,4.71,4.1,"Social and Community Services Managers, label 0",0.0067
119161,2.0,2.12,3.62,1.5,4.12,2.0,1.0,1.38,1.25,1.62,3.0,1.75,3.0,3.88,1.75,1.25,1.25,1.88,4.0,3.88,1.88,2.88,2.88,1.75,3.62,1.75,2.88,4.12,4.12,3.75,3.0,1.75,4.0,1.62,1.62,1.75,3.0,1.62,2.0,4.12,3.88,3.0,1.0,1.62,1.5,3.0,2.12,1.88,3.12,1.75,4.0,4.0,3.75,4.0,4.0,3.88,3.0,4.0,4.0,1.88,4.12,4.0,4.24,3.14,2.05,2.64,2.27,4.05,3.5,3.91,2.1,2.9,3.86,2.59,3.95,1.24,1.77,2.27,3.27,2.05,4.18,2.68,2.27,2.05,3.5,1.9,2.18,2.29,2.9,4.71,2.59,2.82,3.91,2.38,3.32,3.09,2.68,4.41,4.05,4.14,2.64,1.77,1.86,4.32,4.91,1.95,1.68,1.82,2.2,1.86,1.95,1.36,1.73,1.0,2.45,2.24,1.14,4.52,4.36,3.33,4.14,3.55,3.73,2.45,3.55,1.65,4.23,2.55,3.14,2.86,2.36,1.38,2.95,2.91,1.55,1.41,1.5,1.59,2.32,3.68,2.73,2.27,2.14,4.76,3.45,2.45,1.64,3.64,4.41,3.71,Emergency Management Directors,0.003
119199,1.5,2.168333333333333,3.206666666666667,1.625,3.918333333333333,1.9166666666666667,1.0,1.4366666666666668,1.3733333333333333,1.3966666666666665,2.978333333333333,1.8333333333333333,3.02,3.1650000000000005,1.2083333333333333,1.3733333333333333,1.375,2.0816666666666666,3.918333333333333,3.583333333333333,1.5816666666666668,2.833333333333333,2.563333333333333,1.5633333333333332,3.7283333333333335,1.2083333333333333,2.708333333333333,4.0200000000000005,4.06,3.043333333333333,2.728333333333333,1.268333333333333,3.9983333333333335,1.2283333333333333,1.4366666666666668,1.4566666666666668,2.98,1.2283333333333333,1.3733333333333333,3.7916666666666665,3.7716666666666665,2.583333333333333,1.25,1.3733333333333333,1.3950000000000002,2.518333333333333,1.9583333333333333,2.2716666666666665,2.645,1.6266666666666667,4.0,4.0216666666666665,3.438333333333333,3.918333333333333,3.94,3.0416666666666665,2.811666666666667,3.7716666666666665,3.98,1.9183333333333328,3.94,3.898333333333333,3.891666666666667,3.09,2.115,2.3833333333333333,2.158333333333333,2.556666666666666,3.18,3.2883333333333336,2.555,2.688333333333333,2.9766666666666666,2.8816666666666664,3.953333333333333,1.086666666666667,1.3016666666666663,1.61,2.2466666666666666,1.58,3.608333333333333,3.15,2.4433333333333334,1.7716666666666667,2.955,1.4316666666666666,2.223333333333333,2.388333333333333,2.3683333333333336,3.115,2.106666666666667,2.0050000000000003,2.2983333333333333,1.7666666666666666,2.15,3.1933333333333334,2.9616666666666664,4.415,3.895,3.516666666666667,2.651666666666667,1.6116666666666666,1.9583333333333333,4.298333333333333,4.796666666666667,2.1,1.663333333333333,1.275,1.8083333333333331,1.85,1.8483333333333332,1.785,1.7066666666666668,1.0716666666666663,2.388333333333333,2.036666666666666,1.16,4.596666666666667,4.2283333333333335,3.848333333333333,3.5500000000000003,4.073333333333333,4.016666666666667,2.98,2.82,1.41,4.405,2.4,3.331666666666667,2.4,2.005,1.3216666666666663,3.013333333333333,2.77,1.5566666666666666,1.39,1.3016666666666663,1.4683333333333335,2.3366666666666664,3.875,2.2333333333333334,2.1933333333333334,2.018333333333333,4.755,3.798333333333333,2.5666666666666664,1.6849999999999998,3.6216666666666666,4.47,3.635,"Managers, All Other",0.25
131011,1.25,1.75,3.0,1.25,3.75,1.25,1.0,1.0,1.0,1.0,2.88,1.62,2.12,3.25,1.0,1.0,1.0,1.62,3.62,3.25,1.25,2.62,2.0,1.25,3.5,1.0,2.38,4.0,4.12,3.12,1.88,1.0,3.88,1.0,1.0,1.0,2.88,1.0,1.0,3.88,3.88,2.12,1.0,1.0,1.0,2.5,1.62,1.88,2.0,1.25,4.0,3.62,3.5,4.0,3.75,2.62,2.12,2.88,4.0,1.62,4.0,3.62,3.84,3.41,1.0,1.06,1.0,3.69,2.52,4.37,1.33,2.9,2.31,1.09,3.91,3.74,1.01,1.61,2.01,1.49,2.22,2.53,1.06,1.0,3.09,1.23,1.0,1.74,2.35,1.42,4.03,1.9,2.39,1.38,1.54,3.33,2.78,4.88,3.59,2.91,3.03,1.22,1.66,4.42,5.0,1.24,1.11,1.11,1.27,1.0,1.0,1.07,1.0,1.0,2.03,1.3,1.06,4.55,4.22,4.59,1.5,4.13,4.43,2.86,1.32,1.0,3.69,1.16,3.96,1.18,1.18,1.0,2.69,2.0,1.03,1.01,1.01,1.02,2.05,4.6,1.75,1.75,1.59,5.0,4.65,1.0,1.0,3.11,4.17,3.38,"Agents and Business Mangers of Artists, Performers, and Athletes",0.24
131021,1.88,2.0,3.0,1.75,3.62,1.88,1.0,1.5,1.0,1.5,3.0,2.12,2.5,3.0,1.0,1.5,1.5,2.0,3.38,3.12,1.75,3.12,2.38,1.75,3.38,1.0,3.12,3.62,4.0,3.0,2.5,1.0,3.38,1.0,1.0,1.12,2.88,1.0,1.12,3.62,3.38,2.25,1.0,1.88,1.75,2.88,1.88,2.62,2.12,1.0,3.62,3.25,3.12,3.75,3.88,2.5,3.0,3.12,3.38,1.62,3.88,3.12,3.55,2.69,2.01,1.97,1.55,2.37,3.6,3.92,2.11,3.88,2.78,2.17,3.88,1.18,3.44,1.42,2.74,1.7,3.14,3.98,2.19,1.38,2.33,1.18,1.55,3.22,2.21,3.08,3.69,1.73,2.6,1.44,3.9,3.2,3.68,4.79,3.83,4.17,2.71,1.22,2.95,4.68,4.95,2.24,1.25,1.06,2.13,1.45,1.46,1.63,1.54,1.0,3.3,1.56,1.06,4.98,4.6,4.63,2.99,4.46,4.39,4.2,2.45,1.51,4.15,2.79,3.64,2.2,2.02,1.23,3.04,2.01,1.53,1.41,1.14,1.31,2.21,4.32,2.09,2.11,1.7,5.0,3.81,2.14,1.12,3.18,4.63,3.19,"Buyers and Purchasing Agents, Farm Products",0.87
131022,2.0,1.75,3.25,1.0,3.75,1.62,1.0,1.75,1.25,1.75,2.75,2.0,2.88,3.0,1.0,1.25,1.12,1.75,3.25,3.12,2.0,3.5,2.12,1.88,3.12,1.0,3.25,4.0,4.0,3.0,2.62,1.0,3.62,1.0,1.0,1.0,3.0,1.0,1.0,3.62,3.5,2.75,1.38,1.5,2.0,2.0,2.12,2.62,2.5,1.5,3.75,3.0,3.38,3.75,3.75,2.88,3.12,3.12,3.25,1.75,3.75,3.0,3.41,2.62,1.1,1.63,1.73,2.73,3.4,3.73,1.57,3.2,2.06,1.88,3.61,1.02,1.26,1.86,1.65,1.14,2.05,3.57,2.16,1.03,1.95,1.36,1.69,2.46,1.62,1.58,3.82,1.33,1.98,1.11,1.95,3.4,3.15,4.83,3.7,3.83,3.2,1.3,1.81,4.5,5.0,1.91,1.6,1.41,1.38,1.06,1.57,1.26,1.34,1.0,2.0,1.85,1.0,4.76,4.4,4.45,2.38,4.24,4.02,4.13,2.07,1.31,5.0,2.21,3.4,1.35,1.2,1.06,3.3,2.4,1.57,1.06,1.08,1.3,3.57,4.0,2.47,2.42,1.93,5.0,4.03,1.49,1.14,3.73,4.27,3.84,"Wholesale and Retail Buyers, Except Farm Products",0.29
131023,1.12,1.75,3.38,1.0,3.88,1.38,1.0,1.25,1.0,1.0,2.25,1.38,2.62,3.12,1.0,1.0,1.0,1.75,4.0,3.62,1.0,3.0,2.62,1.0,3.88,1.0,3.25,4.0,4.0,3.0,2.25,1.0,3.5,1.0,1.0,1.0,2.88,1.0,1.0,3.62,3.75,2.5,1.0,1.0,1.0,2.62,1.88,2.12,2.12,1.5,4.12,4.0,3.88,4.0,3.88,3.0,3.0,3.75,4.12,1.12,4.0,4.0,4.05,3.63,1.53,2.26,1.58,2.67,3.32,4.22,2.17,3.26,2.83,2.16,4.56,1.26,1.89,1.56,2.0,1.37,4.26,3.37,2.11,1.5,2.84,1.37,1.79,2.47,2.32,2.74,2.37,1.68,2.42,1.58,2.5,2.9,2.74,4.53,3.89,4.15,3.0,1.5,2.89,4.3,5.0,1.74,1.41,1.21,1.45,1.05,1.15,1.05,1.21,1.0,2.0,1.37,1.0,4.53,4.05,4.05,2.55,4.05,4.4,4.05,2.05,1.05,4.79,1.85,3.21,1.79,1.65,1.18,2.42,3.0,1.32,1.1,1.21,1.4,2.68,4.45,2.11,2.21,1.63,4.95,4.3,1.79,1.05,3.28,4.32,4.11,"Purchasing Agents, Except Wholesale, Retail, and Farm Products",0.77
131031,1.75,2.38,3.38,1.5,4.0,1.5,1.0,1.5,1.0,1.0,2.88,1.75,3.25,2.75,1.0,1.0,1.0,1.88,4.0,3.5,1.75,3.0,2.62,1.0,3.88,1.0,3.0,4.12,4.12,2.62,3.0,1.0,3.62,1.0,1.0,1.0,3.0,1.0,1.38,3.62,3.5,3.0,1.12,1.0,1.0,2.62,2.38,2.12,2.5,2.0,4.38,3.88,3.25,4.0,4.0,2.5,2.88,3.38,4.12,1.38,3.88,3.62,3.08,3.82,1.87,2.11,1.54,2.71,3.43,4.7,1.4,3.04,2.91,1.76,4.42,1.14,1.03,1.83,1.85,1.3,3.31,3.66,1.89,2.72,2.43,1.54,1.56,2.06,2.88,2.29,2.08,1.91,2.33,2.58,2.03,4.03,2.71,4.67,3.18,4.43,4.13,1.39,2.98,4.3,5.0,1.52,1.2,1.1,1.48,1.1,1.15,1.43,1.2,1.03,3.23,1.52,1.02,4.29,4.51,4.86,1.92,4.52,4.61,4.51,2.07,1.03,4.31,1.27,3.16,1.67,1.29,1.83,2.79,1.76,1.45,1.25,1.29,1.19,3.3,4.62,1.71,3.2,1.58,5.0,4.39,1.11,1.07,2.34,3.87,4.93,"Claims Adjusters, Examiners, and Investigators, label 1",0.98
131032,2.5,2.12,3.12,2.12,3.25,2.38,1.0,1.5,1.38,1.75,2.38,2.12,2.88,2.38,2.0,1.62,1.25,2.25,3.25,3.12,2.12,2.62,2.0,2.0,3.25,1.75,2.75,4.0,4.0,2.38,2.38,1.88,3.75,1.5,1.5,1.5,3.12,1.62,2.12,3.5,3.5,2.25,1.0,1.38,1.62,2.25,1.88,2.25,2.38,1.25,3.75,3.62,2.88,3.5,3.38,2.12,2.62,2.5,3.5,1.12,3.75,3.75,2.35,3.15,1.0,1.17,1.32,2.27,3.36,4.23,1.86,2.21,2.95,1.86,3.81,1.0,1.01,1.98,1.43,1.01,2.76,2.74,3.23,1.04,1.84,1.0,1.75,2.25,1.59,1.8,1.82,1.01,2.2,1.01,2.47,3.87,2.65,4.96,2.97,4.92,3.6,1.78,3.25,4.43,5.0,3.3,2.62,1.48,2.53,1.92,2.37,1.5,2.29,1.0,2.86,3.18,1.0,4.29,4.45,4.8,1.39,4.48,4.41,3.79,4.39,1.64,3.8,3.0,3.31,4.13,2.57,1.28,2.63,1.77,2.46,1.25,1.68,2.27,3.54,3.93,2.26,3.47,1.93,5.0,4.55,2.27,1.17,2.43,3.77,3.91,"Insurance Appraisers, Auto Damage",0.98
131041,1.7485714285714289,2.392857142857143,3.392857142857143,1.6771428571428573,3.948571428571429,2.018571428571428,1.0,1.554285714285714,1.2842857142857145,1.5728571428571427,3.018571428571428,2.2671428571428573,3.341428571428572,3.105714285714286,1.5371428571428571,1.4642857142857142,1.447142857142857,2.197142857142857,3.838571428571429,3.75,1.7142857142857142,2.6957142857142857,2.7114285714285717,1.7328571428571429,3.7514285714285713,1.41,2.66,4.017142857142857,3.981428571428572,2.914285714285714,3.071428571428572,1.4828571428571429,3.857142857142857,1.4657142857142855,1.552857142857143,1.5185714285714285,3.0542857142857143,1.4642857142857142,1.66,3.697142857142857,3.661428571428572,2.855714285714286,1.2328571428571429,1.552857142857143,1.5885714285714287,2.712857142857143,1.9985714285714289,2.4642857142857144,2.6785714285714284,1.6071428571428572,4.09,3.981428571428572,3.4114285714285715,3.982857142857143,3.892857142857143,3.0171428571428573,2.66,3.377142857142857,3.982857142857143,1.947142857142857,3.947142857142857,3.84,3.255714285714286,3.374285714285714,2.3685714285714283,1.851428571428572,2.255714285714286,2.5985714285714283,3.334285714285714,3.7457142857142856,1.945714285714286,2.1814285714285715,3.0042857142857144,2.1814285714285715,4.252857142857143,1.162857142857143,1.2085714285714286,2.0814285714285714,2.225714285714285,1.5428571428571427,4.095714285714285,2.8542857142857145,1.8671428571428568,2.152857142857143,2.531428571428571,1.7057142857142855,1.8528571428571428,2.072857142857143,2.404285714285714,3.025714285714286,1.76,2.234285714285714,2.2328571428571427,1.89,2.3885714285714283,3.4114285714285715,2.895714285714285,4.581428571428572,3.544285714285714,4.087142857142857,3.4,1.9342857142857144,2.19,3.8957142857142855,4.7700000000000005,2.5942857142857143,1.88,2.091428571428572,2.12,1.6814285714285713,1.8114285714285716,1.45,1.7157142857142855,1.207142857142857,2.8885714285714283,2.26,1.1214285714285714,4.607142857142857,3.9785714285714286,3.828571428571428,2.59,3.798571428571429,4.36,3.5042857142857144,2.99,1.2757142857142856,4.211428571428572,2.5357142857142856,2.922857142857143,2.7328571428571427,2.144285714285714,1.4628571428571429,3.3328571428571427,2.4285714285714284,1.7228571428571429,1.2385714285714289,1.3085714285714285,1.5271428571428571,2.674285714285714,4.067142857142857,2.321428571428572,2.3485714285714288,2.07,4.791428571428571,3.9442857142857135,2.38,1.4242857142857144,2.9771428571428573,4.192857142857143,3.945714285714285,"Compliance Officers, label 0",0.08
131051,1.0,1.62,3.12,1.0,3.75,1.5,1.0,1.0,1.0,1.0,2.75,1.5,3.0,3.0,1.0,1.0,1.0,1.5,4.12,3.62,1.12,4.0,2.0,1.0,3.75,1.0,3.88,4.0,4.0,2.88,2.88,1.0,3.12,1.0,1.0,1.0,3.0,1.0,1.25,3.5,3.25,2.75,1.0,1.0,1.0,2.12,1.75,1.88,3.0,1.62,3.88,3.75,3.25,3.75,3.75,2.88,4.0,3.0,4.0,1.38,3.88,3.5,3.18,2.76,1.64,3.32,1.73,1.77,3.5,3.0,3.14,3.95,2.27,3.41,3.18,1.05,1.23,1.41,1.86,1.27,2.55,4.41,2.91,1.14,2.19,1.33,2.71,2.82,1.77,2.0,2.45,1.55,2.0,1.18,2.14,2.45,2.36,3.68,3.43,2.77,2.14,1.18,2.14,3.86,5.0,1.24,1.18,1.1,1.29,1.19,1.23,1.25,1.14,1.14,1.77,1.29,1.05,4.45,3.91,3.36,2.1,3.82,3.95,3.1,1.32,1.1,4.3,1.68,3.23,1.52,1.41,1.32,2.76,2.73,1.09,1.18,1.09,1.14,2.36,4.59,1.81,1.32,1.5,4.8,3.77,1.68,1.23,2.81,4.14,2.95,Cost Estimators,0.57
131071,1.5,1.88,3.12,1.38,3.88,1.25,1.0,1.25,1.0,1.0,2.12,1.88,2.75,2.75,1.0,1.0,1.0,1.75,3.25,3.25,1.5,2.25,2.25,1.0,3.62,1.0,2.25,4.0,4.0,2.75,2.0,1.0,3.88,1.0,1.0,1.0,2.88,1.0,1.0,3.88,3.88,2.0,1.0,1.0,1.0,2.12,1.75,1.75,2.0,1.38,4.0,3.88,3.25,4.0,3.88,3.0,2.0,3.0,4.0,1.12,4.12,3.88,3.83,3.94,1.05,1.1,1.09,2.54,2.67,3.49,1.22,1.81,3.07,1.23,3.81,1.02,1.08,1.35,1.25,1.07,3.3,2.33,1.08,1.13,4.62,1.53,1.04,1.39,2.19,2.19,1.62,1.64,1.98,1.68,1.35,3.93,2.93,4.77,4.06,3.71,3.39,2.19,2.97,4.48,5.0,1.64,1.14,1.2,1.82,1.0,1.01,1.01,1.02,1.02,1.83,1.16,1.0,4.92,4.36,4.01,3.43,4.19,4.34,3.87,2.41,1.02,4.87,1.14,2.97,1.46,1.42,1.0,2.65,3.33,1.83,1.0,1.62,1.58,3.5,4.18,1.94,3.41,1.74,5.0,3.76,1.15,1.0,3.7,4.72,4.52,"Business Operations Specialists, All Other",0.23
131074,2.38,2.12,2.62,2.88,2.88,2.5,1.0,1.88,1.0,1.88,2.5,2.0,2.25,2.12,2.0,2.0,1.75,2.12,2.75,2.88,2.38,2.12,2.12,2.88,3.0,1.88,2.12,3.62,3.5,2.0,2.12,2.12,3.12,2.38,2.38,2.25,2.75,1.62,2.0,3.38,3.25,2.0,2.12,2.0,2.12,2.5,2.38,2.25,1.88,1.12,2.88,2.88,2.38,3.38,3.0,2.25,2.12,2.75,2.75,1.25,3.5,2.75,2.83,2.49,1.65,1.22,1.49,2.31,2.53,2.98,1.23,2.73,2.63,1.47,2.78,1.21,3.48,3.53,1.85,1.21,3.17,3.48,2.68,2.27,3.43,1.21,1.21,3.25,1.89,2.76,1.38,1.59,2.46,1.89,2.36,2.93,2.5,4.49,4.42,2.59,2.76,1.38,2.2,4.97,3.09,3.52,1.2,1.02,2.49,1.63,2.53,1.2,2.43,1.0,3.28,3.45,1.02,4.55,4.81,3.87,4.58,4.21,4.26,4.49,4.09,2.54,2.79,2.94,3.8,4.17,2.93,2.51,3.62,2.04,1.81,1.22,1.22,1.23,1.88,3.9,2.9,2.44,2.8,4.55,4.45,1.83,1.01,4.63,3.68,3.68,"Farm Labour Contractors, label 1",0.97
131075,1.0,1.88,3.12,1.0,3.75,1.12,1.0,1.0,1.0,1.0,2.62,1.0,2.75,3.5,1.0,1.0,1.0,1.75,3.75,3.38,1.0,2.5,2.75,1.0,3.5,1.0,2.75,4.12,4.25,3.5,2.5,1.0,4.0,1.0,1.0,1.0,2.88,1.0,1.0,3.75,3.62,2.75,1.0,1.0,1.0,2.62,1.88,1.75,2.38,1.62,4.0,4.0,3.5,4.38,4.0,3.0,2.38,3.38,4.0,1.0,4.25,4.0,3.14,2.52,1.11,1.57,1.25,2.4,2.67,2.7,1.38,2.52,2.85,1.38,3.68,1.24,1.19,1.76,1.5,1.8,3.61,2.63,1.45,1.35,4.05,1.81,1.15,1.86,2.35,2.58,1.52,2.45,1.9,1.95,1.8,4.0,2.84,4.48,3.11,2.9,3.58,1.9,1.9,4.1,4.95,1.53,1.38,1.32,1.48,1.33,1.19,1.1,1.21,1.05,1.8,1.28,1.05,4.53,4.19,3.74,2.86,3.86,3.67,2.25,2.33,1.0,4.16,1.81,3.1,1.42,1.43,1.15,2.95,2.57,1.42,1.05,1.21,1.24,1.76,4.1,2.32,1.52,1.84,4.74,3.71,1.47,1.19,3.0,4.05,3.74,"Business Operations Specialists, All Other",0.23
131081,1.1666666666666667,2.083333333333333,3.33,1.2066666666666668,3.9166666666666665,1.7533333333333332,1.0,1.1666666666666667,1.04,1.0,2.9599999999999995,1.8733333333333333,3.1666666666666665,3.5,1.0,1.0,1.0,1.8766666666666667,3.9166666666666665,3.9166666666666665,1.1666666666666667,3.58,2.75,1.0,3.793333333333333,1.0,3.373333333333333,4.0,4.0,3.5,2.9166666666666665,1.0,3.8733333333333335,1.0,1.0,1.0,3.043333333333333,1.0,1.1233333333333333,3.753333333333333,3.75,2.793333333333333,1.0,1.0,1.0,2.706666666666667,1.75,2.2066666666666666,3.0400000000000005,1.4166666666666667,4.0,3.6233333333333335,3.5400000000000005,3.92,3.96,2.956666666666667,3.333333333333333,3.67,3.96,2.04,3.8366666666666656,3.6266666666666665,3.63,2.853333333333333,1.393333333333333,1.7433333333333334,1.6566666666666665,2.5,3.783333333333333,3.53,2.4433333333333334,3.0933333333333337,3.19,3.01,3.973333333333333,1.13,1.5233333333333334,1.9,2.966666666666667,1.3633333333333333,2.8666666666666667,3.776666666666667,2.13,1.2233333333333334,2.6666666666666665,1.3733333333333333,1.8266666666666669,3.3766666666666665,2.2266666666666666,2.9333333333333336,2.47,1.7066666666666668,2.553333333333333,1.4433333333333334,4.176666666666667,3.1933333333333334,2.6533333333333338,4.506666666666667,3.7266666666666666,3.63,2.956666666666667,1.653333333333333,2.7100000000000004,3.9766666666666666,4.916666666666667,2.1,1.6233333333333333,1.24,2.0066666666666664,1.71,1.9166666666666667,1.403333333333333,1.2866666666666666,1.1,3.233333333333333,2.1166666666666667,1.2033333333333334,4.4366666666666665,4.086666666666667,3.6033333333333335,3.01,3.633333333333333,3.99,3.356666666666667,2.2666666666666666,1.7466666666666668,4.456666666666667,2.6366666666666667,3.2,2.1533333333333333,2.043333333333333,1.7366666666666666,3.08,2.54,1.5033333333333332,1.3333333333333333,1.2166666666666666,1.4333333333333331,2.6533333333333333,4.123333333333334,2.26,2.243333333333333,1.913333333333333,4.78,4.17,2.33,1.61,3.4,4.4,3.583333333333333,Logisticians,0.012
131111,1.0,2.0,3.25,1.0,4.0,1.38,1.0,1.0,1.0,1.0,2.88,1.62,3.0,3.75,1.0,1.0,1.0,2.0,4.0,3.62,1.0,3.0,2.88,1.0,3.38,1.0,2.88,4.12,4.12,3.25,2.62,1.0,4.12,1.0,1.0,1.0,3.0,1.0,1.0,3.88,3.88,2.62,1.0,1.0,1.0,2.75,2.0,2.0,2.12,1.75,4.12,4.0,3.25,4.12,4.12,3.0,3.0,3.88,4.12,1.88,4.0,4.0,4.38,2.81,1.38,1.71,1.48,3.05,3.5,4.0,2.45,3.48,3.6,2.1,4.71,1.38,1.4,2.0,2.4,1.95,3.33,3.62,1.6,1.38,3.33,2.0,1.43,2.9,3.1,2.65,3.3,3.0,2.38,2.14,2.24,2.95,2.79,4.25,4.11,3.62,2.79,1.5,2.55,4.35,5.0,1.37,1.35,1.26,1.48,1.32,1.3,1.2,1.15,1.0,2.33,1.65,1.11,4.74,4.14,3.75,2.45,4.1,4.1,2.7,2.81,1.2,4.26,1.8,3.55,1.75,1.52,1.15,2.85,2.76,1.25,1.1,1.05,1.24,2.05,4.19,1.95,1.62,1.9,4.89,4.0,1.55,1.19,3.61,4.35,3.83,Management Analysts,0.13
131121,2.38,2.38,3.12,2.0,3.88,1.88,1.0,1.88,1.25,1.88,3.12,2.38,2.88,3.75,1.88,1.88,1.88,1.88,3.62,3.5,2.25,3.0,2.38,1.75,3.62,1.12,2.88,4.0,4.0,3.62,2.62,1.12,3.88,1.5,1.62,1.12,3.12,1.12,1.62,3.75,4.0,2.5,1.12,2.0,1.88,3.0,2.25,2.38,3.0,1.62,4.0,4.0,3.38,4.0,3.88,2.38,2.5,3.5,4.0,1.25,4.0,3.5,3.43,3.5,1.48,1.7,1.64,3.7,3.26,4.33,2.28,2.71,2.52,1.92,4.23,2.15,2.05,1.85,2.0,1.77,2.99,2.77,1.6,1.74,2.31,2.43,1.62,1.57,2.78,3.15,2.9,2.06,2.81,1.56,2.82,3.53,1.87,4.91,4.63,4.7,3.1,1.11,1.66,4.73,4.88,1.44,1.52,1.0,2.52,1.07,1.26,1.25,1.84,1.0,3.58,2.11,1.01,4.91,4.52,4.51,3.23,4.31,3.96,3.24,2.99,1.11,4.41,1.38,3.9,2.32,1.93,1.27,3.87,1.81,2.69,1.12,1.4,1.65,3.76,3.67,3.08,2.7,2.64,4.94,4.57,2.38,1.11,3.91,4.81,4.03,"Meeting, Convention, and Event Planners, label 0",0.037
131141,1.5,2.0,3.0,1.25,3.62,1.25,1.0,1.25,1.0,1.0,2.62,1.62,3.0,3.0,1.0,1.0,1.0,1.62,3.62,3.38,1.38,3.12,2.0,1.0,3.25,1.0,2.88,3.88,4.0,3.0,2.62,1.0,3.62,1.0,1.0,1.0,3.0,1.0,1.0,3.5,3.25,2.62,1.0,1.0,1.0,2.0,1.75,1.75,2.0,1.62,3.88,3.38,3.38,3.88,3.75,2.88,3.12,3.12,3.88,1.88,3.88,3.38,3.57,3.19,1.48,1.38,1.48,2.95,3.05,3.81,1.67,3.25,2.85,1.48,3.95,1.19,1.14,1.52,1.81,1.29,3.0,3.75,1.33,1.81,4.24,1.24,1.22,1.81,2.24,2.2,1.95,2.0,1.9,1.9,1.62,2.71,2.86,4.38,3.14,3.05,2.81,1.1,2.43,4.0,4.95,1.24,1.0,1.05,1.14,1.14,1.14,1.05,1.0,1.14,2.24,1.1,1.05,4.57,3.81,4.0,2.05,4.05,4.48,3.76,1.33,1.1,4.43,1.25,2.76,1.24,1.24,1.1,2.81,2.29,1.29,1.05,1.1,1.15,3.05,4.71,2.0,2.9,1.45,4.81,3.86,1.25,1.2,2.38,4.14,3.62,"Compensation, Benefits, and Job Analysis Specialists",0.47
131151,1.0,2.12,3.25,1.0,3.75,1.75,1.0,1.0,1.0,1.0,3.12,1.62,2.62,3.75,1.0,1.0,1.0,2.0,3.62,3.25,1.0,2.5,3.0,1.0,3.75,1.0,2.5,4.0,4.12,3.62,2.62,1.0,3.75,1.0,1.0,1.0,3.0,1.0,1.12,4.0,4.0,2.62,1.0,1.0,1.0,2.75,2.12,2.0,2.38,1.38,4.0,4.0,3.88,4.0,3.88,4.12,2.38,3.88,3.88,1.62,4.38,3.88,3.45,2.87,1.3,1.3,1.35,3.26,2.96,3.96,2.26,2.05,4.73,1.83,3.83,1.52,1.22,1.61,1.65,1.74,2.17,2.3,1.48,1.43,3.55,2.26,1.26,2.13,3.35,2.3,2.61,2.87,1.87,1.82,1.45,3.22,2.04,4.57,3.65,3.13,2.65,1.52,1.96,4.26,5.0,1.43,1.13,1.35,1.35,1.26,1.36,1.17,1.13,1.09,2.0,1.26,1.09,4.43,4.35,3.05,2.82,3.17,3.0,2.52,1.52,1.17,4.17,1.7,2.7,1.48,1.52,1.09,3.35,3.83,1.55,1.13,1.26,1.39,2.23,3.9,2.65,2.18,1.78,4.52,3.7,1.35,1.17,3.35,4.27,3.57,Training and Development Specialists,0.014
131161,1.25,1.815,3.625,1.19,3.94,1.435,1.0,1.0,1.0,1.0,2.685,1.75,3.06,3.94,1.0,1.0,1.0,1.88,3.935,3.815,1.25,3.065,2.625,1.0,3.37,1.0,2.935,4.0,4.0,3.315,2.565,1.0,3.75,1.0,1.0,1.0,2.94,1.0,1.0,3.75,3.5,2.625,1.0,1.0,1.0,2.5,1.5,2.0,2.25,1.25,4.0,3.94,3.625,3.815,3.875,2.94,3.0,3.315,3.94,1.75,3.75,3.75,3.305,3.175,1.085,1.02,1.045,3.685,3.77,3.605,2.085,2.52,2.63,2.0,4.285,1.35,1.065,1.515,2.405,1.495,2.345,3.78,1.09,1.11,2.24,1.74,1.13,1.915,3.04,1.61,4.35,2.805,2.045,1.085,1.37,2.5250000000000004,2.245,3.895,3.26,2.83,2.285,1.065,2.26,4.24,4.955,1.065,1.11,1.0,1.215,1.025,1.02,1.02,1.0,1.0,2.045,1.115,1.0,4.109999999999999,4.39,3.375,1.435,3.675,4.085,2.895,1.395,1.0,4.15,1.195,3.41,1.235,1.085,1.13,2.475,2.39,1.085,1.02,1.0,1.065,2.22,4.76,1.76,1.89,1.26,4.415,3.89,1.04,1.0,3.0650000000000004,3.825,3.175,"Market Research Analysts and Marketing Specialists, label 1",0.61
131199,1.31,2.03,3.2825,1.25,3.8125,1.7475,1.06,1.22,1.25,1.28,2.7825,1.9375,3.065,3.47,1.03,1.25,1.22,2.0325,3.78,3.625,1.345,2.845,2.5,1.25,3.5,1.125,2.785,3.845,3.9075,3.3125,2.72,1.095,3.9375,1.0,1.25,1.25,2.935,1.125,1.215,3.5925,3.5025,2.5325,1.1875,1.25,1.3425,2.4675,1.815,2.215,2.6875,1.6575,3.9375,3.875,3.345,3.905,3.875,2.9375,2.815,3.465,3.875,1.5,3.875,3.75,3.665,2.965,1.45,2.4075,1.5575,3.185,3.3925,3.6125,2.65,2.625,3.0575,2.66,3.98,1.325,1.335,1.7025,2.1525,1.5575,2.9325,2.62,1.985,1.23,2.8875,1.4425,1.7274999999999998,2.6475,2.455,3.1625,2.9075,2.0275,2.52,1.3675,2.22,2.9225,2.365,4.32,3.8675,3.5275,2.6825,1.51,2.14,4.1425,4.9775,1.68,1.375,1.2275,1.49,1.3,1.545,1.3175,1.2825,1.0575,2.1725000000000003,1.62,1.05,4.3875,4.155,3.4125,3.05,3.785,3.79,2.6825,2.4075,1.265,4.1875,2.1,3.22,1.94,1.7525,1.1825,2.8600000000000003,2.4450000000000003,1.405,1.2725,1.2525,1.295,2.1875,4.145,2.1625,1.8575,1.845,4.6975,3.67,1.7325,1.2425,3.3225,4.195,3.62,"Business Operations Specialists, All Other",0.23
132011,1.0,2.12,3.25,1.0,3.75,1.5,1.0,1.62,1.0,1.0,2.25,1.12,3.0,2.88,1.0,1.0,1.0,1.75,3.75,3.62,1.12,3.38,2.38,1.0,3.75,1.0,3.25,4.0,3.88,2.75,3.0,1.0,3.75,1.0,1.0,1.0,2.88,1.12,1.12,3.38,3.38,2.88,1.0,1.0,1.0,2.38,2.0,1.88,2.12,1.88,3.88,3.75,3.12,3.75,3.75,2.75,3.25,3.38,3.88,1.25,3.75,3.5,3.53,3.07,1.0,1.15,1.08,2.39,3.04,3.51,1.25,4.65,2.52,1.19,3.96,1.05,1.07,1.15,1.28,1.19,3.33,3.92,1.16,1.05,2.62,1.17,1.04,1.64,1.77,1.33,1.98,1.25,1.86,1.13,1.54,2.75,2.75,4.55,3.47,3.77,2.44,1.04,3.05,4.17,4.98,1.21,1.21,1.02,1.29,1.08,1.08,1.12,1.07,1.0,2.59,1.27,1.0,4.7,4.04,3.97,2.33,4.33,4.71,3.85,1.8,1.04,4.63,1.38,3.41,1.27,1.25,1.08,2.83,2.0,1.19,1.05,1.0,1.08,2.58,4.5,1.8,1.91,1.56,4.85,4.19,1.19,1.02,3.59,4.21,3.88,"Accountants and Auditors, label 1",0.94
132031,1.5,2.0,3.12,1.5,3.75,1.5,1.0,1.12,1.0,1.0,2.62,1.88,2.88,3.0,1.0,1.0,1.0,2.0,3.62,3.75,1.5,3.88,2.25,1.0,3.38,1.0,3.88,3.88,3.88,2.88,3.0,1.0,3.75,1.0,1.0,1.0,3.0,1.0,1.0,3.62,3.25,2.12,1.0,1.0,1.0,2.62,1.75,2.0,2.0,1.38,3.88,3.62,3.25,3.75,3.88,2.5,3.88,3.12,3.75,1.25,3.75,3.12,3.74,3.38,1.02,1.05,1.11,1.87,3.36,3.25,1.32,4.42,2.62,1.23,3.93,1.02,1.02,1.13,1.31,1.42,2.92,4.03,1.04,1.03,2.24,1.38,1.11,1.98,1.51,2.19,1.27,1.58,1.36,1.31,1.26,3.01,2.8,4.42,4.45,4.08,2.26,1.0,1.57,4.49,5.0,1.02,1.0,1.37,1.02,1.0,1.01,1.14,1.0,1.0,2.6,1.01,1.0,4.33,4.25,4.6,3.33,4.13,4.6,4.6,1.0,1.0,3.66,1.14,2.87,1.15,1.0,1.02,2.19,1.86,1.78,1.0,1.12,1.14,4.05,4.82,1.8,3.64,1.76,4.63,4.26,1.85,1.0,3.87,4.68,3.59,Budget Analysts,0.94
132041,1.62,1.75,3.12,1.38,3.75,1.38,1.0,1.0,1.0,1.0,2.0,2.0,3.0,2.88,1.0,1.0,1.0,1.62,3.88,3.62,1.62,3.75,2.38,1.0,3.62,1.0,3.75,3.88,4.0,2.62,3.0,1.0,3.75,1.0,1.0,1.0,2.88,1.0,1.0,3.12,3.25,2.75,1.0,1.0,1.0,2.0,1.5,1.75,1.88,1.25,3.88,3.38,3.62,3.5,3.88,2.38,3.38,3.0,3.62,1.38,3.62,3.12,2.8,3.0,1.05,1.8,1.05,2.05,2.85,2.85,1.3,4.5,2.1,1.3,3.9,1.05,1.05,1.2,1.8,1.5,3.28,3.9,1.15,1.25,1.6,1.3,1.1,2.15,1.45,1.8,2.05,1.55,1.58,1.1,1.25,2.5,2.6,3.7,2.4,2.4,2.0,1.0,2.4,4.2,5.0,1.05,1.11,1.0,1.2,1.0,1.0,1.05,1.0,1.0,2.45,1.05,1.0,4.68,3.75,3.7,1.4,3.35,4.5,4.1,1.35,1.0,5.0,1.05,3.15,1.16,1.05,1.05,2.8,2.35,1.2,1.0,1.0,1.05,3.05,4.85,1.63,1.85,1.3,4.68,4.2,1.0,1.0,2.05,3.39,4.05,"Credit Analysts, label 1",0.98
132052,1.0,1.75,3.0,1.0,3.75,1.38,1.0,1.0,1.0,1.0,2.5,1.38,2.75,3.12,1.0,1.0,1.0,1.62,3.88,3.38,1.0,3.62,2.62,1.0,3.75,1.0,3.75,4.0,4.0,3.0,2.88,1.0,3.62,1.0,1.0,1.0,2.88,1.0,1.0,4.0,3.62,2.62,1.0,1.0,1.0,2.62,1.75,1.75,2.0,1.5,4.0,3.75,3.25,4.12,3.75,3.0,3.62,3.12,4.12,1.38,4.0,3.88,2.88,2.62,1.0,1.0,1.0,2.6,2.85,4.44,1.15,4.08,2.46,1.52,3.92,1.12,1.0,1.08,1.31,1.27,2.73,3.73,1.04,1.04,2.17,1.44,1.0,1.58,3.08,1.23,2.88,1.5,1.96,2.4,1.04,2.32,3.08,3.92,2.92,3.85,2.0,1.04,2.44,4.32,4.85,1.08,1.04,1.04,1.04,1.0,1.0,1.0,1.04,1.0,1.31,1.08,1.0,4.12,4.0,4.12,1.65,4.19,4.62,3.08,1.23,1.0,4.64,1.12,3.52,1.08,1.08,1.08,2.44,2.0,1.0,1.0,1.0,1.0,1.92,4.42,1.56,1.54,1.2,4.6,3.69,1.0,1.0,2.74,3.25,3.44,Personal Financial Advisors,0.58
132053,1.75,1.75,3.25,1.75,3.5,1.75,1.0,1.25,1.0,1.0,2.38,1.88,3.0,2.88,1.0,1.0,1.0,1.75,3.75,3.12,1.75,2.88,2.12,1.0,3.25,1.0,2.75,3.5,3.62,2.88,2.5,1.0,3.38,1.0,1.0,1.0,2.88,1.0,1.0,3.38,3.25,2.25,1.0,1.0,1.0,2.38,1.38,2.0,2.0,1.25,3.88,3.75,3.12,3.75,3.75,2.75,2.88,3.0,3.75,1.38,3.62,3.75,2.41,2.93,1.57,1.67,1.33,2.07,2.67,3.9,1.17,2.73,1.9,1.3,4.0,1.13,1.13,1.3,2.0,1.2,2.69,3.27,1.3,1.77,1.83,1.17,1.2,2.0,2.2,1.97,3.17,1.45,1.8,1.34,1.52,3.52,2.9,4.5,2.8,3.57,3.27,1.07,2.87,4.07,5.0,1.07,1.0,1.03,1.03,1.03,1.03,1.03,1.07,1.0,2.3,1.07,1.0,4.38,4.3,4.33,1.5,3.9,4.3,3.53,1.53,1.0,4.57,1.23,3.33,1.2,1.13,1.17,3.07,1.9,1.1,1.0,1.0,1.07,3.2,4.93,1.73,2.87,1.4,4.79,4.57,1.07,1.03,2.33,3.8,4.03,"Insurance Underwriters, label 1",0.99
132061,1.12,1.88,3.88,1.0,4.12,1.25,1.0,1.0,1.0,1.0,2.62,1.75,3.12,3.0,1.0,1.0,1.0,1.75,4.12,3.75,1.12,3.5,2.75,1.0,4.0,1.0,3.12,4.0,4.12,3.0,3.0,1.0,4.0,1.0,1.0,1.0,3.12,1.0,1.0,3.88,3.88,3.0,1.0,1.0,1.0,2.38,1.62,2.0,2.38,1.38,4.25,4.0,3.62,4.0,4.12,3.38,3.62,3.88,4.12,1.25,4.0,4.0,3.05,2.48,1.0,1.09,1.0,2.05,2.65,2.35,1.17,4.09,2.3,1.22,4.35,1.04,1.0,1.13,1.3,1.26,3.23,3.13,1.13,1.04,2.3,1.17,1.0,1.43,1.74,1.52,1.3,1.3,1.57,1.13,1.48,2.74,2.35,4.61,4.04,3.22,2.35,1.04,2.3,3.59,4.96,1.09,1.13,1.0,1.17,1.0,1.0,1.0,1.0,1.0,2.83,1.09,1.0,4.78,3.52,3.39,1.7,4.13,4.0,2.7,1.96,1.0,4.48,1.04,3.09,1.0,1.0,1.22,3.43,2.35,1.17,1.0,1.04,1.09,2.09,4.78,1.83,1.23,1.61,4.35,3.61,1.0,1.0,3.74,4.7,3.59,Financial Examiners,0.17
132071,1.5,1.62,2.88,1.5,3.75,1.0,1.0,1.38,1.0,1.0,1.88,2.0,2.62,3.12,1.0,1.0,1.0,2.0,3.75,3.25,1.5,3.12,2.12,1.0,3.25,1.0,3.12,4.0,4.12,2.88,2.62,1.0,3.75,1.0,1.0,1.0,3.0,1.0,1.0,3.25,3.25,2.5,1.0,1.0,1.0,2.75,1.38,1.88,2.12,1.38,3.88,3.75,3.62,3.88,3.75,3.12,3.12,3.0,3.88,1.0,4.0,3.75,2.92,3.48,1.0,1.0,1.0,2.96,2.96,4.64,1.12,3.28,3.44,1.12,4.08,1.08,1.09,1.92,1.32,1.36,2.48,3.64,1.08,1.04,1.8,1.76,1.08,1.8,3.0,1.68,2.88,2.6,2.36,2.71,1.44,2.71,2.44,4.48,2.88,3.58,3.52,1.36,3.0,4.04,4.84,1.2,1.04,1.25,1.04,1.0,1.0,1.0,1.04,1.0,2.0,1.08,1.0,3.96,4.24,4.44,1.46,4.08,4.32,4.08,1.36,1.0,4.33,1.21,2.88,1.36,1.24,1.29,2.48,2.6,1.44,1.0,1.0,1.12,3.43,4.64,1.8,3.64,1.46,4.76,3.84,1.0,1.0,1.96,3.76,4.17,Credit Counsellors,0.04
132072,2.0,2.12,3.0,1.88,3.75,1.5,1.0,1.25,1.0,1.0,2.12,2.0,2.75,3.0,1.0,1.0,1.0,1.88,3.75,3.12,2.0,3.25,2.0,1.0,3.88,1.0,3.25,4.0,4.0,2.12,2.25,1.0,3.75,1.0,1.0,1.0,3.0,1.0,1.0,3.75,3.75,2.12,1.0,1.0,1.0,2.25,1.38,2.0,1.88,1.12,4.0,3.88,3.12,4.0,3.75,2.75,3.25,2.88,3.88,1.0,4.0,3.38,3.14,2.8,1.14,1.64,1.03,2.33,2.76,4.7,1.09,3.86,2.87,1.29,3.77,1.01,1.49,1.64,1.59,1.5,3.28,3.69,1.15,1.03,2.48,1.62,1.05,2.22,2.13,2.07,3.47,1.65,1.68,1.37,1.54,3.19,3.01,4.83,3.9,4.55,3.32,1.45,3.2,4.39,5.0,1.17,1.0,1.37,1.45,1.0,1.0,1.0,1.19,1.0,2.92,1.3,1.0,4.89,4.43,4.8,2.63,4.49,4.5,3.45,2.03,1.0,5.0,2.15,4.06,1.92,1.41,1.36,3.14,2.34,1.53,1.0,1.14,1.03,2.58,4.61,2.16,3.39,1.74,5.0,4.12,1.1,1.0,3.6,4.53,4.23,"Loan Officers, label 1",0.98
132081,1.88,2.25,3.12,1.62,4.0,1.25,1.0,1.25,1.0,1.0,2.75,2.25,3.0,2.75,1.0,1.0,1.0,1.62,4.0,4.0,1.88,3.12,2.88,1.0,3.75,1.0,3.12,4.0,4.0,2.25,2.88,1.0,3.88,1.0,1.0,1.0,2.88,1.0,1.0,3.75,3.75,2.62,1.0,1.0,1.0,2.5,1.88,1.75,2.12,1.88,4.0,3.62,3.25,4.0,3.88,2.88,3.25,3.25,4.0,1.0,4.0,3.25,3.42,3.86,1.21,1.44,1.22,2.18,2.6,4.3,1.37,3.47,2.55,1.23,4.09,1.21,1.31,1.58,1.71,1.62,3.71,3.88,1.23,1.26,1.93,1.49,1.21,1.63,2.48,2.42,1.38,1.94,1.7,1.33,1.63,2.77,2.91,4.52,3.06,4.53,3.61,1.64,3.03,4.12,4.9,1.45,1.02,1.02,1.96,1.0,1.0,1.0,1.01,1.0,2.6,1.13,1.0,4.11,4.12,4.07,2.12,4.18,4.96,4.19,1.69,1.0,4.88,1.49,2.0,1.12,1.05,1.24,3.07,1.56,1.31,1.0,1.0,1.13,3.3,4.72,1.59,2.63,1.43,4.56,3.74,1.01,1.01,2.58,4.23,4.05,"Tax Examiners and Collectors, and Revenue Agents, label 1",0.93
132082,1.5,1.62,3.12,1.12,3.75,1.0,1.0,1.0,1.0,1.0,2.0,1.75,3.0,3.0,1.0,1.0,1.0,1.62,3.25,3.25,1.38,3.0,2.0,1.0,3.88,1.0,3.25,4.0,3.88,2.62,3.0,1.0,3.0,1.0,1.0,1.0,3.0,1.0,1.0,3.12,3.0,2.25,1.0,1.0,1.0,2.0,1.38,1.88,2.0,2.0,3.88,3.0,3.12,3.88,3.5,2.75,3.0,3.0,4.0,1.0,3.12,3.0,2.48,3.24,1.0,1.05,1.0,2.52,3.48,3.7,1.1,3.9,2.62,1.45,3.76,1.0,1.05,1.48,1.33,1.15,3.57,3.58,1.1,1.15,2.14,1.1,1.05,1.57,2.05,1.9,1.86,1.38,2.55,1.43,1.19,2.48,2.74,4.0,2.19,3.67,2.55,1.3,2.81,3.57,4.43,1.48,1.2,1.62,1.05,1.0,1.0,1.0,1.14,1.0,1.9,1.05,1.0,4.1,3.85,3.6,1.6,3.74,4.9,4.24,1.16,1.0,3.4,1.3,3.4,1.05,1.05,1.0,2.6,1.62,1.25,1.0,1.29,1.2,3.21,4.45,1.95,2.4,1.43,4.4,4.05,1.0,1.0,2.43,2.86,3.1,Tax Preparers,0.99
132099,1.44,2.06,3.125,1.56,3.94,1.62,1.0,1.25,1.0,1.0,2.5,1.62,3.13,3.31,1.0,1.0,1.0,2.0,3.875,3.625,1.44,3.69,2.5,1.125,3.5,1.0,3.38,4.0,3.875,3.06,2.625,1.0,3.935,1.0,1.0,1.0,3.12,1.0,1.0,3.625,3.69,2.685,1.0,1.0,1.0,2.435,1.875,2.0,2.0,1.69,4.0,4.065,3.75,3.935,4.0600000000000005,2.94,3.69,3.06,4.0,1.44,3.875,3.81,2.85,2.23,1.345,1.51,1.3250000000000002,2.42,3.67,2.785,2.09,4.12,2.785,2.47,3.705,1.265,1.24,1.71,1.935,1.4449999999999998,2.97,4.095,1.365,1.445,2.46,1.345,1.39,2.11,2.445,2.085,2.165,1.97,2.04,1.525,1.7199999999999998,2.725,3.165,3.885,3.485,3.065,2.58,1.465,2.615,4.0600000000000005,4.855,1.36,1.425,1.2,1.345,1.16,1.14,1.14,1.22,1.02,2.31,1.31,1.06,4.305,3.965,3.89,2.145,4.03,4.4,3.25,1.645,1.145,4.13,1.58,3.92,1.48,1.42,1.375,2.78,2.605,1.33,1.105,1.16,1.27,2.78,4.609999999999999,2.045,2.125,1.46,4.52,3.895,1.42,1.24,3.375,4.235,3.55,Financial Specialists,0.33
152011,1.0,2.0,4.0,1.0,4.0,1.88,1.0,1.0,1.0,1.0,2.62,1.5,3.25,3.12,1.0,1.0,1.0,1.88,4.12,3.88,1.0,4.62,2.5,1.0,3.75,1.0,4.12,4.0,4.0,2.88,2.75,1.0,3.88,1.0,1.0,1.0,3.25,1.0,1.0,3.62,3.38,2.62,1.0,1.0,1.0,2.5,1.75,2.0,2.38,1.5,4.0,4.0,3.25,4.0,4.25,2.88,4.25,3.12,4.25,2.0,3.88,3.5,2.89,1.82,1.14,1.07,1.04,2.11,3.96,2.25,1.5,3.78,2.36,1.75,3.7,1.07,1.04,1.04,1.54,1.29,3.0,4.93,1.07,1.79,2.33,1.32,1.07,1.68,1.71,1.5,2.32,1.61,1.71,1.14,1.25,2.21,2.37,3.79,2.81,2.43,1.67,1.11,2.26,3.86,5.0,1.04,1.0,1.0,1.04,1.0,1.0,1.0,1.04,1.0,1.64,1.04,1.0,4.6,3.86,3.08,1.57,3.96,4.43,3.22,1.0,1.0,5.0,1.0,3.62,1.0,1.0,1.11,2.7,2.21,1.04,1.0,1.04,1.0,2.15,4.93,1.59,1.79,1.33,4.48,3.46,1.0,1.0,3.04,4.19,3.85,Actuaries,0.21
152021,1.0,1.62,3.88,1.0,4.0,1.38,1.0,1.0,1.0,1.0,2.0,1.5,3.25,3.75,1.0,1.0,1.0,1.62,3.88,3.88,1.0,5.0,2.88,1.0,3.62,1.0,4.62,4.12,4.12,3.75,2.88,1.0,3.75,1.0,1.0,1.0,3.12,1.0,1.12,3.12,3.0,2.88,1.0,1.0,1.0,1.88,1.75,1.88,2.75,1.25,4.12,4.12,4.0,3.38,4.12,3.25,5.0,3.0,4.0,3.62,3.25,3.62,2.05,2.0,1.75,1.0,1.63,2.15,3.5,1.95,2.05,1.8,3.7,2.9,3.3,1.21,1.0,1.9,1.6,1.6,1.6,4.85,1.5,1.37,1.7,1.55,3.0,1.35,1.4,1.35,1.5,1.45,1.55,1.5,1.4,1.9,2.26,3.35,2.35,2.0,2.05,1.25,1.74,4.35,4.55,1.3,1.1,1.32,1.05,1.1,1.05,1.05,1.05,1.0,1.9,1.05,1.0,4.26,4.5,2.25,1.75,2.7,4.3,2.1,1.15,1.0,3.65,1.2,3.8,1.1,1.2,1.3,2.5,2.95,1.3,1.05,1.15,1.1,2.0,3.89,2.1,1.65,1.6,2.89,3.15,1.0,1.0,2.47,3.39,2.95,Mathematicians,0.047
152031,1.0,1.75,3.62,1.0,4.12,1.25,1.0,1.0,1.0,1.0,2.75,1.38,3.12,3.62,1.0,1.0,1.0,1.62,4.12,3.88,1.0,4.5,2.88,1.0,3.75,1.0,4.0,4.0,4.0,3.62,2.75,1.0,4.0,1.0,1.0,1.0,3.0,1.0,1.0,3.25,3.12,2.5,1.0,1.0,1.0,2.0,1.75,1.75,2.12,1.38,4.0,4.0,3.88,4.0,4.0,3.0,4.5,2.88,4.0,3.25,4.0,4.0,2.81,1.55,1.24,1.29,1.38,2.14,4.1,2.52,3.1,2.62,3.05,3.95,3.57,1.05,1.33,1.38,1.71,1.24,2.1,4.71,1.62,1.0,2.29,1.24,1.81,3.71,1.76,2.0,2.0,1.86,1.71,1.19,2.05,2.29,2.35,3.62,3.43,2.38,1.81,1.24,2.29,4.05,4.81,1.14,1.2,1.1,1.19,1.1,1.14,1.1,1.05,1.1,1.62,1.19,1.0,4.29,3.76,2.9,2.14,3.57,4.24,2.1,1.33,1.14,4.86,1.67,3.65,1.38,1.38,1.33,2.33,2.52,1.05,1.05,1.05,1.15,1.65,4.43,1.9,1.6,1.38,4.1,3.57,1.43,1.3,2.95,4.33,3.1,Operations Research Analyst,0.035
152041,1.25,1.75,3.62,1.19,4.0,1.62,1.0,1.0,1.0,1.0,2.685,1.685,3.0,3.5,1.0,1.0,1.0,1.75,4.125,3.815,1.25,4.5,2.815,1.0,3.81,1.0,4.065,4.0,4.0600000000000005,3.125,2.88,1.0,3.565,1.0,1.0,1.0,2.88,1.0,1.0,3.75,3.435,2.94,1.0,1.0,1.06,1.94,1.75,1.81,2.81,1.5,4.12,3.94,3.875,3.88,4.0,3.25,4.75,3.0,4.0,3.75,3.94,3.815,2.655,2.355,2.655,1.19,1.615,2.21,3.945,2.51,1.79,1.97,2.835,2.145,3.89,1.13,1.23,1.29,1.68,1.2,1.955,4.67,1.275,2.52,2.12,1.265,1.615,1.855,2.1,1.655,1.7999999999999998,1.715,1.64,1.36,1.16,2.47,2.425,3.545,3.265,2.495,2.16,1.115,2.01,4.13,4.855,1.07,1.025,1.0950000000000002,1.045,1.02,1.02,1.02,1.02,1.02,2.215,1.09,1.0,4.29,4.225,3.03,1.87,3.3,4.425,2.805,1.13,1.025,4.26,1.24,3.225,1.0950000000000002,1.09,1.165,2.635,2.655,1.13,1.04,1.04,1.045,2.49,4.585,1.91,2.23,1.4,4.18,3.335,1.135,1.09,3.1,4.4,3.21,Statisticians,0.22
171011,2.0,2.12,4.0,2.0,4.0,2.5,1.0,1.12,1.0,1.0,3.62,2.25,3.62,4.0,1.0,1.0,1.0,1.75,4.0,4.0,2.0,3.25,2.88,1.75,3.88,1.0,3.38,4.0,4.0,4.0,3.25,1.12,4.0,1.0,1.0,1.0,3.12,1.0,2.25,3.5,3.5,3.0,1.0,1.0,1.0,2.75,1.5,2.88,4.12,1.5,4.0,4.0,3.62,3.88,4.0,3.25,3.5,3.75,4.0,2.88,4.0,3.88,3.86,2.95,1.62,4.81,1.86,2.57,4.0,3.81,4.9,3.24,3.05,4.05,3.95,3.19,1.38,1.62,2.95,2.9,3.45,3.38,3.38,1.24,3.0,2.05,3.05,3.05,2.7,4.1,3.24,2.52,2.4,1.42,2.33,2.95,3.2,4.57,4.1,3.62,2.75,1.35,2.05,3.86,4.95,1.85,1.57,1.05,1.76,1.35,1.57,2.29,1.3,1.0,2.86,2.21,1.2,4.6,3.86,3.4,2.67,3.48,3.95,3.1,2.6,1.0,4.3,2.43,4.1,2.65,2.48,1.16,3.15,2.71,1.4,1.86,1.22,1.62,3.1,4.4,2.05,2.75,1.95,4.9,3.62,2.45,1.33,3.75,4.58,3.65,"Architects, Except Landscape and Naval",0.018
171012,2.12,2.0,3.88,2.0,4.0,2.0,1.0,1.0,1.0,1.0,3.12,2.12,2.88,4.0,1.0,1.0,1.0,1.88,4.0,3.5,2.0,3.0,2.38,1.62,3.88,1.0,3.0,4.25,4.25,4.12,2.38,1.0,3.88,1.0,1.0,1.0,2.88,1.0,1.75,3.88,3.88,2.12,1.0,1.0,1.0,2.75,1.88,3.12,4.12,1.62,4.12,4.0,3.5,4.12,3.88,2.88,3.12,3.12,4.12,2.75,4.12,3.62,3.25,2.7,3.32,4.05,1.95,2.9,3.45,3.65,4.7,2.26,2.75,3.75,3.75,2.5,1.45,1.75,3.9,2.75,3.15,3.05,2.5,1.15,2.55,1.9,2.35,1.85,2.58,3.4,2.95,2.68,2.16,1.32,3.0,2.65,2.4,4.05,3.89,3.65,2.6,1.21,2.05,3.75,5.0,1.5,1.2,1.05,1.6,1.2,1.3,1.25,1.5,1.05,1.75,2.15,1.05,4.47,3.7,3.3,2.6,3.45,3.95,2.3,2.5,1.15,4.7,2.47,3.4,2.9,2.1,1.1,2.95,2.45,1.15,1.05,1.15,1.25,2.1,4.25,2.2,2.55,1.95,4.6,3.85,2.15,1.05,3.6,4.42,3.8,"Landscape Architects, label 0",0.045
171021,2.88,2.25,3.12,2.75,3.5,2.25,1.0,1.5,1.0,1.5,3.25,2.88,3.38,3.0,1.0,1.0,1.0,1.75,3.62,3.25,2.25,3.0,2.5,1.25,3.88,1.0,2.88,3.88,3.5,3.0,3.0,1.0,3.12,1.0,1.12,1.12,3.0,1.0,1.38,3.12,3.12,2.75,1.0,1.0,1.0,2.62,2.0,2.88,3.25,1.38,4.0,3.5,3.25,3.38,3.5,2.88,2.88,3.12,4.0,1.88,3.12,3.5,2.65,2.44,1.38,1.99,1.02,2.37,4.22,2.92,3.36,1.44,2.75,2.84,3.54,1.01,1.0,1.34,4.51,1.62,2.6,3.33,1.57,1.0,2.21,1.13,1.68,2.47,1.49,2.1,1.55,1.38,2.06,1.25,2.24,2.58,2.5,4.2,4.06,4.24,2.12,1.18,2.68,3.97,4.87,2.11,1.45,1.0,1.97,1.16,1.16,1.15,1.35,1.0,3.07,1.81,1.02,4.58,4.09,3.37,1.78,3.74,4.87,3.51,2.22,1.12,4.96,1.52,2.73,2.02,1.21,1.0,3.15,2.26,1.75,1.19,1.06,1.56,3.5,4.83,1.83,4.12,1.4,4.67,3.97,1.33,1.04,3.14,4.43,3.18,Cartographers and Photogrammetrists,0.88
171022,2.875,1.94,3.435,2.875,3.94,2.625,1.0,1.81,1.435,2.13,3.31,2.81,3.56,3.06,2.06,1.875,1.75,1.88,3.94,3.81,2.63,4.0,2.81,2.625,3.88,1.56,3.815,3.875,3.875,2.88,3.06,1.88,3.56,1.75,2.06,1.75,3.0,1.62,2.56,3.37,3.31,3.0,1.435,2.0,2.06,2.75,2.31,2.75,3.185,1.875,4.0,3.94,3.315,3.69,3.815,3.06,4.0600000000000005,3.19,3.94,2.87,3.5,3.685,3.1950000000000003,2.735,1.36,2.99,1.39,2.045,3.86,3.39,3.425,2.4450000000000003,3.27,4.105,3.585,1.075,1.045,1.255,3.945,2.145,3.13,4.74,2.255,1.15,2.755,1.24,2.95,2.64,1.64,2.8,2.585,1.39,2.3200000000000003,1.22,2.415,2.545,2.875,4.08,3.485,3.535,2.54,1.51,2.575,3.75,4.965,2.405,1.965,1.135,2.6950000000000003,1.74,2.865,1.89,2.895,1.1800000000000002,3.03,3.165,1.44,4.44,4.0600000000000005,3.64,3.485,3.685,4.82,3.475,3.605,1.81,3.87,3.125,2.87,4.105,2.155,1.735,3.155,2.41,2.175,1.46,1.805,1.97,2.555,3.0700000000000003,3.01,3.61,2.775,4.605,3.765,3.3600000000000003,1.665,3.41,4.13,3.765,"Surveyors, label 1",0.38
172011,1.0,2.75,3.5,1.0,4.0,2.0,1.0,1.0,1.0,1.0,3.12,2.25,3.12,3.5,1.0,1.0,1.0,2.62,4.0,4.0,1.0,3.88,2.62,1.0,3.75,1.0,3.38,3.88,3.88,3.38,3.0,1.0,4.0,1.0,1.0,1.0,3.0,1.0,1.0,3.62,3.38,2.75,1.0,1.0,1.0,2.75,1.5,3.0,3.25,1.25,4.12,3.88,3.62,3.88,4.12,3.38,3.88,3.75,4.0,4.0,3.88,3.88,2.76,2.3,1.2,2.21,2.14,1.95,3.85,2.63,4.13,1.89,2.33,4.76,3.82,1.14,1.07,1.51,1.32,1.09,2.15,4.25,3.39,1.0,2.11,1.12,4.03,3.27,1.32,2.16,1.79,1.28,1.87,1.02,2.77,2.97,2.76,4.24,3.9,3.43,2.41,1.07,1.55,4.07,5.0,2.12,1.41,1.0,1.4,1.82,2.28,1.36,1.31,1.0,3.1,1.53,1.03,4.92,4.35,2.98,2.41,3.42,4.0,2.34,1.82,1.01,4.79,2.69,2.82,1.56,1.76,1.31,2.99,2.41,1.27,1.25,1.0,1.36,2.06,4.25,1.95,1.89,1.72,4.4,3.56,3.36,1.18,3.31,4.47,2.85,Aerospace Engineers,0.017
172021,2.0,2.62,3.75,2.25,4.0,2.12,1.0,1.5,1.38,1.75,3.0,2.0,3.0,3.5,1.62,1.5,1.5,2.62,4.0,3.75,1.88,3.38,2.25,2.0,3.62,1.5,3.25,4.0,4.0,3.38,2.88,1.88,3.88,1.88,2.0,1.88,3.0,1.75,2.0,3.62,3.5,2.25,1.0,1.5,1.88,2.88,1.88,2.75,3.62,1.5,4.0,4.0,3.25,4.0,3.88,2.88,3.75,3.25,4.0,3.38,4.0,4.0,3.15,2.65,4.1,3.35,3.6,2.65,4.5,3.11,4.35,2.58,3.1,4.85,3.85,1.15,3.63,1.9,3.15,1.45,2.75,4.25,3.9,1.2,2.45,1.4,4.25,3.55,1.75,3.1,1.95,1.85,2.7,1.15,2.4,2.6,3.05,3.75,3.5,3.25,2.3,1.25,1.95,3.95,5.0,2.65,2.25,1.45,2.4,2.25,2.7,1.95,2.15,1.3,3.05,2.9,1.65,4.3,4.0,2.95,3.5,3.5,4.15,2.75,3.55,2.75,4.5,3.35,3.05,3.5,3.4,2.05,2.85,2.3,1.8,1.75,1.53,1.65,2.0,3.68,2.5,2.35,1.9,4.2,3.4,3.1,2.05,3.3,4.15,3.55,Agricultural Engineers,0.49
172031,2.62,2.12,3.62,2.12,4.0,2.12,1.0,1.0,1.0,1.62,2.88,2.12,3.38,3.75,1.0,1.0,1.0,1.88,4.12,3.88,2.12,3.75,2.75,1.38,3.88,1.0,3.38,4.0,4.0,3.62,3.0,1.12,4.0,1.25,1.25,1.12,3.12,1.0,1.12,3.38,3.5,2.75,1.0,1.0,1.12,2.62,1.62,2.75,3.5,1.75,4.0,4.0,3.75,4.0,3.88,3.25,3.88,3.75,4.0,3.88,4.0,4.0,3.13,2.35,3.82,1.64,3.17,2.26,4.48,2.3,3.95,2.09,3.65,4.57,3.78,1.43,1.43,1.74,1.78,1.27,2.3,4.43,2.91,3.74,2.7,1.52,3.95,2.65,2.3,2.78,1.96,2.0,2.57,2.04,1.61,2.35,2.61,3.78,3.39,2.83,2.22,1.22,2.35,4.0,4.87,1.61,1.35,2.09,1.26,1.74,1.65,1.3,1.48,1.7,2.39,1.3,1.17,4.3,4.0,2.78,3.3,3.48,4.35,2.43,1.48,1.17,4.57,1.57,3.61,1.35,1.39,1.74,2.83,2.52,1.43,1.22,1.22,1.26,2.26,4.0,2.17,3.0,1.7,3.91,3.48,2.57,2.0,3.22,4.39,3.39,Biomedical Engineers,0.037
172041,1.88,2.62,4.0,1.75,4.0,2.0,1.0,1.0,1.0,1.0,3.0,1.62,3.5,3.5,1.0,1.0,1.0,2.0,4.0,4.0,1.12,3.88,2.62,1.0,3.75,1.0,3.62,4.0,4.0,3.5,3.12,1.0,4.0,1.5,1.75,1.0,3.0,1.0,1.0,3.12,3.12,3.0,1.0,1.0,1.0,2.5,1.88,2.88,3.12,1.75,4.0,3.25,3.88,3.25,4.12,2.88,3.75,3.12,4.0,4.12,3.5,3.12,2.83,1.91,1.96,2.61,4.65,2.04,3.17,2.17,4.0,2.57,2.7,4.78,3.74,1.04,1.52,1.35,1.52,1.17,2.3,4.26,3.05,1.09,1.87,1.09,3.96,3.95,1.48,2.78,1.91,1.26,1.65,1.09,1.7,2.48,3.96,3.96,3.22,2.43,2.04,1.17,2.35,4.0,5.0,2.7,1.65,1.0,1.61,2.78,2.39,1.87,1.39,1.17,2.74,2.3,1.13,4.83,4.04,3.3,4.13,3.87,4.04,2.48,2.0,1.26,4.78,2.96,3.39,2.87,2.59,1.3,2.74,2.22,1.57,1.64,1.35,1.52,1.86,4.0,2.05,1.91,2.0,4.52,3.57,3.65,2.3,2.91,4.35,3.39,Chemical Engineers,0.017
172051,1.1266666666666667,2.286666666666666,3.8333333333333335,1.58,4.0,2.1666666666666665,1.0,1.0,1.0,1.0,3.33,1.83,3.33,3.793333333333333,1.0833333333333333,1.0,1.0,2.1666666666666665,4.0,3.92,1.1666666666666667,3.88,2.583333333333333,1.42,3.75,1.0,3.793333333333333,4.0,4.0,3.373333333333333,3.1666666666666665,1.0,3.96,1.0,1.0,1.0,3.0400000000000005,1.0,1.6666666666666667,3.5400000000000005,3.5400000000000005,2.793333333333333,1.0,1.0,1.0,2.6666666666666665,1.586666666666667,2.4533333333333336,3.75,1.4166666666666667,4.0,4.0,3.25,3.8766666666666665,3.96,3.0400000000000005,3.88,3.373333333333333,3.96,3.4166666666666665,3.8766666666666665,3.75,3.563333333333333,2.6166666666666667,2.22,4.196666666666666,2.676666666666667,2.286666666666666,3.2433333333333336,3.453333333333333,4.65,2.83,2.6933333333333334,4.756666666666667,3.986666666666667,1.06,1.09,1.3633333333333333,2.52,1.58,3.293333333333333,4.293333333333333,2.8466666666666662,1.15,2.583333333333333,1.3066666666666666,3.6366666666666663,2.376666666666667,1.89,3.1566666666666667,2.8433333333333337,1.5066666666666666,1.8133333333333328,1.153333333333333,3.2,2.9233333333333333,3.023333333333333,4.21,3.6666666666666665,3.65,2.3000000000000003,1.23,2.143333333333333,3.8966666666666665,4.986666666666667,2.01,1.5166666666666666,1.3099999999999998,1.8666666666666665,1.5766666666666669,2.09,1.903333333333333,1.5633333333333332,1.11,2.563333333333333,2.303333333333333,1.1833333333333331,4.723333333333334,3.9066666666666663,3.6,3.1300000000000003,3.8,4.17,2.783333333333333,2.966666666666667,1.3266666666666669,4.4,2.473333333333333,3.373333333333333,2.8433333333333333,2.03,1.2666666666666666,2.86,2.49,1.4366666666666668,1.4733333333333334,1.2166666666666666,1.4166666666666667,2.313333333333333,4.1933333333333325,2.106666666666667,1.9933333333333332,1.913333333333333,4.833333333333333,3.81,2.83,1.653333333333333,3.563333333333333,4.41,3.773333333333333,"Civil Engineers, label 0",0.019
172061,2.12,2.0,3.5,2.12,4.0,1.88,1.0,1.0,1.0,1.38,2.5,2.62,3.12,3.25,1.0,1.0,1.0,1.88,4.0,4.0,2.25,3.12,2.75,1.0,3.62,1.0,3.12,4.0,4.0,3.5,2.88,1.0,3.88,1.0,1.0,1.0,2.88,1.12,1.0,3.38,3.25,2.12,1.0,1.0,1.0,2.12,1.5,2.5,3.25,1.5,4.0,3.75,3.75,3.88,4.0,2.88,3.25,3.12,4.0,2.88,3.88,3.88,2.72,2.31,1.41,1.24,2.03,2.38,4.71,2.21,4.14,1.9,2.9,4.66,3.79,1.1,1.07,1.48,1.31,1.17,2.25,4.14,2.07,1.38,2.14,1.24,3.43,2.83,1.71,2.28,2.04,1.31,3.1,1.25,1.52,2.55,2.64,3.97,3.52,2.62,1.93,1.03,2.71,4.03,4.9,1.44,1.26,1.04,1.25,1.43,1.21,1.07,1.3,1.1,2.25,1.3,1.04,4.46,4.24,2.57,2.69,3.31,4.41,3.11,1.56,1.15,4.43,1.52,3.93,1.37,1.3,1.32,2.78,2.34,1.32,1.07,1.25,1.28,2.38,4.5,2.07,2.48,1.59,4.14,3.66,1.75,1.14,3.11,4.36,3.14,Computer Hardware Engineers,0.22
172071,2.0,2.12,3.88,2.12,4.0,2.0,1.0,1.5,1.0,1.38,3.0,2.12,3.0,3.25,1.0,1.0,1.0,2.12,4.0,3.88,2.12,3.5,2.75,1.0,3.75,1.0,3.38,4.0,4.0,3.25,3.12,1.12,4.0,1.0,1.12,1.0,3.12,1.12,1.12,3.25,3.62,2.12,1.0,1.0,1.0,2.88,1.75,2.75,3.12,1.62,4.12,4.12,3.88,3.88,4.0,3.0,3.38,3.5,4.0,3.0,3.88,4.12,2.89,2.9,1.15,2.3,2.36,2.42,4.67,3.1,4.11,2.31,2.87,4.74,3.77,1.1,1.33,1.56,1.8,1.3,2.37,3.72,3.19,1.29,2.29,1.37,3.58,3.25,1.75,3.18,2.2,1.42,2.61,1.28,2.12,3.23,3.03,4.34,3.68,3.1,2.59,1.29,2.18,4.59,4.87,1.82,2.01,1.0,2.01,2.24,2.18,1.81,1.83,1.09,2.94,2.39,1.16,4.7,4.47,4.14,3.11,4.0,4.54,3.78,2.31,1.6,4.7,2.43,3.33,2.21,1.86,2.33,3.21,2.26,1.88,1.72,1.39,1.77,2.71,4.06,2.38,2.96,2.2,4.8,3.92,3.2,1.57,3.74,4.3,2.98,"Electrical Engineers, label 0",0.1
172072,2.56,2.0,3.375,2.375,4.0,1.88,1.0,1.125,1.0,1.815,2.685,2.625,2.935,3.375,1.0,1.0,1.06,2.37,3.94,3.875,2.5,3.315,2.435,1.435,3.875,1.0,3.065,4.0,3.875,3.19,2.69,1.0,3.94,1.685,1.75,1.31,2.88,1.0,1.06,3.37,3.435,2.56,1.06,1.125,1.31,2.5,2.0,2.63,3.13,2.0,3.94,3.63,3.12,3.75,3.94,2.81,3.06,3.25,3.81,2.5,3.815,3.375,3.085,2.285,1.425,2.115,2.09,2.275,4.675,3.105,4.02,2.08,3.275,4.654999999999999,3.985,1.235,1.11,1.6,1.71,1.245,2.365,3.785,2.8150000000000004,1.395,2.19,1.28,2.975,2.915,1.78,2.33,2.58,1.46,2.945,1.455,1.91,2.605,2.7,4.03,3.53,2.94,2.175,1.045,1.65,4.2,4.795,1.7200000000000002,1.68,1.12,1.225,1.73,1.635,1.4,1.4500000000000002,1.37,2.33,1.175,1.01,4.58,4.44,3.14,2.27,3.665,4.235,2.825,1.815,1.015,4.46,2.225,2.86,1.33,1.28,1.51,2.92,2.29,1.38,1.28,1.1749999999999998,1.5550000000000002,2.0,4.075,2.175,2.46,1.655,4.09,3.5250000000000004,2.35,1.185,3.1,4.35,2.84,"Electronics Engineers, Except Computer",0.025
172081,1.0,1.75,3.12,1.0,4.0,1.75,1.0,1.0,1.0,1.0,2.88,1.38,3.12,3.75,1.0,1.0,1.0,1.62,4.0,3.62,1.0,3.12,3.0,1.0,3.62,1.0,3.25,4.0,4.0,3.62,3.0,1.0,4.0,1.0,1.0,1.0,3.0,1.0,1.12,3.62,3.62,2.88,1.0,1.0,1.0,2.75,1.88,2.5,3.0,1.75,4.0,4.0,3.75,4.0,4.0,3.0,3.38,4.0,4.0,3.38,4.0,4.0,3.29,2.43,3.62,3.86,4.05,2.45,3.6,3.62,4.62,3.1,3.0,4.95,3.81,1.1,1.33,1.35,2.62,1.5,3.4,4.0,3.33,1.4,2.65,1.14,3.76,2.38,1.95,3.05,2.9,1.71,2.38,1.19,2.19,2.62,3.2,4.05,3.65,4.0,2.45,1.29,2.11,4.05,4.95,2.7,1.75,1.65,2.05,2.0,2.14,1.71,1.8,1.24,2.86,2.7,1.2,4.42,3.81,3.16,4.05,3.86,4.05,2.75,2.86,2.0,4.3,3.14,3.5,3.2,2.81,1.47,2.95,2.57,1.47,1.62,1.6,1.57,1.95,3.95,2.4,2.2,2.15,4.89,3.81,3.15,2.14,3.63,4.4,3.79,Environmental Engineers,0.018
172111,1.31,2.44,3.69,1.625,4.0600000000000005,2.12,1.06,1.25,1.31,1.435,3.44,1.5,3.565,3.5,1.44,1.37,1.5,2.435,4.12,3.63,1.0,2.935,2.5,1.565,3.75,1.44,2.81,4.0,3.94,3.315,3.06,1.44,4.13,1.31,1.44,1.44,3.13,1.44,1.875,3.75,3.56,2.875,1.06,1.37,1.375,2.625,1.88,3.0,3.13,1.88,3.94,3.81,3.565,3.815,4.0,3.185,3.0,3.25,4.0,3.06,3.81,3.815,3.48,2.895,2.38,3.81,3.575,2.545,3.22,3.71,3.93,2.41,3.46,4.359999999999999,4.005,1.24,1.53,1.775,2.105,1.71,3.55,3.805,3.54,1.72,2.775,1.545,3.555,2.785,2.705,3.925,2.64,2.12,2.3200000000000003,1.705,2.365,2.845,3.12,4.245,3.595,3.595,2.55,1.25,1.87,4.02,4.925,2.415,1.99,1.365,2.195,2.355,2.3200000000000003,2.28,1.905,1.275,2.6950000000000003,2.44,1.4,4.515000000000001,4.145,3.655,3.73,3.98,4.06,2.6,2.915,1.64,4.12,3.17,3.2,2.84,2.525,1.4249999999999998,2.855,2.75,1.88,1.875,1.5950000000000002,1.845,1.865,3.57,2.555,2.125,2.22,4.68,3.725,3.37,2.12,3.27,4.18,3.885,"Health and Safety Engineers, Except Mining Safety Engineers and Inspectors",0.028
172112,2.0,2.4675,3.72,1.905,4.03,2.095,1.03,1.345,1.22,1.4075,3.0625,1.9075,3.155,3.4675,1.0,1.345,1.3125,2.3125,4.0,3.7825,1.4375,3.405,2.435,1.8125,3.75,1.06,3.31,4.0,3.97,3.3725,2.9675,1.03,3.94,1.6575,1.7175,1.53,3.095,1.0625,1.47,3.4675,3.4375,2.5925,1.03,1.44,1.47,2.5625,1.935,2.595,3.28,1.8725,4.0,3.935,3.4675,3.94,3.9375,3.0625,3.4675,3.66,4.03,3.06,3.94,3.875,3.2075,2.745,1.91,2.1675,2.47,2.3475,3.4325,3.2775,3.8825,2.3325,3.3475,4.2225,3.87,1.16,1.3525,1.4925,1.5675,1.3,2.645,3.7625,3.5700000000000003,1.7275,2.535,1.3975,3.03,3.9625,2.7025,2.7875,2.2075,1.87,2.115,1.52,2.2075,3.0175,3.02,4.202500000000001,3.7175,3.2425,2.6725,1.28,2.0875,4.265,4.9425,2.465,1.8825,1.26,1.92,1.88,2.3925,1.5475,1.6,1.225,2.9975,2.01,1.27,4.755,4.26,3.335,3.4975,3.63,4.21,3.0025,1.94,1.3125,4.4675,2.725,3.145,1.875,1.8025,1.745,3.265,2.7975,1.6575,1.3375,1.2775,1.6075,2.0525,3.5825,2.5325,2.3475,2.17,4.595,3.74,3.59,1.7275,3.305,4.3575,3.4,Industrial Engineers,0.029
172121,2.5,2.62,3.75,2.62,4.25,2.5,1.12,2.0,1.88,2.38,3.38,2.5,3.5,3.5,2.0,2.12,2.38,2.5,4.0,4.0,2.38,3.75,2.75,2.12,3.62,1.75,3.25,4.0,4.0,3.62,3.0,1.88,4.0,1.88,2.38,2.12,3.25,2.0,2.38,3.62,3.38,3.12,1.12,2.12,2.12,2.75,2.5,3.0,3.75,2.38,4.0,4.0,3.5,3.75,4.12,2.88,3.62,3.38,3.88,3.5,3.75,3.75,3.16,2.58,1.84,3.56,2.84,1.89,3.53,3.26,4.05,2.68,3.28,4.32,4.0,1.22,1.21,1.89,1.74,1.22,2.56,3.58,4.16,1.32,2.37,1.17,3.58,2.58,1.58,2.83,2.21,1.37,2.11,1.5,3.67,2.35,3.71,3.95,3.5,3.28,2.12,1.24,1.89,4.11,4.74,2.89,3.28,1.28,2.89,2.67,3.0,2.71,1.94,1.56,3.28,2.89,1.5,4.67,3.78,3.11,3.22,4.06,4.33,3.33,2.59,1.94,3.89,3.33,2.94,3.42,3.32,1.72,3.22,2.21,2.5,2.33,2.06,2.39,2.61,3.44,2.83,3.11,2.17,4.47,3.67,3.61,2.33,2.94,3.71,3.22,Marine Engineers and Naval Architects,0.01
172131,2.38,2.12,4.0,2.38,4.0,2.12,1.0,1.0,1.0,1.5,2.88,2.75,3.25,3.5,1.0,1.0,1.0,2.12,4.0,3.75,2.38,3.75,2.12,1.75,3.75,1.0,3.12,4.0,4.0,3.38,3.25,1.0,3.88,2.0,2.0,1.5,3.12,1.0,1.12,3.25,3.25,2.62,1.0,1.0,1.0,2.25,1.38,3.0,3.25,2.0,4.0,3.88,3.25,4.0,3.88,3.0,3.75,3.12,4.0,4.0,3.75,3.75,3.0,2.52,1.95,2.19,4.25,2.29,3.38,3.1,3.62,2.24,2.86,4.29,3.86,1.29,1.19,1.9,1.48,1.33,2.14,4.1,3.1,1.67,2.6,1.48,4.19,4.1,1.76,2.38,2.48,1.29,1.65,1.19,1.71,2.71,2.76,3.86,3.52,3.05,2.14,1.1,2.28,4.14,5.0,2.75,1.76,1.1,1.76,2.9,2.86,1.19,1.9,1.67,2.71,1.71,1.05,4.67,4.19,2.9,3.71,3.45,4.1,2.19,1.57,1.24,4.52,2.48,3.48,1.67,1.76,1.86,2.86,2.81,1.62,1.38,1.29,1.52,1.86,3.6,2.57,2.52,1.9,4.19,3.52,4.25,2.1,3.67,4.43,3.33,Materials Engineers,0.021
172141,2.25,2.2466666666666666,3.6233333333333335,2.21,4.0,2.083333333333333,1.0,1.0,1.0,1.2533333333333332,2.9599999999999995,2.4166666666666665,3.17,3.6666666666666665,1.3333333333333333,1.0,1.0,2.25,4.0,3.793333333333333,1.83,3.88,2.833333333333333,1.54,3.793333333333333,1.3333333333333333,3.5400000000000005,4.0,4.0,3.5866666666666664,2.9599999999999995,1.413333333333333,4.0,1.6666666666666667,1.7933333333333332,1.5833333333333333,3.1266666666666665,1.4166666666666667,1.5833333333333333,3.333333333333333,3.4166666666666665,2.8766666666666665,1.1666666666666667,1.0,1.0,2.54,1.6233333333333333,2.793333333333333,3.5,1.71,4.0,3.8333333333333335,3.5,3.75,4.0,2.9599999999999995,3.71,3.33,3.96,3.583333333333333,3.67,3.67,3.09,2.58,1.5200000000000002,2.1933333333333334,3.1933333333333334,2.1866666666666665,3.6533333333333338,2.6,4.073333333333333,2.32,2.84,4.603333333333333,3.633333333333333,1.14,1.1266666666666667,1.663333333333333,1.63,1.2633333333333334,2.27,4.023333333333333,3.94,1.29,2.31,1.3066666666666666,3.79,3.6533333333333338,1.6833333333333331,2.8166666666666664,2.1333333333333333,1.5266666666666666,2.183333333333333,1.22,2.66,2.6166666666666667,2.9466666666666668,4.15,3.436666666666667,2.95,2.04,1.1666666666666667,2.1733333333333333,4.086666666666667,4.983333333333333,2.123333333333333,1.7300000000000002,1.1466666666666667,1.4733333333333334,2.38,2.28,1.3633333333333333,1.4400000000000002,1.0,2.466666666666667,1.7633333333333334,1.2533333333333332,4.583333333333333,4.006666666666667,2.9966666666666666,3.4266666666666663,3.3166666666666664,4.226666666666667,2.59,2.123333333333333,1.336666666666667,4.596666666666667,2.1933333333333334,3.483333333333333,1.9,1.9466666666666663,1.7833333333333332,3.033333333333333,2.773333333333333,1.6266666666666667,1.35,1.3066666666666666,1.6466666666666667,1.9366666666666668,3.693333333333333,2.466666666666667,2.34,2.0900000000000003,4.45,3.606666666666667,3.64,1.62,3.4433333333333334,4.533333333333334,2.8200000000000003,Mechanical Engineers,0.011
172151,1.12,2.12,4.0,1.38,4.0,2.12,1.0,1.0,1.0,1.0,3.12,1.75,3.62,3.75,1.5,1.0,1.0,2.25,4.0,4.0,1.0,3.88,2.75,1.38,3.75,1.12,3.38,4.0,4.0,3.5,3.12,1.0,4.0,1.0,2.0,1.12,3.38,1.12,1.88,3.88,3.88,3.0,1.0,1.0,1.0,2.5,1.88,2.75,3.38,1.75,4.0,4.0,3.5,3.88,4.0,3.12,3.75,3.75,4.0,3.5,4.0,4.0,3.37,3.28,1.78,2.9,2.65,1.93,3.13,2.55,3.56,3.2,2.77,4.47,3.57,1.0,1.0,1.3,2.88,1.6,2.75,4.44,2.38,1.19,2.55,1.04,3.25,3.56,1.96,2.75,1.96,1.2,1.78,1.2,2.66,2.7,2.92,3.95,3.67,2.63,2.51,1.18,1.79,4.16,4.93,3.22,2.24,1.26,2.84,2.19,3.06,2.15,2.13,1.29,3.34,2.73,1.45,4.79,4.17,3.65,3.2,3.86,4.08,3.47,3.26,1.71,4.2,3.21,3.15,2.87,2.13,1.69,2.91,2.12,1.66,1.43,1.47,1.51,2.29,3.71,2.45,2.22,2.21,4.3,3.57,3.5,1.7,3.4,4.22,4.0,"Mining and Geological Engineers, Including Mining Safety Engineers",0.14
172161,2.0,2.5,4.0,1.88,4.0,2.0,1.0,1.0,1.0,1.0,3.0,1.62,3.5,3.75,1.0,1.0,1.0,2.5,4.0,4.0,1.5,4.0,2.62,1.0,3.88,1.0,3.75,3.75,4.0,3.38,3.25,1.0,4.62,1.12,1.75,1.0,3.12,1.0,1.0,3.62,3.5,2.88,1.0,1.0,1.0,2.75,1.75,2.62,3.12,1.38,4.0,4.12,3.88,4.0,4.12,3.0,4.0,4.0,4.0,4.12,3.75,4.0,3.33,2.14,2.76,3.0,3.86,2.1,3.67,2.24,3.67,2.19,3.4,4.57,4.05,1.1,1.19,1.52,1.95,1.57,3.21,4.4,3.48,1.5,2.48,1.29,4.55,2.76,2.19,3.95,1.81,1.71,2.05,1.38,2.0,2.6,3.65,3.67,3.37,2.43,2.21,1.33,1.7,3.67,4.9,2.4,1.81,1.17,2.35,2.1,1.81,1.81,1.47,3.57,2.76,2.25,1.21,4.4,3.48,3.11,3.9,3.71,4.67,3.21,1.76,1.4,4.25,2.52,3.25,2.1,1.95,1.25,2.75,2.14,1.45,1.48,1.25,1.57,2.24,3.86,2.0,2.1,1.9,4.6,3.57,3.7,2.71,3.15,3.89,3.55,Nuclear Engineers,0.07
172171,1.0,2.0,3.88,1.75,4.0,2.0,1.0,1.0,1.0,1.0,2.88,2.12,3.0,3.75,1.0,1.0,1.0,2.38,4.0,3.75,1.0,3.25,2.62,1.5,3.62,1.0,3.12,4.0,4.0,3.38,3.0,1.0,4.0,1.0,1.12,1.0,3.12,1.0,1.12,3.5,3.5,2.75,1.0,1.0,1.0,2.88,1.38,2.62,3.25,1.12,4.0,4.0,3.75,3.88,4.0,3.0,3.25,3.75,4.0,3.38,3.88,3.88,3.35,3.19,1.79,1.69,3.39,2.17,3.51,2.63,3.14,3.2,2.33,4.4,3.15,1.0,1.05,1.69,2.22,1.13,3.14,4.12,2.81,1.05,2.13,1.13,3.52,2.03,1.46,2.37,2.17,1.18,2.0,1.05,2.03,2.83,2.76,4.54,4.27,3.21,2.01,1.21,1.94,4.53,4.98,2.46,1.39,1.01,1.73,1.95,2.13,1.34,1.25,1.14,2.2,2.12,1.02,4.99,3.92,3.91,3.59,4.0,3.82,2.87,2.94,1.43,4.28,2.11,3.5,2.21,1.7,1.53,2.15,2.52,1.26,1.22,1.26,1.21,2.01,4.22,2.16,2.27,1.97,4.79,3.67,2.72,1.18,3.81,4.89,3.18,Petroleum Engineers,0.16
172199,2.32625,2.25125,3.48625,2.39,3.97,2.23375,1.0,1.09375,1.31125,1.54625,2.9225,2.54625,3.235,3.5775,1.25125,1.09375,1.125,2.295,3.92375,3.74875,2.0775,3.6575,2.73625,1.89,3.64125,1.11,3.2825,3.90625,3.81625,3.51625,2.97125,1.11,3.84375,1.79875,1.76375,1.42125,3.0925,1.14,1.2825,3.43875,3.40625,2.7675,1.0625,1.125,1.46875,2.60875,1.825,2.78125,3.29625,1.765,3.98375,3.8,3.48375,3.7675,3.96875,3.0325,3.58,3.45375,3.9225,3.435,3.625,3.76875,2.9625,2.46625,1.76375,2.50125,2.71,2.19125,3.80375,2.78,4.025,2.39,2.6725,4.64,3.52625,1.0825,1.145,1.4725,1.68875,1.24,2.19625,4.13,3.54125,1.38375,2.22,1.23875,3.9225,2.99375,1.69875,2.63,2.2225,1.4,2.335,1.1725,1.73,2.64625,3.1175,4.00625,3.59625,3.165,2.2625,1.18375,2.1125,4.1175,4.905,2.06625,1.81375,1.1325,2.0825,2.33625,2.2475,1.68625,1.5225,1.27,2.7375,1.82375,1.12375,4.61875,4.1575,3.36625,3.28,3.64,4.26875,2.7062500000000003,2.08125,1.24125,4.53625,2.3675,3.3,2.025,1.77125,1.63625,2.9025,2.55625,1.61375,1.48,1.315,1.565,1.99875,3.73875,2.34125,2.50375,1.845,4.42375,3.54375,3.19875,1.9325,3.33125,4.34375,3.20625,"Engineers, All Other",0.014
173011,2.5,2.25,3.38,2.38,3.5,1.88,1.25,1.75,1.25,1.25,2.88,2.38,3.12,3.38,1.0,1.25,1.25,2.12,3.38,3.38,2.38,3.38,2.5,1.25,3.62,1.12,3.0,3.62,3.38,3.38,2.62,1.25,3.12,1.25,1.25,1.25,3.12,1.0,1.5,3.0,3.0,2.75,1.25,1.25,1.25,2.38,2.5,2.88,3.62,2.12,3.62,3.62,3.38,3.25,3.38,3.0,3.25,3.25,3.62,2.5,3.12,3.38,3.03,2.46,1.44,4.25,1.64,2.32,3.79,3.03,4.32,2.07,2.83,4.19,3.81,1.6,1.05,1.57,2.86,1.48,2.79,3.58,2.52,1.39,1.8,1.48,2.62,2.49,1.49,3.13,2.62,1.39,2.06,1.26,2.41,2.47,2.74,4.0,3.7,3.08,2.19,1.0,2.48,3.57,4.93,1.5,1.33,1.15,1.68,1.41,1.46,1.57,1.31,1.0,2.25,1.79,1.0,4.86,3.69,3.28,2.15,3.3,4.63,3.59,2.29,1.17,4.67,1.79,3.42,2.36,1.73,1.28,2.91,2.53,1.52,1.31,1.19,1.24,3.41,4.52,2.14,3.25,1.67,4.44,4.38,1.85,1.24,3.28,4.45,3.25,Architectural and Civil Drafters,0.52
173012,2.25,2.25,3.12,2.12,3.25,2.12,1.12,1.62,1.12,1.12,2.5,2.5,3.0,2.88,1.25,1.0,1.0,2.0,3.25,3.38,2.38,3.0,2.62,1.25,3.88,1.12,2.88,3.88,3.62,2.88,2.88,1.12,3.38,1.25,1.12,1.25,2.88,1.12,1.38,3.25,3.5,2.88,1.12,1.12,1.12,2.38,2.0,2.62,3.62,2.25,4.0,3.62,3.25,3.62,3.5,2.62,2.75,3.0,3.38,1.88,3.25,3.5,2.93,3.51,1.73,2.35,1.84,1.96,4.18,2.7,4.38,1.57,3.2,4.26,3.93,1.31,1.14,1.63,3.11,1.4,2.45,3.59,2.73,1.19,2.43,1.16,2.58,2.7,1.4,3.15,1.78,1.21,2.52,1.19,2.03,2.92,3.0,4.15,3.15,2.98,2.69,1.31,2.49,3.7,4.89,1.99,1.26,1.06,1.4,2.0,1.62,1.21,1.56,1.07,3.15,1.76,1.07,4.62,3.69,3.43,2.33,3.5,4.44,3.33,2.15,1.12,4.59,1.96,2.92,2.11,1.47,1.69,2.97,1.98,1.49,1.09,1.15,1.25,3.17,4.3,1.97,2.54,1.9,4.23,4.18,2.57,1.26,2.95,4.35,2.87,"Electrical and Electronics Drafters, label 1",0.81
173013,2.5,2.12,3.0,2.38,3.12,2.12,1.0,1.25,1.0,1.0,2.88,3.0,3.0,3.25,1.0,1.0,1.0,2.0,3.12,3.0,2.0,3.5,2.25,1.12,3.75,1.0,3.0,3.25,3.25,3.25,2.88,1.0,3.12,1.0,1.0,1.0,3.25,1.0,1.12,3.25,3.25,2.5,1.0,1.0,1.0,2.12,1.5,3.0,3.5,1.5,3.12,3.25,3.25,3.25,3.25,2.88,3.25,3.0,3.25,1.88,3.12,3.0,2.8,2.95,1.2,2.45,2.11,2.2,3.82,3.08,4.82,1.84,3.13,4.73,3.93,1.03,1.43,1.36,1.57,1.21,1.8,4.37,4.48,1.09,1.99,1.26,3.9,3.32,1.34,2.82,2.15,1.08,1.49,1.01,1.93,2.4,2.66,3.7,3.39,2.68,2.19,1.02,1.88,4.32,4.93,1.9,1.43,1.0,1.73,1.67,1.99,1.29,1.33,1.0,2.75,1.52,1.0,4.63,4.45,3.14,2.21,3.49,4.7,3.54,1.32,1.07,5.0,1.66,2.92,1.13,1.11,1.33,2.98,1.95,1.96,1.19,1.05,1.29,3.57,4.4,1.96,3.07,1.78,4.11,3.75,3.4,1.14,2.68,3.89,2.95,Mechanical Drafters,0.68
173021,3.0,2.88,3.12,3.12,3.88,2.62,1.0,2.0,1.38,2.38,2.88,3.0,3.38,3.0,1.75,1.38,1.75,2.88,3.88,3.88,3.0,3.0,2.75,2.62,3.88,1.0,3.0,4.0,4.0,2.88,3.25,1.0,3.88,2.0,2.12,1.75,3.12,1.12,1.12,3.12,3.12,2.62,1.0,1.25,2.0,2.88,2.0,2.75,3.25,2.0,4.0,3.75,3.0,3.62,3.88,2.88,3.0,3.12,3.75,3.12,3.62,3.12,2.96,3.36,1.1,1.03,2.41,1.82,3.33,3.7,2.51,1.82,3.03,4.28,3.39,1.0,1.0,1.12,1.11,1.0,1.97,3.93,4.49,1.01,2.13,1.08,3.34,3.79,1.69,2.66,1.74,1.19,2.58,1.19,2.46,2.8,3.78,4.02,3.88,3.69,2.35,1.05,1.79,3.69,4.67,3.13,3.35,1.0,2.63,3.84,2.89,2.05,2.57,1.16,3.64,1.95,1.25,4.69,4.06,4.29,3.53,4.35,4.96,3.35,2.01,1.26,4.91,1.97,3.42,1.72,1.49,1.66,3.09,1.72,2.9,1.72,1.92,2.41,2.61,3.12,2.94,4.11,2.05,4.51,4.47,4.41,2.17,3.2,4.48,2.34,Aerospace Engineering and Operations Technicians,0.48
173022,2.12,2.5,3.25,2.0,3.88,2.12,1.0,1.38,1.0,1.0,3.38,2.5,3.12,3.0,1.38,1.0,1.0,2.25,3.38,3.38,2.0,3.88,2.25,1.88,3.88,1.5,3.5,3.88,3.75,3.0,2.88,1.38,3.75,1.5,1.62,1.5,3.0,1.38,2.0,3.38,3.38,3.0,1.0,1.0,1.0,2.62,1.75,2.62,3.62,1.62,3.88,3.62,2.88,3.75,3.88,2.25,3.62,3.25,3.75,2.75,3.38,3.25,3.57,3.65,1.96,4.18,2.67,2.24,3.53,3.52,4.15,2.42,3.02,4.47,3.51,1.27,1.0,1.34,2.89,1.62,2.92,4.24,3.45,1.26,2.9,1.18,3.02,2.61,2.01,3.1,1.55,1.3,2.48,1.32,3.27,2.83,2.42,4.54,3.79,4.01,2.71,1.25,2.77,3.64,4.79,2.8,1.78,1.87,1.91,1.78,2.92,1.67,2.42,1.42,2.76,2.64,1.57,4.95,3.92,4.06,2.86,3.36,3.99,3.06,3.48,1.35,4.52,2.51,2.59,3.52,1.62,1.44,3.26,2.15,2.05,1.48,1.65,1.72,3.7,3.71,2.43,2.62,2.27,4.28,3.39,3.11,1.28,3.63,4.45,3.03,"Civil Engineering Technicians, label 1",0.75
173023,2.75,2.5,3.25,2.75,3.88,2.5,1.25,1.88,1.62,2.5,2.75,2.75,3.0,3.0,1.25,1.75,1.75,2.38,3.88,3.5,2.75,2.75,2.5,2.12,3.75,1.0,2.62,3.75,3.5,3.0,3.25,1.38,3.62,1.75,2.0,1.25,3.12,1.75,1.62,3.38,3.25,2.75,1.0,1.75,1.62,2.5,2.25,3.25,3.38,2.0,3.88,3.38,3.12,3.62,3.75,2.62,2.75,3.12,3.88,1.75,3.25,3.25,2.76,2.7,1.29,2.25,2.27,2.27,4.38,3.3,3.62,1.86,2.69,4.36,3.76,1.05,1.2,1.47,1.7,1.16,2.37,3.52,3.29,1.21,1.99,1.22,3.07,3.21,1.72,2.95,2.02,1.37,3.13,1.22,1.91,2.62,3.15,4.03,3.56,2.94,2.58,1.28,2.03,4.27,4.83,2.72,2.34,1.19,2.19,2.83,2.61,1.91,2.5,1.38,3.21,2.34,1.31,4.71,4.43,3.52,3.43,3.88,4.39,3.2,2.27,1.58,4.58,2.69,2.87,2.45,2.21,1.68,3.13,2.03,1.94,1.68,1.5,1.95,2.53,3.6,2.61,3.41,2.12,4.25,3.56,3.68,1.95,3.34,4.24,3.26,Electrical and Electronics Engineering Technicians,0.84
173024,3.625,2.81,3.12,3.81,3.935,2.685,1.06,2.0,1.685,2.185,3.25,3.815,3.185,3.06,1.94,2.06,1.88,2.75,3.875,3.815,3.625,3.0,2.875,2.875,3.94,1.685,2.875,3.69,3.5,3.0,3.375,1.88,3.815,2.62,3.0,2.44,3.37,2.0,2.06,3.31,3.06,3.06,1.815,2.065,2.5,2.875,2.435,3.44,3.435,2.25,3.625,3.185,3.12,3.435,3.75,2.94,2.94,3.435,3.565,2.75,3.185,3.185,2.175,2.405,1.2999999999999998,1.825,2.12,1.58,4.215,2.49,3.19,1.575,2.575,3.99,3.345,1.07,1.18,1.475,1.34,1.105,1.755,3.315,3.735,1.13,1.59,1.18,2.94,3.225,1.405,2.625,1.4249999999999998,1.185,2.83,1.16,1.67,2.935,3.89,4.109999999999999,3.455,2.775,2.75,1.42,2.825,3.77,4.545,3.5,2.955,1.48,2.605,3.395,3.345,2.165,2.72,1.465,3.83,2.48,1.24,4.735,3.89,3.59,3.76,3.65,4.605,3.29,2.52,1.815,4.275,3.395,3.52,2.495,2.22,2.27,3.27,2.0700000000000003,2.345,1.755,1.755,2.3,2.57,3.03,3.035,4.05,2.51,4.195,4.015,4.38,2.27,3.4,4.22,3.13,Electro-Mechanical Technicians,0.81
173025,3.0,2.25,3.62,3.0,4.0,2.75,1.0,2.0,1.38,2.0,3.0,3.0,3.0,3.0,2.0,2.0,2.0,2.25,4.0,3.88,2.88,3.0,2.75,2.75,3.75,2.0,3.0,3.88,3.88,3.0,3.0,2.12,3.88,2.0,2.25,2.0,3.12,2.0,2.0,3.75,3.12,2.75,2.0,2.12,2.25,2.88,2.25,2.88,2.88,2.0,4.0,3.12,3.75,3.88,3.88,3.0,3.0,3.38,3.88,3.38,3.38,3.12,2.83,2.63,2.8,2.95,3.35,1.94,2.83,3.54,2.89,1.87,2.95,3.71,3.42,1.03,1.05,1.59,2.59,1.64,2.74,3.57,3.23,1.52,2.3,1.1,3.21,2.79,1.6,3.14,1.96,1.31,1.7,1.25,2.2,2.76,2.95,4.42,3.5,3.57,2.56,1.2,1.97,3.77,4.75,3.47,2.06,1.67,2.53,2.91,2.85,1.83,2.85,1.43,3.21,2.75,1.5,4.72,3.57,3.68,3.8,3.98,3.93,3.43,3.54,1.7,3.72,2.93,2.87,3.73,2.5,1.73,2.86,1.87,2.11,1.78,1.45,1.96,2.97,3.26,2.55,2.82,2.33,4.47,3.5,3.55,2.01,3.33,3.95,3.91,Environmental Engineering Technicians,0.25
173026,2.815,2.56,3.565,2.75,4.0,2.25,1.125,1.565,1.5,1.815,3.06,2.935,3.125,3.25,1.63,1.75,1.565,2.44,3.94,3.63,2.5,3.25,2.685,2.315,3.815,1.5,3.25,4.0600000000000005,3.69,3.185,3.25,1.685,4.0,2.125,2.25,2.125,3.435,1.63,1.63,3.31,3.315,2.815,1.5,1.94,1.75,2.75,2.25,2.875,3.25,2.125,4.0,3.565,3.19,3.75,3.94,2.875,3.25,3.38,4.0600000000000005,3.25,3.315,3.435,2.705,2.69,2.245,2.005,3.505,1.955,3.75,3.085,3.355,2.055,3.2,4.205,3.82,1.14,1.3050000000000002,1.42,1.31,1.2000000000000002,2.04,3.68,3.78,1.565,1.985,1.19,3.53,3.54,1.765,2.935,1.955,1.24,1.83,1.28,1.435,2.585,3.095,4.404999999999999,3.835,2.915,2.365,1.0950000000000002,2.4450000000000003,4.16,4.965,3.065,2.1100000000000003,1.1,1.96,2.965,2.41,1.2799999999999998,1.88,1.26,3.605,1.875,1.05,4.69,4.21,3.725,3.64,3.83,4.404999999999999,3.1950000000000003,1.25,1.13,4.68,2.065,3.12,1.42,1.37,2.355,3.305,2.42,1.91,1.34,1.44,1.66,2.545,3.32,2.855,3.09,2.505,4.14,3.63,4.385,1.715,3.43,4.404999999999999,2.9800000000000004,Industrial Engineering Technicians,0.03
173027,3.185,2.69,3.44,3.06,3.815,2.375,1.0,1.94,2.06,2.44,3.12,3.25,3.25,3.06,2.0,2.0,1.94,2.56,3.75,3.69,3.06,3.19,2.625,2.815,3.815,1.94,3.125,3.81,3.625,3.06,3.185,2.06,3.75,2.315,2.685,2.31,3.375,2.125,2.125,3.315,3.565,2.62,1.31,2.06,2.25,2.62,2.38,2.81,3.25,2.315,3.94,3.38,3.06,3.5,3.625,2.565,3.185,3.12,3.685,2.81,3.56,3.375,2.735,2.915,1.475,2.235,2.625,2.21,3.74,2.94,3.565,2.05,2.815,4.335,3.65,1.0750000000000002,1.385,1.7,1.73,1.265,2.395,3.795,4.18,1.3250000000000002,2.025,1.3,3.44,3.115,1.735,2.455,1.7,1.39,2.1950000000000003,1.27,2.5,2.83,3.575,4.375,3.415,2.995,2.715,1.42,2.26,3.605,4.75,3.215,2.755,1.125,2.56,3.2,3.605,1.845,2.39,1.195,3.85,2.77,1.58,4.8,3.8,3.54,3.77,3.735,4.29,3.3,2.67,2.105,4.525,3.05,3.02,2.485,2.28,2.445,3.625,2.26,2.3150000000000004,1.635,1.815,2.095,2.525,2.92,3.2,3.47,2.54,4.345000000000001,3.945,4.505,2.18,3.295,4.16,3.255,Mechanical Engineering Technicians,0.38
173029,3.06,2.63,3.12,3.12,3.625,2.69,1.0,1.75,1.565,2.0,3.25,3.13,2.935,2.75,1.625,1.69,1.75,2.38,3.435,3.565,3.06,2.94,2.435,2.815,3.875,1.31,2.88,3.685,3.435,2.56,3.185,1.375,3.87,2.19,2.5,2.0,3.06,1.44,1.685,3.125,3.125,2.875,1.31,1.75,2.12,2.625,2.435,3.0,3.12,2.06,3.75,3.375,3.25,3.5,3.44,2.935,2.935,3.315,3.69,2.75,3.12,3.185,2.91,2.745,1.4300000000000002,2.5700000000000003,2.435,2.07,3.74,3.24,3.0250000000000004,1.935,2.97,4.0,3.565,1.09,1.115,1.585,1.59,1.275,2.16,3.7,3.365,1.185,2.115,1.23,3.5,3.33,1.645,2.725,2.18,1.365,2.56,1.205,2.245,2.6100000000000003,3.56,3.925,3.425,3.225,2.515,1.455,2.615,3.66,4.66,3.23,2.93,1.25,3.045,3.23,3.375,2.55,2.5650000000000004,2.545,3.725,2.725,1.4300000000000002,4.585,3.925,3.595,3.595,3.815,4.390000000000001,3.5250000000000004,2.615,1.905,4.275,3.18,3.135,3.02,2.91,2.73,3.35,2.11,2.4,2.02,1.77,2.155,3.115,2.75,3.205,4.025,2.36,4.245,4.045,4.41,2.94,3.145,3.955,3.125,"Engineering Technicians, Except Drafters, All Other",0.24
173031,2.75,2.25,3.12,2.62,3.25,2.25,1.25,2.25,2.0,2.0,3.12,2.5,3.12,3.0,1.75,2.12,2.0,2.12,3.38,3.25,2.5,2.88,2.38,2.5,3.5,1.62,2.62,3.38,3.38,2.75,2.88,1.62,3.25,1.88,2.38,2.0,2.88,1.62,2.25,3.12,3.12,2.5,1.38,2.12,2.12,2.5,2.62,2.88,2.75,2.25,3.75,3.25,3.0,3.12,3.38,2.5,3.25,3.12,3.88,1.62,3.12,3.25,2.67,2.92,1.68,2.63,1.61,2.19,4.15,3.17,3.29,1.9,2.54,3.49,3.59,1.25,1.13,1.51,3.86,2.25,2.77,3.66,1.92,1.31,1.92,1.39,2.22,2.04,1.54,2.6,1.68,1.46,1.92,1.31,2.19,2.38,2.74,4.02,3.05,2.97,2.29,1.42,2.59,3.89,4.75,2.05,1.82,1.25,2.58,1.44,2.5,1.64,2.38,1.09,2.96,2.81,1.31,4.57,4.3,3.77,2.75,3.6,4.61,3.83,2.87,1.46,3.85,2.32,3.0,3.31,1.76,1.82,3.13,1.82,2.06,1.27,1.59,1.87,3.67,3.29,2.92,3.71,2.69,4.32,3.7,2.88,1.36,3.19,3.82,3.41,Surveying and Mapping Technicians,0.96
191011,2.0,2.62,3.88,2.0,4.0,2.0,1.0,1.25,1.38,1.38,3.0,1.62,3.0,3.75,1.75,1.62,1.38,2.12,4.0,3.88,1.12,3.25,2.75,2.0,3.88,1.5,3.25,4.0,4.0,3.25,3.0,1.5,4.0,1.5,1.88,2.0,3.12,1.38,2.0,4.0,3.75,2.25,1.0,1.5,2.0,2.62,2.12,2.62,2.75,1.88,4.0,4.0,3.88,3.88,4.0,3.25,3.38,3.75,4.12,4.0,3.88,4.0,3.0,2.43,4.64,1.74,4.04,2.82,3.35,3.39,1.86,2.43,3.45,2.52,4.09,1.22,3.83,2.0,1.91,1.43,2.32,4.13,1.96,2.18,2.3,1.57,2.32,2.83,2.13,2.1,3.13,1.61,2.18,1.61,2.09,2.65,2.96,4.22,3.61,3.57,2.39,1.26,2.26,4.43,5.0,2.91,1.61,1.74,2.27,1.91,1.78,1.39,1.91,1.04,3.04,2.91,1.17,4.45,4.39,3.73,3.3,3.96,4.26,2.96,3.83,2.04,3.96,3.43,3.57,3.26,3.39,1.43,2.91,3.04,1.61,1.3,1.43,1.52,2.09,3.43,2.73,2.13,2.09,4.74,3.65,2.48,1.57,3.39,4.17,3.91,Animal Scientists,0.061
191012,2.12,2.12,4.0,2.12,4.0,2.0,1.0,1.88,1.62,2.0,3.12,2.25,3.38,3.75,1.0,1.75,1.62,2.25,4.0,4.0,2.12,3.25,2.75,2.0,4.0,1.0,3.38,4.0,4.0,3.62,3.12,1.0,4.12,1.88,2.12,1.62,3.0,1.12,1.0,3.5,3.5,3.0,1.0,2.0,1.88,2.62,2.12,3.12,2.62,2.0,4.0,4.0,4.0,3.88,4.0,3.0,3.12,3.62,4.0,3.88,3.88,3.88,3.1,3.0,3.45,1.64,4.05,2.27,3.27,3.09,2.5,2.5,3.09,3.67,3.95,1.09,4.14,1.73,1.77,1.27,3.05,3.71,2.59,1.41,2.62,1.32,2.86,4.41,2.18,2.91,2.64,1.73,1.95,1.33,2.09,2.86,3.19,3.91,3.33,3.14,2.5,1.45,2.24,3.91,4.91,2.95,1.55,1.43,2.05,2.1,2.41,1.95,2.15,1.18,3.18,3.14,1.14,4.9,3.95,3.43,3.45,3.73,4.36,2.9,2.24,1.48,4.86,2.64,3.14,1.71,1.73,2.52,3.35,2.45,1.71,1.64,1.33,1.55,2.36,3.05,3.38,2.91,2.24,4.6,3.86,4.14,2.14,3.0,4.33,3.4,Food Scientists and Technologists,0.077
191013,2.12,2.12,4.0,2.12,4.0,2.62,1.12,2.0,1.25,2.12,3.0,2.62,3.38,3.5,1.75,1.75,1.62,2.0,4.0,4.0,2.0,3.12,2.88,2.0,3.75,1.75,3.12,4.0,4.0,3.88,3.0,1.75,3.88,1.62,1.62,1.75,3.0,1.62,1.75,3.75,3.38,2.88,1.5,2.12,2.12,2.75,2.38,2.88,2.88,1.75,4.0,4.0,4.0,3.88,4.0,3.25,3.25,3.25,4.0,4.0,4.0,3.88,3.14,2.81,4.43,2.0,3.84,3.35,3.86,3.0,2.71,2.38,3.4,3.2,4.05,1.37,2.95,1.67,3.38,1.71,2.86,3.76,2.81,1.29,2.57,1.3,3.14,2.62,1.95,2.57,2.4,1.67,2.52,1.24,2.1,2.5,2.67,3.95,3.65,3.38,2.4,1.29,2.19,4.33,4.76,2.75,1.7,1.14,2.33,2.43,2.29,1.57,2.67,1.24,2.71,3.1,1.3,4.48,4.38,2.86,3.81,3.29,3.9,2.95,3.35,2.81,4.24,3.7,3.33,3.9,3.05,1.48,2.43,2.76,1.86,1.33,1.38,1.9,2.14,2.9,2.9,2.52,2.33,4.24,3.33,3.33,1.57,3.57,4.05,3.57,Soil and Plant Scientists,0.021
191021,2.75,2.0,4.0,2.12,4.0,1.88,1.0,1.12,1.0,1.38,2.88,2.62,3.62,3.75,1.0,1.0,1.0,1.88,4.25,4.0,2.25,4.0,3.0,1.75,4.0,1.0,3.5,4.12,4.12,3.75,3.12,1.0,3.88,1.62,1.75,1.5,3.0,1.0,1.0,3.75,3.12,3.0,1.0,1.0,1.75,2.25,2.12,2.88,3.25,2.12,4.25,4.25,4.12,4.12,4.25,4.0,3.88,3.88,4.38,4.75,4.12,4.25,2.95,2.15,4.65,1.8,4.35,2.15,3.55,1.45,2.45,1.7,3.7,3.37,4.3,1.25,1.3,1.45,1.1,1.3,1.85,4.3,2.55,2.9,2.05,1.45,4.05,1.9,1.7,2.05,1.45,1.4,2.0,1.5,1.4,2.55,3.37,3.75,3.16,1.8,2.16,1.35,2.63,4.35,4.85,2.53,1.95,2.11,1.9,3.11,2.15,1.25,1.33,1.65,2.4,1.61,1.11,4.44,4.3,3.68,3.8,3.7,4.75,3.53,1.11,1.0,4.67,1.45,4.11,1.05,1.16,2.17,3.16,2.65,1.42,1.25,1.37,1.45,2.7,3.58,2.68,3.45,1.95,3.67,3.3,4.16,2.3,3.32,4.21,3.44,Biochemists and Biophysicists,0.027
191022,2.75,2.0,4.0,2.75,4.0,2.12,1.0,1.5,1.38,1.5,2.88,3.0,3.75,3.75,1.0,1.38,1.38,2.0,4.12,3.88,2.62,2.88,2.75,2.12,3.75,1.0,2.88,4.0,4.0,3.12,3.0,1.0,4.0,2.0,2.12,1.75,3.5,1.0,1.0,3.12,3.62,2.62,1.0,1.5,2.0,2.62,2.0,3.0,3.0,1.88,4.25,4.12,3.88,3.88,4.0,3.62,3.12,3.62,4.12,4.62,3.88,4.0,2.82,2.91,4.73,1.64,3.82,2.59,3.6,2.91,2.18,2.09,3.52,3.0,3.65,1.27,2.32,1.62,1.91,1.5,2.5,3.32,2.18,2.62,2.38,1.41,2.18,2.77,1.95,2.86,1.95,1.82,2.52,1.43,1.81,2.68,3.86,3.77,3.29,2.95,2.45,1.23,2.5,3.91,5.0,3.86,1.71,4.05,1.77,3.5,2.59,1.23,1.86,1.45,2.82,1.68,1.05,4.74,4.0,3.5,3.91,3.64,4.59,3.68,1.64,1.18,4.82,2.0,2.86,1.82,1.73,2.05,3.18,2.64,1.68,1.27,1.18,1.41,3.32,3.48,2.77,3.45,1.86,4.21,4.14,4.73,2.59,3.32,4.1,3.26,Microbiologists,0.012
191023,2.38,2.38,3.5,2.0,4.0,2.0,1.0,2.0,2.0,2.0,3.0,2.25,3.12,3.38,2.0,2.0,2.0,2.5,4.0,3.75,2.0,3.0,2.25,2.0,3.5,2.0,3.0,4.0,4.0,3.25,3.0,2.0,3.75,2.0,2.0,2.0,3.25,2.0,2.12,3.75,3.62,2.25,1.25,2.0,2.0,3.0,2.0,2.75,2.88,2.0,4.0,4.0,3.62,4.0,4.0,3.0,3.0,3.38,4.0,3.88,4.0,3.88,3.3,2.71,4.81,1.74,2.25,3.0,2.98,3.73,1.75,1.98,2.97,2.01,3.77,1.09,1.18,1.26,3.37,1.76,3.31,3.41,2.25,1.4,2.64,1.23,1.68,1.43,1.83,2.68,1.21,1.93,1.91,1.35,2.01,2.47,2.87,4.36,4.17,3.89,2.4,1.25,1.26,4.23,4.92,2.29,1.79,1.68,2.15,1.86,2.3,1.49,2.77,1.02,2.74,2.93,1.52,4.52,4.12,3.73,3.7,3.82,4.14,3.46,3.58,2.58,4.3,3.02,3.11,3.39,2.67,1.56,3.25,2.36,2.11,1.5,1.99,1.99,2.62,3.62,2.63,2.91,2.26,4.59,3.3,3.01,1.53,3.91,4.34,2.93,"Zoologists and Wildlife Biologists, label 0",0.3
191029,2.3125,2.0625,3.9375,2.095,3.97,2.09,1.0,1.28,1.125,1.47,3.09,2.5925,3.345,3.815,1.125,1.22,1.22,2.095,4.1225000000000005,3.94,1.9375,3.88,2.7775,1.655,3.8775,1.0625,3.4975,4.1850000000000005,4.0925,3.5925,3.0,1.155,3.97,1.375,1.56,1.2475,3.1575,1.155,1.125,3.755,3.5325,2.91,1.0,1.2175,1.5,2.655,1.8425,2.81,2.91,1.69,4.4350000000000005,4.2175,3.845,4.0,4.0600000000000005,3.47,3.7525,3.47,4.2175,4.3100000000000005,4.0,4.0625,2.845,2.79,4.87,1.39,3.6325,2.7175,3.5025,1.99,2.0825,1.8775,3.695,2.6675,4.26,1.25,1.345,1.405,1.7675,1.4875,2.0825,3.86,1.9825,2.66,2.6025,1.4725,2.57,1.9,1.98,2.175,1.6675,1.7775,1.815,1.58,1.46,2.3075,2.595,3.77,3.535,2.4575,2.0325,1.1375000000000002,1.7925,4.405,4.945,2.0975,1.5074999999999998,1.9275,1.3675,2.345,1.4975,1.1425,1.585,1.41,2.47,1.7275,1.085,4.615,4.4475,2.935,3.1875,3.1675,4.2425,3.0975,1.785,1.3425,4.4325,1.6949999999999998,4.077500000000001,1.7475,1.465,1.5175,2.86,2.905,1.4325,1.1175,1.275,1.23,2.8275,3.88,2.4125,2.9450000000000003,1.8225,3.68,3.24,3.3,1.73,3.4675,4.33,2.9625,"Biological Scientists, All Other",0.015
191031,2.4966666666666666,2.373333333333333,3.25,2.1633333333333336,3.706666666666667,2.3766666666666665,1.0833333333333333,2.083333333333333,1.6666666666666667,2.04,3.2099999999999995,2.21,3.1266666666666665,3.25,1.92,1.92,1.79,2.2533333333333334,3.543333333333333,3.5033333333333334,2.2066666666666666,2.7900000000000005,2.54,2.293333333333333,3.4599999999999995,1.8733333333333333,2.793333333333333,4.0,4.0,3.206666666666667,2.873333333333333,2.0,3.71,1.8766666666666667,1.8333333333333333,1.96,2.9599999999999995,1.8333333333333333,2.293333333333333,3.706666666666667,3.5033333333333334,2.4533333333333336,1.2933333333333332,2.083333333333333,2.293333333333333,2.6266666666666665,2.42,2.793333333333333,2.8800000000000003,2.0033333333333334,3.9166666666666665,3.75,3.25,3.92,3.6233333333333335,2.9599999999999995,2.6266666666666665,3.33,3.88,2.92,3.83,3.5,3.11,2.9933333333333336,3.826666666666666,2.2566666666666664,2.73,3.0500000000000003,3.16,3.823333333333333,2.77,2.39,3.4766666666666666,2.72,3.963333333333333,1.4233333333333331,2.333333333333333,1.6833333333333331,3.5400000000000005,2.6966666666666668,3.453333333333333,3.106666666666667,2.4433333333333334,1.7,2.74,1.72,2.353333333333333,2.053333333333333,2.49,3.283333333333333,2.1533333333333333,2.4066666666666667,2.44,1.7699999999999998,2.3666666666666667,2.6333333333333333,2.41,4.3133333333333335,3.953333333333333,4.32,2.56,1.2633333333333334,1.79,4.116666666666666,4.95,2.44,1.653333333333333,1.25,2.5,1.58,1.856666666666667,1.4066666666666665,2.6466666666666665,1.153333333333333,2.873333333333333,3.106666666666667,1.29,4.62,4.0200000000000005,3.1566666666666667,3.3166666666666664,3.466666666666667,3.286666666666666,2.85,3.77,2.273333333333333,4.16,3.2566666666666664,2.7566666666666664,3.89,2.99,1.3266666666666669,3.08,3.1366666666666667,2.08,1.38,1.66,1.9566666666666668,2.3466666666666667,3.313333333333333,2.6633333333333336,2.6366666666666667,2.333333333333333,4.65,3.17,2.87,1.4566666666666668,3.1633333333333336,4.273333333333333,3.42,Conservation Scientists,0.016
191032,2.88,2.38,3.88,2.75,3.88,2.62,1.0,2.25,2.0,2.0,3.25,2.38,3.38,3.0,2.0,2.0,2.0,2.5,3.88,3.88,2.0,2.88,2.5,2.5,3.62,2.0,2.88,4.0,3.88,3.25,2.88,2.0,3.75,2.0,2.25,2.0,3.0,2.0,2.62,3.62,3.62,2.62,1.75,2.12,2.62,2.88,3.12,2.75,3.12,2.0,3.88,3.75,3.12,4.0,3.88,2.88,2.88,3.75,3.88,2.75,3.88,3.75,3.78,2.99,3.72,1.92,2.14,2.78,3.01,3.9,1.74,2.3,3.11,2.57,3.8,1.03,1.6,1.49,3.29,2.07,3.43,3.33,2.34,1.26,2.21,1.47,1.74,2.76,1.55,3.27,2.2,1.66,2.1,1.31,2.59,2.54,3.26,4.44,3.86,3.9,2.2,1.07,1.77,4.48,4.79,2.49,1.48,1.19,2.85,1.7,2.81,1.25,3.12,1.04,2.74,3.36,1.38,4.4,4.64,4.06,3.08,4.13,3.94,2.77,4.37,1.85,3.57,3.21,2.81,4.05,2.42,1.48,2.98,2.11,1.87,1.3,1.81,1.55,2.22,2.95,2.92,1.9,2.97,4.79,3.11,3.41,1.26,3.35,3.69,3.45,Foresters,0.0081
191041,1.0,1.75,4.0,1.0,4.12,1.38,1.0,1.0,1.0,1.0,2.88,1.75,3.62,4.0,1.0,1.12,1.0,1.62,4.38,3.75,1.12,3.62,2.88,1.0,3.75,1.0,3.38,4.38,4.25,3.88,3.0,1.0,4.25,1.0,1.0,1.0,3.12,1.0,1.0,4.0,3.75,3.0,1.0,1.0,1.0,2.75,1.62,2.5,3.0,1.5,4.38,4.25,4.0,4.12,4.25,3.5,3.75,3.62,4.25,4.12,4.12,4.12,3.0,2.32,4.26,1.26,2.21,3.47,3.53,2.58,1.63,2.05,3.42,1.79,4.0,1.11,1.47,1.56,2.39,1.74,2.58,4.5,1.21,4.0,2.37,1.95,1.47,1.74,2.63,2.79,1.74,3.16,2.21,1.79,1.47,2.68,2.28,4.21,3.89,3.42,2.22,1.21,2.21,4.53,4.95,1.63,1.16,2.39,1.21,1.16,1.06,1.0,1.17,1.11,1.68,1.32,1.0,4.67,4.58,3.22,2.89,3.56,4.68,2.61,2.05,1.11,4.74,2.0,3.42,1.63,1.42,1.16,2.74,2.95,1.17,1.05,1.05,1.11,2.21,4.21,2.33,1.89,1.84,4.67,3.58,1.78,1.56,3.21,4.5,3.76,Epidemiologists,0.2
191042,2.5,1.88,4.0,2.12,4.0,1.75,1.0,1.25,1.0,1.12,2.88,2.75,3.25,3.25,1.0,1.0,1.0,1.88,4.12,4.0,2.25,3.38,3.0,1.12,3.75,1.0,3.12,4.0,4.12,3.25,3.0,1.0,3.88,1.0,1.0,1.0,3.12,1.0,1.0,4.0,3.75,3.0,1.0,1.0,1.0,2.88,1.5,2.88,2.5,1.5,4.0,4.12,4.12,4.0,4.0,3.38,3.62,3.62,4.0,4.12,4.12,4.25,2.84,2.12,4.7,1.26,3.44,2.09,2.98,1.66,1.54,1.74,2.85,1.97,4.11,1.18,1.01,1.13,1.36,1.03,1.73,3.22,1.36,3.67,1.84,1.21,2.12,1.63,1.73,2.04,1.46,1.59,1.66,1.62,1.89,2.79,3.43,4.67,3.83,2.44,2.38,1.05,2.2,4.15,4.94,2.53,1.31,2.94,1.24,3.52,1.31,1.0,2.13,1.09,2.28,1.32,1.07,4.84,4.41,3.27,3.7,3.88,4.57,3.96,1.18,1.0,4.81,1.16,3.99,1.14,1.07,2.3,3.1,2.45,1.57,1.02,1.45,1.21,3.0,3.28,2.83,3.71,1.94,3.91,3.69,4.14,2.04,3.29,4.81,3.07,"Medical Scientists, Except Epidemiologists",0.0045
192011,1.38,1.88,3.62,1.25,4.12,2.0,1.0,1.0,1.0,1.0,3.75,1.62,3.88,3.75,1.0,1.0,1.0,1.88,4.12,3.88,1.25,4.0,2.88,1.0,3.88,1.62,4.0,4.12,4.12,3.75,3.12,1.0,3.62,1.0,1.0,1.0,3.5,1.0,1.5,3.88,3.38,2.62,1.0,1.0,1.0,2.62,1.75,3.0,2.88,1.5,4.12,4.12,4.0,4.0,4.12,3.75,4.12,3.38,4.25,4.25,4.0,4.12,2.39,2.09,1.83,1.65,3.0,2.43,4.17,1.74,2.35,1.82,3.35,3.22,4.04,1.3,1.0,1.65,1.96,1.48,1.74,4.91,1.91,1.13,2.22,1.39,4.96,1.74,1.57,1.65,1.68,1.57,2.04,1.39,1.61,2.04,2.04,3.57,3.3,2.04,1.74,1.04,1.87,4.74,4.91,1.17,1.35,1.0,1.35,1.13,1.09,1.41,1.17,1.04,1.52,1.52,1.0,4.14,4.83,2.17,2.3,2.78,4.26,2.3,1.57,1.22,4.13,1.78,4.13,1.7,1.65,1.39,2.7,2.83,1.17,1.17,1.13,1.17,1.52,4.35,2.09,1.83,1.61,3.13,2.91,1.3,1.13,2.78,4.0,2.48,Astronomers,0.041
192012,1.0,2.25,3.88,1.0,4.12,2.38,1.0,1.0,1.0,1.0,3.0,2.38,3.38,4.12,1.0,1.0,1.0,2.0,4.12,4.0,1.0,4.75,2.88,1.0,3.88,1.0,4.25,4.12,4.12,4.12,3.0,1.0,4.0,1.0,1.0,1.0,3.25,1.0,1.12,3.88,3.88,3.38,1.0,1.0,1.0,2.62,1.62,2.75,3.62,1.12,4.25,4.0,4.0,4.0,4.12,3.88,4.25,3.25,4.25,4.62,4.12,4.0,2.65,2.29,1.63,1.34,3.21,2.61,4.38,2.15,2.47,2.01,3.41,4.54,3.69,1.08,1.0,1.25,1.32,1.27,2.19,4.82,2.08,1.19,2.26,1.52,4.92,2.32,2.0,2.17,1.7,1.44,1.76,1.58,1.38,2.13,2.13,3.39,3.6,2.16,2.04,1.12,1.57,4.5,4.92,1.21,1.1,1.38,1.11,1.38,1.2,1.09,1.2,1.52,1.8,1.1,1.0,4.36,4.42,2.48,2.87,3.26,3.78,2.07,1.13,1.09,3.73,1.2,3.31,1.11,1.14,1.0,2.53,3.13,1.14,1.06,1.04,1.07,2.0,4.62,1.76,1.75,1.42,3.53,3.05,1.34,1.13,2.6,4.13,2.92,"Physicists, label 0",0.1
192021,1.38,1.88,3.38,1.0,4.0,1.62,1.0,1.38,1.0,1.0,3.0,1.38,3.38,3.25,1.0,1.0,1.0,1.88,4.12,3.75,1.25,3.5,2.88,1.0,3.75,1.0,3.0,4.12,4.25,3.0,2.88,1.0,3.88,1.0,1.0,1.0,2.88,1.0,1.0,3.88,3.75,2.88,1.0,1.0,1.0,2.62,1.75,2.75,2.62,1.62,4.12,3.88,4.0,4.0,4.0,3.12,3.38,3.12,4.12,4.0,4.0,3.88,2.58,2.45,1.85,1.15,3.0,3.22,4.15,3.0,2.05,1.9,2.9,2.79,3.8,1.1,1.05,1.4,4.4,1.45,1.89,4.44,1.47,1.0,2.25,1.15,4.42,1.85,1.85,2.6,1.75,1.7,2.55,1.0,1.6,2.4,2.25,3.9,3.5,3.5,2.45,1.25,2.6,3.85,4.9,1.25,1.15,1.05,1.4,1.25,1.15,1.15,1.1,1.15,2.21,1.85,1.05,4.6,3.95,3.35,2.45,3.53,3.95,2.63,1.5,1.15,4.37,1.8,3.6,2.2,1.85,1.47,2.6,3.05,1.26,1.3,1.2,1.15,2.8,4.4,1.95,2.1,1.6,4.3,3.95,1.42,1.1,3.2,3.95,2.8,Atmospheric and Space Scientists,0.67
192031,3.0,2.0,3.88,2.62,4.0,2.0,1.0,1.38,1.25,1.75,2.62,3.0,3.38,3.12,1.0,1.38,1.62,2.12,4.0,3.88,2.75,3.75,2.75,2.25,3.88,1.0,3.62,4.0,4.0,3.0,3.12,1.0,3.88,1.62,1.88,1.75,3.0,1.0,1.12,3.12,3.25,2.62,1.0,1.62,1.75,2.75,2.25,3.12,3.0,1.88,4.0,4.0,3.62,3.75,4.0,3.0,3.75,3.5,4.0,4.12,3.88,3.75,3.39,3.34,2.42,1.32,4.92,1.78,3.39,2.57,2.08,2.0,2.69,2.98,4.01,1.14,1.35,1.65,1.59,1.39,2.64,3.79,2.7,1.45,2.0,1.62,3.15,3.46,1.94,2.59,1.81,1.47,1.37,1.22,2.05,2.45,3.42,3.82,3.55,2.98,2.43,1.25,2.02,4.14,4.92,3.11,1.2,1.15,1.21,3.65,1.44,1.08,1.41,1.0,2.89,1.14,1.0,4.74,4.44,3.63,3.78,3.55,4.67,3.48,1.41,1.06,4.8,1.61,3.51,1.13,1.13,2.12,3.09,1.82,1.62,1.24,1.21,1.39,2.34,3.09,2.9,2.58,2.16,3.82,3.79,4.76,1.7,3.47,3.96,2.7,Chemists,0.1
192032,2.0,2.12,3.88,1.88,4.0,2.0,1.0,1.0,1.0,1.0,3.0,1.75,3.25,3.38,1.0,1.0,1.0,2.0,4.0,3.88,1.62,3.25,2.5,1.25,3.75,1.0,3.12,4.0,4.0,3.25,3.0,1.0,4.0,1.75,1.75,1.25,2.88,1.0,1.0,3.12,3.12,2.5,1.0,1.0,1.0,2.62,1.62,2.75,3.0,2.0,4.0,4.0,3.75,4.0,4.0,3.0,3.5,3.12,4.0,4.0,3.75,3.88,2.81,2.29,2.24,2.1,4.62,2.0,3.75,2.3,3.65,2.05,3.0,4.76,3.38,1.19,1.6,1.67,1.45,1.52,2.05,4.35,3.43,1.76,2.05,1.19,4.38,3.7,1.62,1.95,2.2,1.24,2.05,1.29,1.86,2.24,3.05,3.81,3.48,3.05,2.05,1.33,2.3,3.71,4.86,2.55,1.45,1.1,1.71,3.05,2.24,1.19,1.48,1.62,2.95,1.86,1.19,4.48,3.76,2.9,3.71,3.33,4.1,1.95,1.48,1.19,4.71,2.33,3.48,1.71,1.5,1.9,3.0,2.67,1.48,1.33,1.14,1.14,1.65,3.8,2.24,2.45,1.76,4.29,3.38,4.29,2.19,3.19,4.05,3.0,Material Scientists,0.021
192041,1.4075,1.97,3.47,1.4075,4.03,1.9375,1.0,1.22,1.06,1.345,3.0625,1.6875,3.1875,3.25,1.4075,1.28,1.28,2.0,4.03,3.72,1.4075,3.28,2.5325,1.47,3.625,1.31,3.0625,3.9675,3.97,3.185,2.6575,1.3425,3.875,1.345,1.345,1.345,2.91,1.28,1.47,3.6575,3.625,2.7175,1.22,1.25,1.315,2.4975,1.78,2.375,2.7475,1.3725,4.03,4.0,3.655,3.97,3.94,3.0625,3.22,3.4025,4.0625,3.435,3.94,3.94,3.0175,2.4725,3.5925,2.18,3.05,2.6725,3.13,2.7175,2.6125,2.3075,2.73,3.225,3.88,1.1275,1.5275,1.4975,3.09,1.83,3.46,3.6175,1.965,1.1925,1.94,1.415,2.83,2.225,1.7825,2.335,1.8275,2.12,1.8575,1.18,2.41,2.6025,2.22,3.9825,3.47,3.3775,2.21,1.1675,1.475,4.199999999999999,4.8725000000000005,1.815,1.21,1.1475,1.61,1.5,1.5025,1.1625,1.66,1.0275,2.0625,1.805,1.125,4.5575,4.115,2.9325,2.3775,3.275,3.7275,2.4375,2.52,1.4075,3.75,2.045,3.3625,2.3525,1.8525,1.1325,2.6625,2.66,1.3,1.115,1.1875,1.275,2.145,4.0725,2.1375,1.735,1.84,4.5275,3.4575,1.9125,1.2175,3.155,4.3525,3.54,"Environmental Scientists and Specialists, Including Health",0.033
192042,2.0,2.0,4.0,2.0,4.0,1.88,1.0,1.75,1.12,1.62,3.25,1.75,3.25,3.38,1.75,1.88,1.75,1.75,4.12,3.88,1.75,3.75,2.38,2.0,3.62,1.62,3.25,4.0,4.0,3.12,3.0,1.75,4.0,1.88,1.88,1.88,3.0,1.62,2.0,3.75,3.62,2.88,1.38,1.75,1.75,2.25,2.25,2.62,3.0,2.0,4.12,4.0,3.25,3.88,4.0,3.12,3.38,3.12,4.12,4.0,4.0,3.88,2.77,2.42,2.94,1.71,3.8,2.48,3.57,2.42,2.16,2.29,3.23,3.23,3.83,1.23,1.16,2.13,4.0,2.32,2.87,3.83,2.19,1.23,2.26,1.48,3.65,1.58,1.71,2.55,1.81,1.61,1.9,1.26,2.0,2.38,2.38,3.75,3.22,2.91,2.25,1.28,1.65,4.12,4.84,2.39,1.73,1.16,1.84,2.0,2.09,1.53,2.1,1.45,2.47,2.23,1.44,4.53,4.22,2.97,3.03,3.41,3.77,2.91,3.0,1.74,3.94,2.41,3.34,3.03,2.41,1.34,2.56,2.91,1.53,1.44,1.48,1.59,2.13,3.56,2.56,2.39,2.09,4.12,3.44,2.66,1.69,2.94,4.0,3.26,"Geoscientists, Except Hydrologists and Geographers",0.63
192043,2.0,2.12,3.75,2.12,3.88,2.12,1.0,1.88,1.5,2.0,3.12,2.25,3.62,3.5,1.25,1.88,1.88,2.25,3.88,3.62,2.12,3.88,2.88,2.0,3.75,1.25,3.25,4.0,4.0,3.25,3.25,1.38,3.88,1.25,1.25,1.38,2.88,1.38,1.75,3.5,3.62,2.75,1.12,2.12,2.12,2.25,2.12,2.62,3.0,1.88,4.0,4.0,3.62,3.88,4.0,3.0,3.75,3.5,3.88,3.88,3.75,3.62,2.65,2.27,3.22,1.87,3.39,2.39,3.48,2.74,2.43,1.83,2.57,4.0,3.91,1.17,1.39,1.74,3.87,1.65,2.35,4.35,2.3,1.35,2.43,1.35,4.13,1.43,1.74,2.0,2.09,1.91,2.04,1.26,1.74,2.22,2.48,3.91,3.22,3.04,1.83,1.27,1.82,4.05,4.96,2.26,1.7,1.22,1.78,1.61,1.87,1.3,1.91,1.39,2.09,2.35,1.3,4.55,4.14,2.65,2.91,3.09,4.18,2.7,3.0,1.65,4.0,2.57,3.55,3.09,2.3,1.61,2.57,2.39,1.61,1.26,1.43,1.7,2.04,3.86,2.26,2.3,2.04,4.39,3.35,2.17,1.65,3.04,4.22,3.22,Hydrologists,0.014
192099,2.0,2.0,3.75,2.12,4.25,2.0,1.0,1.12,1.0,1.12,3.0,2.38,3.5,3.62,1.0,1.12,1.0,2.0,4.25,3.88,1.88,3.88,2.62,1.0,4.0,1.0,3.62,4.0,4.0,3.38,3.0,1.0,4.0,1.25,1.38,1.0,3.0,1.0,1.38,3.62,3.38,2.5,1.0,1.0,1.12,2.5,1.75,2.5,3.12,1.38,4.0,4.0,3.38,3.88,4.0,3.12,3.75,3.38,4.0,3.88,3.88,3.88,3.12,2.52,3.0,1.52,1.96,2.68,4.2,3.12,3.24,1.88,2.96,3.88,3.68,1.32,1.12,1.6,4.84,2.4,2.2,4.2,1.84,1.2,2.28,1.48,3.48,2.83,1.84,2.62,1.96,2.36,2.56,1.12,2.29,2.04,2.52,3.64,3.21,2.84,1.92,1.04,2.64,4.08,4.96,1.21,1.33,1.04,1.4,1.08,1.2,1.04,1.54,1.04,1.64,1.75,1.0,4.21,4.12,2.84,2.36,3.28,4.76,3.28,2.28,1.26,4.54,1.56,3.24,2.26,1.68,1.72,2.79,2.56,1.33,1.08,1.17,1.24,2.72,4.48,1.92,3.09,1.4,4.38,3.44,1.8,1.16,3.09,4.25,3.38,"Physical Scientists, All Other",0.43
193011,1.0,1.435,3.185,1.0,3.94,1.375,1.0,1.0,1.0,1.0,2.565,1.5,2.94,3.565,1.0,1.0,1.0,1.815,4.0,3.25,1.0,4.12,2.94,1.0,3.625,1.0,3.69,4.0,4.0,3.185,2.63,1.0,3.75,1.0,1.0,1.0,2.935,1.06,1.0,3.94,3.62,2.44,1.0,1.0,1.0,2.19,1.5,1.875,2.565,1.25,4.1850000000000005,4.0,3.815,4.0,4.0600000000000005,3.185,4.0600000000000005,3.31,4.0600000000000005,2.13,3.75,4.0600000000000005,2.42,1.96,1.755,1.25,1.43,2.56,3.74,1.825,1.505,4.4350000000000005,3.155,1.805,4.0,1.04,1.175,1.4449999999999998,2.405,2.115,2.87,4.605,1.155,1.31,2.02,1.69,1.535,1.58,2.2,1.385,1.545,2.44,1.55,1.16,1.6,2.145,2.13,3.175,2.895,2.615,1.785,1.0950000000000002,1.885,4.49,4.865,1.1,1.0,1.065,1.08,1.0,1.0,1.0,1.0550000000000002,1.0,1.785,1.0750000000000002,1.0,4.255,4.675000000000001,2.905,1.56,3.23,4.04,2.2,1.34,1.04,4.475,1.15,3.865,1.225,1.155,1.04,2.38,2.9850000000000003,1.04,1.0,1.0,1.02,1.805,4.635,1.925,1.845,1.33,3.99,3.1950000000000003,1.02,1.02,2.95,3.5,3.285,"Economists, label 0",0.43
193022,1.12,1.75,3.5,1.12,4.12,1.38,1.0,1.0,1.0,1.0,2.88,1.38,3.25,3.38,1.0,1.0,1.0,1.75,4.5,4.12,1.25,4.0,2.62,1.0,4.0,1.0,3.88,4.12,4.12,3.12,2.62,1.0,3.5,1.0,1.0,1.0,3.0,1.0,1.12,4.0,3.88,2.88,1.0,1.0,1.0,2.12,1.75,1.75,2.0,1.62,4.25,4.38,3.88,4.25,4.25,3.25,4.0,3.12,4.25,2.88,4.25,4.25,3.5,3.08,1.28,1.15,1.15,3.04,3.56,3.48,1.76,2.38,3.0,1.62,4.64,1.19,1.15,1.79,2.38,1.58,2.35,3.72,1.19,1.38,2.76,1.73,1.19,2.27,3.46,1.69,2.62,3.92,2.23,1.31,1.54,2.32,2.84,3.92,3.81,4.0,2.44,1.08,2.23,4.0,5.0,1.0,1.04,1.08,1.12,1.0,1.0,1.0,1.0,1.0,1.65,1.15,1.0,4.38,4.08,3.19,2.12,3.62,4.58,2.92,1.38,1.08,4.77,1.44,3.08,1.54,1.36,1.08,2.46,2.35,1.08,1.0,1.04,1.04,2.19,4.54,1.84,2.27,1.54,4.35,4.0,1.19,1.15,3.69,4.46,3.04,Survey Researchers,0.23
193032,1.0,1.75,3.75,1.0,4.12,1.5,1.0,1.0,1.0,1.0,3.0,1.5,2.88,3.88,1.0,1.0,1.0,1.88,4.12,4.0,1.0,3.88,2.62,1.0,3.75,1.0,3.12,4.25,4.38,3.88,2.75,1.0,4.0,1.0,1.0,1.0,3.12,1.0,1.0,4.0,4.0,2.75,1.0,1.0,1.0,2.25,1.38,2.12,2.62,1.0,4.38,4.25,3.88,4.38,4.12,3.62,3.5,3.88,4.38,3.75,4.12,4.25,4.04,2.69,1.35,1.08,1.08,2.88,3.23,3.62,1.42,1.81,4.46,1.69,3.76,1.19,1.08,1.46,1.42,1.31,3.36,4.0,1.15,1.23,4.92,1.88,1.08,1.58,4.81,1.68,2.5,3.35,1.6,2.69,1.35,2.73,2.88,4.23,4.12,3.23,2.35,1.12,1.77,4.58,4.96,1.16,1.08,1.0,1.23,1.08,1.19,1.04,1.08,1.0,1.62,1.19,1.04,4.76,4.42,3.62,2.35,4.23,4.23,2.5,1.54,1.04,4.38,1.5,3.27,1.2,1.31,1.04,2.77,3.08,1.04,1.0,1.0,1.04,2.3,4.42,2.04,1.65,1.42,4.56,3.73,1.19,1.04,3.6,4.5,3.08,Industrial-Organizational Psychologists,0.012
193039,2.06,2.315,3.815,1.88,4.315,1.625,1.06,1.06,1.06,1.06,2.94,1.94,3.31,3.25,1.0,1.06,1.06,2.19,4.38,3.685,1.94,3.0,2.94,1.06,3.62,1.0,2.685,4.625,4.5,3.12,2.94,1.0,4.1850000000000005,1.06,1.06,1.12,3.25,1.0,1.185,3.875,3.94,2.875,1.06,1.06,1.125,2.815,2.25,2.185,2.5,2.06,4.62,4.375,3.815,4.44,4.25,3.5,2.81,3.62,4.3100000000000005,3.12,4.125,4.13,2.87,3.08,3.64,1.08,1.6,2.265,3.08,3.805,1.22,2.095,4.32,1.435,4.505000000000001,1.06,1.04,1.83,1.435,1.505,2.6500000000000004,3.4450000000000003,1.19,4.09,2.375,2.245,1.205,1.37,5.0,2.32,1.69,3.53,1.945,4.65,1.245,2.65,2.66,4.105,2.675,3.825,2.88,2.04,1.82,4.470000000000001,4.82,1.08,1.165,2.94,1.06,1.06,1.04,1.0,1.06,1.04,1.75,1.0,1.0,4.695,4.775,4.08,2.72,3.92,4.63,3.0,1.08,1.0,4.92,1.225,3.755,1.02,1.0,1.12,3.665,2.305,1.315,1.02,1.205,1.12,2.235,4.615,1.86,3.58,1.71,4.225,4.125,1.71,1.3849999999999998,2.8200000000000003,3.425,4.109999999999999,"Psychologists, All Other",0.0043
193041,1.0,1.62,3.5,1.0,4.0,1.38,1.0,1.0,1.0,1.0,2.5,1.12,2.75,3.25,1.0,1.0,1.0,1.62,4.12,3.12,1.0,3.0,2.5,1.0,3.62,1.0,2.38,4.25,4.25,3.12,2.12,1.0,3.5,1.0,1.0,1.0,2.75,1.0,1.0,3.88,3.62,2.12,1.0,1.0,1.0,2.12,1.75,1.75,2.0,1.38,4.12,4.12,4.0,4.12,4.0,3.88,2.88,3.5,4.0,3.12,4.12,4.0,2.75,2.3,1.58,1.05,1.0,2.8,3.35,2.37,1.32,1.85,4.2,1.11,4.6,1.75,1.1,2.15,2.7,3.4,3.16,3.47,1.05,1.6,2.65,3.15,1.0,1.65,3.15,1.7,1.79,5.0,1.58,1.85,1.25,2.89,1.89,3.65,3.16,2.65,2.74,1.65,1.84,4.65,5.0,1.32,1.3,1.53,1.2,1.0,1.0,1.0,1.0,1.0,2.0,1.21,1.05,4.5,4.7,2.74,2.1,2.85,4.0,2.21,1.25,1.05,3.89,1.1,3.89,1.21,1.2,1.0,2.95,3.75,1.11,1.0,1.0,1.0,2.21,4.3,2.32,1.9,1.58,3.74,3.3,1.05,1.05,3.0,3.42,3.68,Sociologists,0.059
193051,1.0,2.0,3.5,1.62,3.88,1.88,1.0,1.0,1.0,1.0,3.0,1.88,3.0,3.62,1.0,1.0,1.0,1.75,3.88,3.62,1.0,3.0,2.25,1.62,3.88,1.0,3.0,4.12,4.12,3.25,2.62,1.0,4.0,1.0,1.0,1.0,2.88,1.0,1.75,4.0,3.88,2.25,1.0,1.0,1.0,2.75,1.5,2.75,3.12,1.62,4.0,4.0,3.25,4.12,4.0,3.0,3.0,3.0,4.0,2.62,4.12,3.88,3.44,2.56,1.92,2.4,1.32,3.6,3.04,3.28,2.96,2.56,2.44,1.92,4.4,1.33,1.08,1.67,4.16,2.68,4.6,2.92,1.16,1.13,2.46,2.0,1.24,1.28,2.12,2.84,1.8,3.4,1.88,1.2,4.04,3.17,1.92,4.04,3.83,4.28,3.0,1.46,1.4,4.12,5.0,1.24,1.08,1.08,1.2,1.08,1.24,1.16,1.12,1.0,2.0,1.46,1.0,4.88,3.79,2.96,2.12,3.32,3.28,1.64,2.72,1.0,4.46,1.92,2.84,2.24,1.44,1.0,2.8,3.28,1.04,1.0,1.0,1.0,1.6,4.08,2.0,1.36,1.62,4.76,3.52,1.32,1.0,3.12,4.44,4.16,Urban and Regional Planners,0.13
193091,1.75,2.0,3.88,1.62,4.12,1.5,1.12,1.38,1.25,1.75,3.12,1.88,3.75,3.75,1.25,1.62,1.38,1.75,4.0,3.88,1.75,2.88,2.88,1.62,3.62,1.0,2.88,4.25,4.38,3.12,2.88,1.12,3.38,1.0,1.0,1.12,3.12,1.0,1.75,4.0,3.75,2.88,1.0,1.5,1.62,2.75,2.0,2.88,3.0,1.75,4.38,4.38,3.88,4.12,4.12,3.38,2.75,3.5,4.12,3.0,4.25,4.25,2.75,2.45,2.65,1.25,1.65,3.35,3.05,1.85,1.95,1.8,3.85,1.45,4.4,2.0,1.15,4.0,3.65,4.2,2.7,2.6,1.4,2.1,2.55,3.15,1.25,1.45,2.89,2.0,1.5,4.89,2.0,1.8,1.65,2.55,2.17,4.0,3.05,3.15,2.53,1.5,1.53,4.5,4.7,2.05,1.65,1.42,2.1,1.32,1.35,1.15,1.74,1.05,2.4,2.11,1.11,4.29,4.45,2.26,2.47,3.0,4.05,2.74,2.1,1.37,3.74,2.5,3.79,2.42,2.15,1.05,3.05,3.5,1.53,1.15,1.21,1.75,2.45,3.8,2.58,2.2,1.84,3.76,3.7,1.79,1.25,2.53,3.44,3.35,Anthropologists and Archaeologists,0.0077
193092,1.12,1.75,3.62,1.12,4.0,1.5,1.0,1.5,1.0,1.12,3.0,1.38,3.12,3.25,1.12,1.0,1.0,1.75,4.12,3.75,1.25,3.0,2.75,1.0,3.88,1.0,3.0,4.0,4.0,3.12,3.12,1.0,3.62,1.0,1.0,1.0,2.88,1.0,1.25,3.75,3.75,2.5,1.0,1.0,1.0,2.5,1.88,2.75,3.0,1.38,4.12,4.12,3.62,3.75,4.0,3.12,3.0,3.0,4.12,3.38,4.0,4.12,2.65,2.63,2.68,1.45,1.95,2.8,3.75,2.5,2.47,2.05,3.55,2.32,3.84,1.35,1.15,2.0,4.85,2.9,2.85,3.0,1.35,1.21,2.4,2.0,2.11,1.58,2.26,2.11,1.55,3.45,2.32,1.45,2.21,2.4,1.8,3.4,3.05,3.1,2.2,1.15,2.0,4.45,4.9,1.3,1.2,1.15,1.2,1.21,1.26,1.1,1.35,1.05,1.9,1.4,1.0,4.3,4.4,2.65,2.05,2.9,3.75,2.45,1.85,1.1,4.55,2.15,3.55,2.2,1.9,1.3,2.7,3.0,1.11,1.05,1.15,1.15,2.9,3.85,2.35,2.1,1.65,3.9,3.5,1.25,1.05,2.8,3.75,3.25,Geographers,0.25
193093,1.12,2.12,3.25,1.25,3.75,1.88,1.0,1.0,1.0,1.12,2.75,1.25,2.75,3.25,1.0,1.0,1.0,1.5,3.88,3.38,1.25,2.0,2.5,1.0,4.0,1.0,2.0,4.0,4.0,2.88,2.12,1.0,3.12,1.0,1.0,1.0,3.0,1.0,1.0,3.75,3.5,2.12,1.0,1.12,1.0,2.12,2.25,2.0,2.0,1.75,4.88,4.25,4.0,4.0,4.12,3.25,2.0,3.0,4.75,2.62,4.0,4.12,2.74,3.46,1.51,2.34,1.68,3.05,2.67,2.86,2.64,1.63,3.27,1.69,4.07,2.92,1.27,1.73,3.5,4.6,2.24,2.22,1.52,1.41,1.82,2.54,1.53,1.86,1.65,2.12,1.7,3.57,1.78,1.6,1.66,2.95,1.91,4.04,3.77,4.2,2.63,1.16,1.16,4.27,4.66,2.3,1.91,1.16,1.46,1.05,1.34,1.12,1.68,1.0,1.63,1.49,1.0,4.39,4.0,3.67,3.07,3.62,4.06,2.68,2.16,1.06,4.49,2.17,2.46,2.0,1.81,1.18,2.48,2.64,1.49,1.36,1.08,1.56,1.97,3.65,2.59,2.49,2.23,3.46,3.21,1.97,1.19,3.31,4.4,2.91,Historians,0.44
193094,1.0,1.88,3.12,1.0,3.75,1.38,1.0,1.0,1.0,1.0,2.5,1.5,2.88,3.12,1.0,1.0,1.0,1.62,4.0,3.25,1.0,3.0,2.88,1.0,3.62,1.0,2.12,4.12,4.12,3.12,2.12,1.0,3.62,1.0,1.0,1.0,2.88,1.0,1.0,4.0,3.88,2.25,1.0,1.0,1.0,2.38,1.75,1.62,2.12,1.25,4.62,4.0,4.12,4.12,4.0,3.5,3.0,2.88,4.25,2.62,4.12,4.0,2.77,2.42,1.23,1.12,1.19,3.28,3.0,1.96,1.19,2.42,4.27,1.2,4.42,1.23,1.08,2.52,3.12,3.42,4.65,3.38,1.15,1.23,2.31,3.08,1.19,1.23,2.38,1.77,1.27,3.19,1.65,1.58,1.35,2.5,2.08,3.92,2.83,2.62,2.72,1.19,1.64,4.81,5.0,1.0,1.0,1.2,1.04,1.0,1.0,1.0,1.0,1.0,2.04,1.16,1.0,4.5,4.85,2.92,1.65,3.04,3.8,2.16,1.27,1.0,4.68,1.38,4.32,1.16,1.15,1.08,2.32,4.19,1.0,1.08,1.0,1.0,1.85,4.04,2.4,1.19,1.4,3.72,3.27,1.0,1.0,2.24,3.08,3.6,Political Scientists,0.039
193099,1.12,2.0,3.25,1.38,4.0,1.75,1.0,1.0,1.0,1.0,3.12,1.62,3.12,4.0,1.0,1.0,1.0,1.88,4.0,3.62,1.12,3.12,2.88,1.25,3.75,1.0,3.0,4.0,4.0,3.62,2.88,1.0,3.88,1.0,1.0,1.0,3.0,1.0,1.5,3.75,3.5,3.0,1.0,1.0,1.0,2.62,1.75,2.38,3.88,1.62,4.0,4.0,3.75,4.0,4.0,3.0,3.38,3.12,4.0,2.38,4.0,4.0,3.4,2.5,1.5,2.1,1.6,2.9,3.47,3.1,3.0,2.9,2.37,3.3,3.89,1.1,1.1,1.35,3.7,2.05,3.68,3.85,1.3,1.1,2.5,1.53,1.8,1.95,2.45,2.75,2.2,2.74,1.7,1.0,4.84,2.75,1.89,3.95,3.75,3.8,2.32,1.22,1.8,3.85,5.0,1.2,1.05,1.0,1.25,1.05,1.25,1.05,1.11,1.0,1.8,1.4,1.0,4.78,3.85,3.0,2.45,3.6,3.45,1.95,2.2,1.05,4.45,1.8,3.0,1.95,1.47,1.0,2.55,2.75,1.1,1.05,1.05,1.05,1.9,4.55,2.05,1.25,1.5,4.74,3.1,1.6,1.05,3.47,4.5,3.63,"Social Scientists and Related Workers, All Other",0.04
194021,3.0,2.25,3.5,2.75,3.62,2.0,1.0,2.12,1.38,2.0,2.88,3.0,3.12,3.0,1.12,1.75,1.75,2.12,3.88,3.75,2.88,3.0,2.5,2.62,3.88,1.12,3.0,3.88,3.75,2.88,3.0,1.0,3.5,1.62,2.0,2.0,3.38,1.12,1.12,3.5,3.5,2.75,1.12,2.0,2.25,2.5,2.25,3.0,3.0,2.25,3.62,3.62,3.5,3.75,3.88,2.88,3.0,3.25,4.0,3.75,3.25,3.38,1.87,2.24,4.43,1.24,3.21,1.84,3.24,1.83,1.37,1.36,2.36,1.83,3.78,1.07,1.0,1.15,1.5,1.2,2.09,3.29,1.93,1.71,1.69,1.23,1.9,1.73,1.51,2.03,1.23,1.26,1.45,1.25,1.75,1.92,2.72,4.15,3.09,1.91,1.58,1.09,1.78,3.74,4.85,2.85,1.53,2.56,2.25,2.81,1.6,1.05,2.16,1.34,2.58,1.38,1.05,4.82,3.85,2.63,3.04,2.56,4.39,3.37,1.45,1.17,4.35,1.51,3.13,1.46,1.42,1.91,3.02,2.3,1.53,1.15,1.38,1.45,2.88,3.2,2.81,3.39,2.4,3.0,3.33,4.29,2.38,3.06,3.94,3.03,Biological Technicians,0.3
194031,3.12,2.62,3.62,3.12,3.62,1.88,1.0,2.0,1.25,2.0,2.88,3.12,3.12,3.0,1.0,2.0,1.75,2.12,3.75,3.75,3.12,3.12,2.75,2.88,4.0,1.0,3.0,3.75,3.62,3.0,3.0,1.0,3.75,2.12,2.12,1.88,3.12,1.0,1.38,3.38,3.25,3.0,1.88,1.88,2.12,2.62,2.25,3.0,3.12,2.12,4.0,3.88,3.38,3.88,4.0,3.12,3.0,3.88,4.0,4.12,3.38,3.88,1.88,2.94,1.62,1.38,3.81,1.93,3.11,2.41,1.71,1.15,2.66,2.4,3.52,1.23,1.01,1.48,1.59,1.0,1.82,3.39,2.19,1.0,1.74,1.11,2.04,2.97,1.48,1.9,1.46,1.21,1.61,1.03,2.11,2.46,3.84,3.9,3.65,2.64,2.71,1.29,2.5,3.11,5.0,4.89,1.8,1.53,2.37,4.49,2.38,1.15,1.93,1.91,3.57,1.71,1.01,4.99,3.84,3.35,4.16,3.74,4.87,3.62,1.44,1.35,4.91,2.63,3.16,1.9,2.07,2.95,3.02,1.86,2.37,1.12,1.92,1.67,2.81,2.4,3.67,4.0,2.83,3.33,4.35,5.0,2.7,3.08,4.57,2.88,Chemical Technicians,0.57
194051,3.06,2.69,3.375,2.935,3.75,2.25,1.125,1.94,1.56,2.25,3.125,3.0,3.315,2.815,1.94,2.0,2.12,2.75,3.81,3.815,2.935,3.0,2.56,2.435,3.69,1.375,2.87,3.94,3.81,2.875,3.62,1.44,4.0600000000000005,2.31,2.625,2.31,3.5,1.31,1.56,3.44,3.25,2.75,1.565,2.12,2.185,3.06,2.37,3.125,2.75,2.44,3.88,3.565,3.19,3.75,3.75,3.0,2.935,3.815,3.685,2.935,3.375,3.185,2.375,2.56,2.135,2.045,3.31,2.225,3.175,2.1,2.365,1.36,3.2,2.9400000000000004,3.255,1.0,1.03,1.04,1.525,1.325,2.745,3.295,3.38,1.66,1.765,1.22,3.645,2.135,1.95,3.67,1.13,1.4,2.415,1.46,1.82,3.135,3.955,4.365,4.085,2.25,2.71,1.245,2.1950000000000003,3.48,4.67,3.64,3.21,1.455,3.56,3.67,3.3,3.155,2.4450000000000003,4.74,4.19,3.635,1.4700000000000002,4.99,3.41,4.085,4.405,3.885,4.6850000000000005,4.0,2.765,1.66,4.505,4.09,2.54,3.615,2.96,1.66,3.845,2.715,2.265,2.08,1.735,2.115,2.335,2.755,3.04,3.335,2.855,4.805,3.53,4.845000000000001,3.725,3.39,4.720000000000001,3.125,Nuclear Technicians,0.85
194061,1.0,1.88,3.0,1.0,3.5,1.75,1.0,1.38,1.0,1.0,2.75,2.5,2.88,3.0,1.0,1.0,1.0,1.75,3.25,3.62,1.25,3.12,2.38,1.0,3.38,1.0,3.0,4.0,4.0,3.0,2.62,1.0,3.12,1.0,1.12,1.0,3.12,1.0,1.0,3.25,3.12,2.38,1.0,1.0,1.0,2.0,1.88,2.0,2.62,1.5,4.0,3.75,3.12,3.75,3.75,3.0,3.12,2.88,4.0,3.25,3.38,3.75,2.47,3.24,2.02,1.0,1.75,2.15,3.47,3.02,1.52,2.1,2.92,1.22,4.25,1.2,1.0,1.53,1.41,1.42,2.16,3.09,1.29,1.92,1.92,1.81,1.27,1.24,2.53,1.73,1.43,2.12,1.78,1.92,1.43,1.82,1.92,3.67,3.08,2.66,1.93,1.14,1.62,3.89,4.64,1.28,1.25,1.0,1.67,1.07,1.05,1.0,1.04,1.08,2.33,1.13,1.06,4.28,3.89,2.29,1.84,2.96,3.99,3.84,1.41,1.0,4.18,1.17,2.66,1.22,1.12,1.32,2.87,1.85,1.15,1.0,1.07,1.13,2.53,4.72,1.74,1.71,1.44,3.36,2.85,1.19,1.07,2.45,4.15,2.98,Social Science Research Assistants,0.65
194092,3.0,2.5,3.75,2.75,3.88,2.75,1.0,2.0,1.5,2.25,3.75,2.88,4.0,3.25,2.0,2.0,1.75,2.38,4.0,3.75,2.88,2.75,2.75,2.75,4.0,1.75,2.62,4.0,4.0,2.88,3.25,1.88,3.88,1.88,1.88,2.0,3.0,1.75,2.0,3.75,3.75,3.12,1.88,2.12,2.38,2.75,2.38,3.38,3.0,2.0,4.0,4.0,3.38,4.0,4.0,3.0,2.75,3.25,4.0,3.25,4.0,4.0,3.18,3.1,3.01,1.29,3.12,2.25,3.4,3.31,1.59,1.09,3.73,2.45,3.6,1.04,1.0,1.21,2.21,1.44,4.47,2.54,1.96,2.41,1.95,1.23,2.64,2.21,2.29,4.17,1.13,2.02,2.66,1.67,2.02,3.14,3.81,4.2,3.78,4.33,3.17,2.62,1.53,4.21,4.8,3.95,3.44,3.1,3.63,2.52,2.31,1.95,2.19,1.53,3.44,3.64,1.43,4.79,3.89,4.7,3.25,4.51,4.67,3.45,3.9,2.05,4.72,3.48,2.85,3.93,3.63,1.24,3.94,3.2,2.47,1.72,2.0,2.39,2.67,3.12,3.02,3.28,2.58,4.21,3.92,3.69,2.11,3.4,4.11,3.95,Forensic Science Technicians,0.0095
194099,2.75,2.31,3.125,2.685,3.685,2.125,1.0,1.5,1.125,1.5,3.0,2.875,3.25,3.13,1.06,1.5,1.31,2.185,3.5,3.435,2.565,3.185,2.685,2.12,3.81,1.125,3.0,3.75,3.685,3.065,3.12,1.06,3.685,1.88,1.81,1.87,3.185,1.0,1.375,3.31,3.25,2.685,1.31,1.5,1.56,2.56,1.75,2.815,3.0,1.815,3.75,3.69,3.06,3.38,3.5,2.75,3.25,3.565,3.625,2.685,3.31,3.25,2.795,2.87,1.905,1.65,2.51,2.35,3.755,3.11,2.35,1.895,2.855,2.88,3.415,1.1800000000000002,1.94,1.35,2.95,1.44,1.97,3.86,2.215,1.315,2.14,1.24,2.125,3.64,1.885,2.335,1.925,1.52,2.175,1.355,1.89,2.74,2.925,4.01,3.17,2.3600000000000003,2.37,1.16,2.08,3.855,4.665,2.895,1.81,1.455,1.575,2.595,2.07,1.495,1.69,1.1800000000000002,3.4450000000000003,2.205,1.145,4.495,4.0600000000000005,3.25,2.585,3.465,4.74,4.015,1.64,1.27,4.765000000000001,2.045,2.78,1.875,1.27,2.005,3.16,1.67,1.855,1.335,1.495,1.69,3.1950000000000003,3.41,2.69,3.885,2.42,3.57,3.83,3.095,1.7799999999999998,2.98,3.93,2.745,"Life, Physical and Social Science Technicians, All Other",0.61
211011,1.62,2.0,3.25,1.62,4.0,1.88,1.0,1.5,2.0,1.5,3.0,1.62,3.0,3.38,1.5,2.0,2.0,2.0,4.0,3.62,1.25,2.0,2.62,1.62,3.12,1.62,2.0,4.0,4.12,3.12,2.25,1.62,4.12,1.62,2.0,2.0,3.12,1.5,1.5,4.12,3.88,2.75,1.38,1.88,2.0,3.0,2.0,2.0,2.5,1.25,4.0,4.0,3.75,4.25,4.12,3.25,2.0,4.0,4.0,2.0,4.25,4.0,3.48,3.57,1.75,1.71,1.58,2.72,3.17,4.17,1.71,2.0,4.49,1.33,4.17,1.32,1.58,2.62,1.9,2.07,2.61,2.71,1.24,3.15,1.87,3.3,1.09,2.92,4.95,3.0,2.27,3.42,2.61,4.99,2.25,3.6,3.03,4.93,3.92,4.1,3.94,3.4,1.56,3.93,4.57,1.75,1.81,3.09,1.78,1.01,1.0,1.0,1.08,1.01,2.47,1.1,1.06,4.81,3.63,2.54,4.05,2.83,3.78,4.11,1.06,1.04,4.99,1.13,2.16,1.25,1.05,1.13,3.27,3.47,1.39,1.0,1.39,1.02,1.81,4.1,1.91,1.35,1.74,4.92,4.46,1.77,1.0,3.72,4.68,3.82,"Substance Abuse and Behavioural Disorder Counsellors, label 0",0.033
211012,1.0,2.0,3.12,1.0,3.75,1.38,1.0,1.0,1.0,1.0,2.5,1.0,2.75,3.62,1.0,1.0,1.0,1.75,3.75,3.38,1.25,2.62,2.62,1.0,3.38,1.0,2.12,4.25,4.25,3.12,2.62,1.0,3.75,1.0,1.25,1.12,3.12,1.0,1.0,3.75,3.62,2.38,1.0,1.12,1.0,2.5,1.75,1.88,2.38,1.5,4.0,4.0,3.75,4.38,3.88,3.75,2.25,3.75,3.88,1.5,4.12,3.88,2.86,3.11,1.38,1.21,1.19,2.32,2.73,4.06,1.28,1.26,3.44,1.4,3.9,1.25,1.12,1.84,1.32,1.53,2.51,2.09,1.32,1.26,2.12,2.16,1.22,1.33,3.14,2.65,1.97,2.84,1.51,3.59,1.54,4.11,2.96,4.87,4.6,4.09,3.76,2.03,1.52,4.15,4.93,1.62,1.28,2.19,1.65,1.0,1.04,1.01,1.08,1.0,2.75,1.34,1.11,4.98,4.01,3.92,2.8,4.16,3.99,3.44,1.4,1.0,4.66,1.33,2.76,1.32,1.39,1.04,3.42,2.69,1.54,1.0,1.09,1.34,2.32,4.27,2.26,2.18,2.03,4.95,3.76,1.32,1.0,2.8,4.85,3.23,"Educational, Guidance, School, and Vocational Counsellors",0.0085
211013,1.0,2.25,3.75,1.0,4.0,1.0,1.0,1.0,1.38,1.12,2.75,1.62,3.12,3.62,1.0,1.38,1.38,1.75,4.0,3.62,1.12,2.0,2.88,1.12,3.25,1.0,2.0,4.25,4.25,3.62,2.75,1.0,4.0,1.0,1.38,1.12,3.12,1.0,1.0,4.0,4.0,3.0,1.12,1.12,1.38,2.75,1.5,1.75,2.0,1.38,4.0,4.0,3.75,4.88,3.88,3.12,1.88,3.62,4.0,2.5,4.25,4.0,2.17,3.4,1.62,1.0,1.14,2.4,2.88,4.0,1.03,1.45,2.94,1.01,3.64,1.56,1.02,1.41,1.66,1.92,3.28,1.85,1.23,2.42,1.5,3.16,1.11,1.18,4.93,2.61,1.73,3.88,2.37,5.0,1.83,3.65,2.43,4.66,3.04,3.68,3.75,2.72,1.38,4.34,4.85,1.43,1.38,2.73,1.45,1.0,1.04,1.0,1.35,1.0,3.59,1.36,1.0,4.96,4.4,4.6,2.38,3.98,3.22,1.97,2.72,1.0,4.57,2.02,2.45,1.18,1.28,1.0,2.88,1.71,1.2,1.0,1.05,1.38,1.39,4.31,2.66,1.22,1.78,4.46,4.58,1.04,1.0,1.89,3.55,3.11,"Marriage Counsellors, label 0",0.014
211014,1.0,2.12,3.62,1.0,4.12,1.0,1.0,1.25,1.62,1.25,2.62,1.62,3.0,3.62,1.0,1.62,1.62,1.75,4.12,3.62,1.5,2.12,2.88,1.25,3.12,1.0,2.0,4.88,4.62,3.38,2.25,1.0,4.25,1.12,1.62,1.62,3.25,1.0,1.12,4.12,4.12,2.88,1.25,1.5,1.62,2.5,1.62,1.75,2.0,1.38,4.12,4.12,3.75,5.0,4.0,3.12,2.0,3.75,4.12,2.75,4.25,4.12,2.96,3.61,2.21,1.0,1.21,2.82,2.89,4.5,1.11,2.32,3.75,1.25,4.32,1.43,1.0,2.21,1.71,1.96,2.89,2.11,1.0,2.86,2.64,2.96,1.04,1.54,4.96,2.64,2.46,4.15,3.11,5.0,1.5,3.79,3.46,4.79,2.82,3.82,3.64,2.64,1.32,4.61,4.96,1.14,1.04,2.21,1.11,1.11,1.0,1.0,1.0,1.0,2.0,1.11,1.0,4.88,4.64,4.07,2.79,4.07,3.46,2.21,1.29,1.0,4.54,1.37,2.93,1.14,1.25,1.11,3.07,2.46,1.21,1.0,1.15,1.18,1.89,4.82,1.93,1.85,1.54,4.56,3.86,1.0,1.0,2.21,3.11,3.93,Mental Health Counsellors,0.0048
211015,1.38,2.0,3.12,1.0,3.88,1.0,1.0,1.25,1.38,1.5,2.88,1.88,2.75,3.12,1.0,1.38,1.38,1.75,3.75,3.12,1.12,2.12,2.12,1.12,3.25,1.0,2.12,4.0,4.0,3.12,2.38,1.0,3.88,1.0,1.38,1.62,2.62,1.0,1.0,4.0,3.75,2.5,1.25,1.38,1.38,2.62,1.75,1.75,2.0,1.12,3.88,3.88,3.12,4.0,3.62,3.12,2.0,3.88,3.75,2.25,4.0,3.62,3.28,3.85,1.43,1.17,1.29,2.87,3.62,4.14,1.4,2.32,3.94,1.46,3.88,1.21,1.32,1.39,1.96,1.54,3.05,2.68,1.3,2.69,3.29,2.39,1.1,1.92,3.95,3.17,2.45,3.34,2.62,4.1,2.51,3.2,2.42,4.56,3.93,4.24,3.23,2.18,1.73,4.07,4.85,1.78,1.12,1.94,1.65,1.0,1.19,1.07,1.38,1.18,3.03,1.59,1.0,4.79,4.09,4.25,3.43,3.93,3.9,3.47,3.1,1.0,4.73,2.19,3.0,1.98,1.84,1.3,2.89,2.52,1.62,1.0,1.16,1.39,2.5,3.98,2.42,2.2,2.14,4.78,4.16,1.5,1.14,3.41,4.37,3.87,Rehabilitation Counsellors,0.0094
211021,2.0,2.38,3.12,1.88,3.88,1.88,1.0,1.88,1.75,1.62,2.75,1.88,2.88,3.12,1.5,1.75,1.75,2.12,3.88,3.5,1.12,2.12,2.62,2.0,3.5,1.5,2.0,4.38,4.62,3.12,2.62,1.5,4.25,1.5,2.0,1.88,3.0,1.5,1.5,4.0,3.88,2.62,1.12,1.75,1.88,2.88,2.0,2.12,2.25,1.38,4.12,4.12,3.38,4.88,4.12,3.12,2.0,3.88,4.0,2.25,4.5,3.75,2.97,3.63,2.01,1.13,1.47,2.44,2.8,4.32,1.32,2.13,3.33,1.38,3.82,1.65,1.13,2.23,1.69,1.76,3.14,2.15,1.33,2.18,2.46,2.41,1.26,1.89,4.13,2.77,2.2,3.41,2.05,4.13,1.83,4.53,3.64,4.95,3.97,4.27,4.48,3.32,2.21,4.4,5.0,1.85,1.39,2.47,1.29,1.09,1.0,1.0,1.27,1.0,2.38,1.5,1.0,4.95,4.44,4.17,2.73,3.98,4.26,3.16,2.85,1.0,4.2,1.94,2.42,2.83,1.96,1.0,3.23,2.87,1.28,1.0,1.0,1.2,3.34,3.5,2.43,2.04,2.12,4.85,4.33,1.28,1.0,2.92,4.77,3.98,"Child, Family, and School Social Workers",0.028
211022,1.0,2.0,3.0,1.25,4.0,1.25,1.0,1.25,1.75,1.38,2.88,1.88,2.88,3.75,1.0,1.75,1.75,1.62,3.88,3.38,1.5,2.0,2.88,1.62,3.0,1.0,2.0,4.0,4.12,3.0,2.5,1.0,4.0,1.0,1.88,1.88,3.0,1.0,1.0,4.0,4.0,2.75,1.25,1.88,1.62,2.75,2.12,1.62,2.0,1.5,4.0,3.88,3.75,4.0,4.0,3.12,2.0,3.25,4.0,2.62,4.12,3.88,2.93,3.04,2.22,1.08,1.44,2.63,2.7,3.93,1.07,1.93,3.52,1.15,4.37,1.3,1.15,2.15,1.63,2.11,2.96,1.85,1.26,2.93,2.37,3.15,1.26,1.37,4.89,2.7,1.67,4.37,1.93,4.74,2.27,3.93,2.7,4.81,3.74,4.04,3.89,2.56,1.69,4.22,4.93,2.26,1.59,4.0,1.5,1.19,1.07,1.0,1.33,1.11,2.96,1.77,1.0,4.96,4.3,3.89,3.22,3.89,2.89,2.26,3.31,1.0,4.81,2.11,2.85,1.73,1.35,1.15,3.92,2.48,1.48,1.0,1.33,1.44,2.04,3.7,2.52,1.63,2.62,5.0,4.0,2.31,1.69,2.74,4.73,4.0,Healthcare Social Workers,0.0035
211023,1.0,2.62,3.75,1.0,4.0,1.12,1.0,1.12,1.88,1.12,2.62,1.62,3.25,3.88,1.0,1.88,1.88,2.25,4.0,3.75,1.12,2.5,2.75,1.12,3.25,1.0,2.12,4.5,4.25,3.75,2.75,1.0,4.12,1.0,1.88,1.88,3.12,1.0,1.0,4.0,3.88,2.75,1.12,1.62,1.88,2.62,2.0,2.12,2.0,1.25,4.12,4.12,3.25,4.12,4.0,3.75,2.0,4.0,4.0,2.62,4.12,3.75,2.98,2.94,1.76,1.06,1.37,2.64,2.8,3.8,1.06,1.23,3.68,1.12,3.9,1.32,1.1,1.52,1.46,1.43,2.97,1.81,1.11,3.04,2.54,3.0,1.01,1.1,4.66,3.3,1.46,3.61,1.81,4.83,1.85,3.52,2.86,4.79,3.69,3.93,4.05,2.99,1.77,4.25,4.89,2.0,1.23,2.02,1.56,1.0,1.0,1.0,1.15,1.0,2.77,1.42,1.0,4.97,4.34,3.59,2.93,3.52,3.67,3.33,2.81,1.0,4.62,2.04,2.3,2.04,1.45,1.0,3.26,2.68,1.13,1.0,1.01,1.18,2.44,4.09,2.18,1.54,2.2,4.8,4.39,1.1,1.0,2.91,4.49,3.23,Mental Health and Substance Abuse Workers,0.0031
211091,2.0,2.0,3.0,2.0,3.62,1.75,1.0,1.38,1.25,1.5,2.88,2.25,2.5,3.38,1.0,1.25,1.25,1.88,3.88,3.12,2.0,2.12,2.12,2.0,3.62,1.0,2.25,4.0,4.25,3.25,2.12,1.0,3.75,1.25,1.25,1.12,3.0,1.0,1.12,4.0,3.75,2.12,1.0,1.62,2.0,2.62,1.88,2.12,2.12,1.38,4.0,4.0,3.88,4.12,3.75,4.0,2.12,3.25,3.75,2.5,4.12,4.12,3.34,4.08,2.75,1.11,2.33,3.4,3.41,4.61,1.43,2.35,4.53,1.64,4.21,1.2,1.2,2.25,1.52,1.42,2.9,3.57,1.12,3.39,3.16,2.92,1.54,1.37,3.63,3.59,2.39,3.5,2.65,3.19,2.61,3.51,2.46,4.73,3.79,3.91,3.06,1.88,1.57,4.15,5.0,1.96,1.72,3.0,1.34,1.16,1.01,1.0,1.66,1.0,2.31,1.23,1.01,4.88,4.42,3.82,3.55,4.07,3.79,3.55,2.89,1.06,3.93,2.19,2.66,1.66,1.75,1.11,3.56,3.6,1.52,1.0,1.05,1.07,2.97,3.56,2.34,1.71,1.94,4.77,3.81,2.25,1.07,3.27,4.26,3.46,Health Educators,0.045
211092,2.0,2.12,3.0,2.0,4.0,2.12,1.0,1.38,2.12,1.5,2.5,2.0,2.88,2.88,1.62,2.12,2.0,2.12,3.88,3.0,2.0,2.0,2.12,2.12,3.25,1.5,2.0,3.88,4.12,2.75,2.12,1.5,4.0,1.62,2.12,2.12,3.0,1.5,1.5,3.75,3.75,2.25,2.0,2.0,2.12,2.62,2.25,1.62,2.0,1.38,4.0,3.75,3.38,4.0,3.88,2.25,1.88,3.75,3.88,1.75,4.0,3.75,2.84,3.44,1.21,1.13,1.37,2.38,3.1,3.19,1.17,1.48,3.11,1.23,4.12,1.13,1.07,1.84,1.92,1.37,4.39,2.1,1.16,1.53,2.15,2.2,1.09,1.32,4.11,4.34,1.21,3.58,2.02,3.96,2.22,4.47,3.56,4.96,3.47,4.65,4.31,3.91,2.66,3.98,4.75,3.06,2.32,3.4,2.42,1.92,1.63,1.12,2.01,1.06,3.16,2.88,1.0,4.71,4.16,4.0,3.87,4.21,4.37,4.0,3.9,1.21,4.4,3.03,2.64,3.49,1.93,1.36,3.63,2.55,1.79,1.09,1.52,1.5,2.55,3.75,2.47,2.91,2.53,4.83,4.4,2.09,1.44,2.82,4.27,3.91,Probation Officers and Correctional Treatment Specialists,0.25
211093,1.5,2.25,3.0,1.62,3.88,2.0,1.0,1.88,1.75,1.88,2.75,1.75,3.0,3.25,1.38,1.75,1.75,2.0,3.25,3.0,1.5,2.0,2.75,2.0,3.25,1.25,2.0,3.88,4.0,3.0,2.75,1.38,3.88,1.25,1.5,1.5,3.0,1.0,1.62,3.88,3.62,2.75,1.0,1.88,1.88,2.75,2.0,2.0,2.12,1.25,3.88,3.88,3.25,4.0,3.62,2.88,2.0,3.62,3.75,1.75,4.0,3.62,2.12,3.34,1.24,1.02,1.44,1.83,3.21,4.48,1.03,1.52,3.14,1.11,3.74,1.19,1.03,1.78,1.41,1.07,2.82,2.12,1.1,2.32,1.78,2.61,1.01,1.37,4.28,2.52,1.42,3.27,1.85,3.94,1.66,3.79,2.71,4.88,4.31,4.5,3.57,2.21,2.23,4.07,4.79,2.66,1.5,3.13,1.93,1.03,1.01,1.27,1.53,1.4,3.42,2.38,1.0,4.97,3.94,3.74,3.84,3.72,4.08,3.41,2.93,1.0,4.22,1.88,2.54,2.29,1.84,1.46,3.44,3.24,1.86,1.0,1.67,1.61,2.94,3.4,2.33,2.09,2.41,4.76,4.12,1.83,1.02,3.14,4.61,4.38,Social and Human Service Assistants,0.13
212011,1.0,2.12,3.25,1.0,4.0,1.0,1.0,1.0,1.0,1.0,3.0,1.38,3.0,3.88,1.0,1.0,1.0,1.88,4.0,3.75,1.25,1.75,3.12,1.25,3.38,1.0,2.38,4.12,4.75,3.88,2.5,1.0,4.0,1.0,1.0,1.0,3.38,1.0,1.12,4.88,4.0,2.75,1.0,1.0,1.0,2.88,1.88,2.0,2.0,1.75,4.0,4.0,3.75,4.25,3.75,3.62,1.88,3.5,3.88,1.38,4.75,3.88,4.13,3.49,1.38,1.84,1.2,3.74,2.85,3.98,1.74,2.89,3.83,1.76,4.15,3.17,1.08,2.39,1.76,2.76,2.89,2.05,1.83,1.45,3.51,4.68,1.4,2.06,3.66,3.31,2.4,3.61,2.33,3.81,1.81,3.41,2.74,4.59,4.21,3.76,2.87,1.51,1.71,4.44,4.83,1.21,1.07,1.41,1.21,1.0,1.16,1.22,1.05,1.0,2.07,1.33,1.12,4.73,4.51,3.87,3.2,4.11,3.53,2.87,2.27,1.08,4.39,1.95,2.24,1.99,1.71,1.0,3.0,3.78,1.36,1.15,1.25,1.43,2.02,4.06,2.31,1.34,1.83,4.68,3.87,1.23,1.0,3.77,4.23,3.74,"Clergy, label 0",0.0081
212021,1.0,2.0,3.12,1.0,3.75,2.0,1.12,1.25,1.25,1.12,2.88,1.38,2.88,3.38,1.0,1.25,1.12,2.0,3.38,3.25,1.0,2.62,2.88,1.38,3.12,1.0,2.75,3.88,4.0,3.38,2.25,1.0,3.62,1.0,1.0,1.0,3.0,1.0,1.12,3.88,3.88,2.62,1.0,1.25,1.25,2.5,2.12,2.0,2.5,1.5,4.0,4.0,3.88,4.0,3.88,3.75,2.12,3.12,3.88,1.38,4.12,3.25,3.2,2.53,1.52,1.57,1.26,3.07,2.26,3.94,1.5,2.57,4.01,1.51,3.75,1.76,1.32,1.61,1.51,1.77,2.55,2.4,1.42,2.08,3.11,4.18,1.01,1.42,3.5,3.14,2.27,2.84,1.85,3.42,1.84,2.51,1.44,4.09,3.87,3.26,2.1,1.01,1.44,4.98,4.45,1.04,1.01,1.4,1.01,1.0,1.01,1.11,1.12,1.0,1.4,1.26,1.01,4.21,4.72,3.4,2.67,3.14,2.32,1.57,1.81,1.01,4.84,1.72,1.3,1.42,1.28,1.0,3.4,3.32,1.18,1.01,1.06,1.17,1.59,3.67,2.47,1.48,1.76,4.26,2.61,1.01,1.01,2.85,4.02,2.74,"Directors, Religious Activities and Education",0.025
231011,1.12,2.12,3.75,1.12,4.12,1.5,1.0,1.0,1.0,1.0,2.75,1.75,3.0,3.75,1.0,1.0,1.0,1.75,4.0,3.88,1.12,2.62,2.88,1.0,3.75,1.0,2.38,4.62,4.88,3.75,2.62,1.0,4.0,1.0,1.0,1.0,3.25,1.0,1.12,4.38,3.75,2.88,1.0,1.0,1.0,2.88,1.75,1.75,2.5,1.62,4.62,4.5,3.75,4.5,4.5,3.12,2.0,3.38,4.5,1.5,4.62,4.25,2.77,3.2,1.04,1.02,1.13,3.02,3.07,4.0,1.04,2.18,2.58,1.17,4.66,1.1,1.0,1.25,1.47,1.69,4.98,2.31,1.02,1.19,2.39,1.41,1.0,1.52,2.28,2.35,1.91,2.12,1.78,1.72,1.36,3.44,3.81,4.75,3.77,3.86,3.35,1.71,1.44,4.76,4.96,1.26,1.3,1.07,1.01,1.0,1.0,1.0,1.0,1.0,2.19,1.0,1.0,4.44,4.67,4.21,2.38,4.48,4.4,2.91,1.81,1.0,3.86,1.22,3.61,1.22,1.1,1.0,2.61,2.73,1.02,1.06,1.02,1.1,1.92,4.55,1.95,1.18,1.38,4.89,4.18,1.0,1.0,3.9,3.58,4.4,Lawyers,0.035
231012,1.25,2.0,3.5,1.25,3.75,1.0,1.0,1.25,1.0,1.0,2.88,1.88,2.75,3.0,1.0,1.0,1.0,1.75,3.88,3.75,1.38,2.5,2.62,1.0,3.88,1.0,2.5,4.25,4.12,2.75,2.5,1.0,3.75,1.0,1.0,1.0,3.0,1.0,1.0,3.88,3.88,2.25,1.0,1.0,1.0,2.38,1.5,2.5,1.88,1.62,4.5,4.25,3.75,4.25,4.25,3.0,1.88,3.0,4.5,1.0,4.0,4.12,2.26,3.5,1.09,1.08,1.07,2.23,2.88,2.0,1.2,1.75,1.44,1.0,4.45,1.0,1.0,1.43,1.49,1.79,4.88,1.68,1.07,1.16,1.51,1.65,1.02,1.0,1.54,2.74,1.08,1.35,1.51,1.17,1.31,2.41,2.72,4.09,3.0,3.38,2.93,1.59,1.84,3.89,4.87,1.11,1.02,1.03,1.18,1.05,1.0,1.0,1.05,1.0,2.13,1.02,1.0,4.63,3.67,3.96,1.26,4.56,4.85,3.5,1.0,1.0,4.91,1.0,3.3,1.0,1.0,1.0,2.49,1.81,1.29,1.0,1.01,1.0,2.79,4.54,2.09,2.55,1.76,4.4,4.07,1.0,1.0,2.55,3.83,4.26,"Judicial Law Clerks, label 1",0.41
231021,1.75,2.0,3.12,1.62,4.12,1.0,1.0,1.12,1.0,1.0,2.75,1.88,2.88,2.88,1.0,1.0,1.0,2.0,4.25,3.75,1.75,2.25,2.62,1.0,3.75,1.0,2.12,4.25,4.0,2.88,2.62,1.0,4.0,1.0,1.0,1.0,3.12,1.0,1.0,3.88,3.75,2.75,1.0,1.0,1.0,2.75,1.38,1.88,1.75,1.25,4.25,4.12,3.75,4.25,4.25,3.0,2.12,3.62,4.25,1.62,4.0,4.12,3.27,3.43,1.72,1.34,1.13,2.2,2.75,3.87,1.12,1.71,2.39,1.25,4.12,1.0,1.0,1.32,1.27,1.21,4.84,2.68,1.46,3.32,2.5,1.6,1.01,1.61,2.47,2.44,1.0,1.74,1.67,2.57,1.9,3.75,2.47,4.36,3.45,4.78,3.81,2.0,2.15,4.35,4.92,1.36,1.11,1.34,1.35,1.01,1.0,1.0,1.02,1.0,2.5,1.02,1.0,4.2,4.53,4.85,1.63,4.47,4.52,4.17,1.35,1.0,4.97,1.05,2.93,1.01,1.01,1.02,2.67,2.64,1.34,1.0,1.09,1.08,3.67,4.94,1.61,2.99,1.42,4.46,4.42,1.0,1.0,2.45,3.54,4.51,"Administrative Law Judges, Adjudicators, and Hearing Officers",0.64
231022,1.0,1.88,3.0,1.0,4.0,1.12,1.0,1.0,1.0,1.0,2.88,1.25,2.88,3.12,1.0,1.0,1.0,2.0,4.0,3.12,1.0,2.12,2.0,1.0,3.38,1.0,2.0,4.12,4.12,3.0,2.0,1.0,3.75,1.0,1.0,1.0,3.25,1.0,1.0,4.0,3.75,2.75,1.0,1.0,1.0,2.5,1.88,2.0,2.0,1.5,4.25,4.25,3.88,4.38,4.0,2.88,2.12,2.88,4.12,1.25,4.12,4.25,3.05,2.35,1.3,1.58,1.35,2.25,2.58,2.5,1.26,2.6,2.68,1.5,4.21,1.25,1.32,1.3,1.65,1.72,4.21,2.5,1.65,1.74,4.05,1.58,1.35,2.39,2.53,2.53,1.8,2.15,2.11,1.68,2.25,3.85,2.4,3.65,2.25,2.26,2.8,1.75,2.1,4.65,4.55,1.3,1.35,1.35,1.26,1.2,1.2,1.15,1.1,1.16,1.75,1.11,1.15,3.67,4.75,3.7,2.05,4.3,4.65,2.2,1.16,1.1,3.05,1.58,3.25,1.2,1.16,1.0,3.05,2.05,1.15,1.1,1.1,1.1,1.65,4.75,1.6,1.7,1.2,3.47,3.8,1.25,1.15,2.6,2.15,3.74,"Arbitrators, Mediators, and Conciliators",0.06
231023,1.0,1.88,3.25,1.0,4.62,1.0,1.0,1.12,1.0,1.0,2.38,1.5,2.88,3.0,1.0,1.38,1.0,1.88,4.25,3.88,1.0,2.12,2.75,1.0,4.0,1.0,2.0,4.62,4.25,3.0,2.75,1.0,4.0,1.0,1.12,1.12,3.0,1.0,1.0,4.12,4.0,2.88,1.0,1.0,1.12,2.62,1.12,2.0,2.0,1.0,4.38,4.12,4.0,5.0,4.88,2.75,2.12,3.88,4.25,1.75,4.12,4.12,3.6,2.15,1.36,1.28,1.36,2.45,2.78,3.25,1.0,1.97,2.25,1.17,4.51,1.0,1.0,1.62,1.58,1.57,4.9,2.1,1.23,1.55,2.59,1.55,1.26,1.13,3.36,3.1,1.06,2.45,1.86,2.68,1.48,4.68,3.65,4.68,4.41,4.68,4.31,3.37,2.13,4.91,4.85,1.28,1.0,1.64,1.22,1.05,1.0,1.11,1.0,1.0,2.38,1.7,1.0,4.89,4.99,4.61,2.66,4.89,4.75,3.31,1.87,1.0,5.0,1.31,3.1,1.31,1.21,1.0,3.43,4.24,1.15,1.0,1.0,1.0,2.68,4.79,1.59,1.95,1.36,4.24,4.73,1.0,1.0,3.6,4.75,4.21,"Judges, Magistrate Judges, and Magistrates, label 0",0.4
232011,1.5,2.0,3.0,1.38,3.25,1.0,1.0,1.12,1.0,1.0,2.75,2.0,2.88,2.75,1.0,1.0,1.0,1.88,3.25,3.12,1.88,2.0,2.62,1.0,3.75,1.0,2.0,3.88,3.88,2.62,2.88,1.0,3.5,1.0,1.0,1.0,2.88,1.0,1.0,3.75,3.75,2.0,1.0,1.0,1.0,2.12,1.88,2.0,2.0,1.88,4.0,3.88,3.0,3.88,3.25,2.25,2.0,3.0,3.88,1.38,3.62,4.0,3.31,4.16,1.85,1.13,1.18,2.17,3.91,3.64,1.2,2.55,2.56,1.6,4.42,1.1,1.1,1.45,1.7,1.54,4.78,2.61,1.14,2.14,2.55,1.27,1.2,1.69,2.03,2.29,2.01,1.67,2.26,1.52,1.7,2.14,2.92,4.53,3.28,3.22,1.97,1.19,1.5,4.24,5.0,1.02,1.03,1.13,1.26,1.02,1.02,1.0,1.16,1.0,1.6,1.0,1.0,4.69,4.12,3.92,1.87,3.89,4.79,3.86,1.35,1.0,4.88,1.13,2.67,1.29,1.02,1.11,2.75,1.77,1.15,1.03,1.15,1.27,3.66,4.77,1.7,2.86,1.38,4.54,4.36,1.02,1.0,2.66,4.25,4.52,"Paralegals and Legal Assistants, label 1",0.94
232093,1.5,2.0,2.88,1.62,3.5,1.38,1.0,1.5,1.0,1.0,2.25,2.0,3.0,2.25,1.0,1.0,1.0,1.75,3.25,3.0,1.62,2.12,2.0,1.0,3.5,1.0,2.0,4.0,4.0,2.12,2.5,1.0,3.25,1.0,1.0,1.0,2.75,1.0,1.0,3.38,3.5,2.12,1.0,1.0,1.0,2.0,1.75,1.88,2.12,1.5,4.0,3.75,3.0,3.75,3.62,2.38,2.25,3.0,4.12,1.25,3.62,3.38,1.83,3.15,1.0,1.09,1.0,1.72,3.01,3.11,1.33,1.56,1.99,1.48,3.61,1.0,1.0,1.0,2.31,1.18,3.53,2.61,1.09,1.0,1.26,1.0,1.09,2.31,1.22,1.49,1.77,1.13,1.62,1.0,1.53,2.59,3.46,3.65,3.89,4.18,2.6,1.21,3.03,4.69,4.96,1.32,1.31,1.04,1.3,1.05,1.05,1.04,1.45,1.0,2.78,1.46,1.0,4.73,4.64,4.39,2.26,4.33,5.0,4.36,1.36,1.0,4.82,1.0,3.39,1.45,1.0,1.14,2.99,1.43,1.59,1.04,1.27,1.51,3.53,4.45,1.91,2.83,1.83,4.32,4.41,1.0,1.0,3.41,4.29,3.26,"Title Examiners, Abstractors, and Searchers",0.99
252011,2.12,2.5,2.88,1.62,3.5,2.0,1.0,2.0,1.38,2.38,3.0,2.12,2.88,3.62,1.0,2.12,2.0,2.5,3.0,3.25,2.12,2.38,2.75,2.12,3.25,1.0,2.0,4.0,4.0,3.75,2.62,1.0,3.88,1.0,1.25,1.12,2.88,1.38,1.12,4.0,3.62,2.75,1.62,2.38,2.12,2.88,2.75,2.5,2.62,1.25,3.62,3.12,3.12,3.88,3.75,3.88,2.0,3.75,3.75,1.62,4.0,3.0,2.66,2.57,1.51,1.33,1.3,2.3,1.98,3.2,1.52,1.32,3.99,1.26,3.79,2.21,1.65,2.19,1.97,1.82,2.23,2.32,1.44,2.22,2.12,1.93,1.24,1.37,3.08,3.29,2.09,2.43,1.86,2.36,1.71,3.43,3.08,4.8,3.82,3.25,3.17,1.98,1.56,3.6,2.27,1.55,1.17,3.07,1.62,1.0,1.0,1.0,2.02,1.0,3.47,1.97,1.02,4.29,3.55,3.54,3.04,3.63,3.35,2.01,1.38,1.0,4.34,1.49,2.49,3.11,1.82,1.0,4.05,2.53,2.96,1.0,2.12,3.09,2.53,2.06,3.63,2.98,3.11,2.74,3.07,1.13,1.0,2.72,4.37,3.37,"Preschool Teachers, Except Special Education, label 0",0.0073
252012,2.25,2.25,3.12,1.62,3.38,1.5,1.0,2.0,1.5,2.25,2.75,2.25,2.88,3.75,1.0,2.25,2.12,2.12,3.38,3.25,1.62,2.5,2.75,2.12,3.25,1.0,2.88,3.88,4.12,3.38,2.62,1.0,3.88,1.0,1.0,1.0,3.25,1.12,1.0,3.88,3.62,2.75,1.0,1.88,2.25,3.0,2.38,2.38,2.38,1.5,4.0,3.88,3.25,4.0,3.25,4.0,2.25,4.0,3.88,1.38,4.0,3.25,2.92,3.28,2.29,1.17,1.54,2.64,3.22,3.53,1.81,1.61,4.69,1.88,4.61,2.59,1.37,2.1,3.17,2.97,2.32,3.86,1.29,2.08,2.4,2.93,1.49,1.62,3.95,3.31,1.45,3.33,1.86,3.23,1.73,3.3,2.15,4.64,4.1,4.34,2.87,1.81,1.68,3.83,4.85,2.46,1.52,3.7,1.74,1.24,1.29,1.19,1.67,1.0,3.16,1.62,1.13,4.58,4.14,4.14,2.95,3.9,3.39,2.45,1.22,1.16,4.22,1.98,2.73,2.49,2.02,1.28,4.42,3.82,2.6,1.17,1.54,2.67,2.7,2.12,4.07,2.67,3.35,3.85,3.74,1.26,1.0,2.84,4.57,4.11,"Kindergarten Teachers, Except Education",0.15
252021,1.62,2.75,3.38,1.12,3.88,1.5,1.0,1.38,1.38,1.88,3.0,1.75,3.0,3.88,1.0,1.88,1.5,2.0,4.0,3.88,1.5,3.0,2.88,1.88,3.75,1.0,2.88,4.0,4.62,3.75,2.62,1.0,4.0,1.0,1.0,1.0,3.12,1.12,1.0,4.0,4.0,2.62,1.38,2.12,2.0,3.0,2.12,2.62,2.62,1.88,3.88,3.88,3.75,4.0,4.0,4.25,2.75,4.0,3.88,2.0,4.12,3.88,3.14,3.17,1.84,1.38,1.33,3.1,3.23,3.85,1.79,1.57,4.84,1.84,4.86,1.94,1.07,1.98,2.88,2.87,2.47,3.91,1.27,1.72,2.51,2.66,1.53,1.35,3.66,3.18,1.78,2.94,2.02,3.27,1.71,4.05,1.86,4.89,4.67,4.53,4.04,2.38,1.91,3.93,5.0,1.49,1.22,3.33,1.0,1.0,1.11,1.03,1.62,1.0,4.28,1.78,1.03,4.87,3.99,3.97,3.82,3.96,3.36,2.42,1.21,1.0,4.42,1.68,2.62,2.52,1.05,1.03,4.86,4.59,2.0,1.09,1.54,2.4,2.22,2.32,4.21,2.2,3.16,3.6,3.76,1.1,1.0,3.94,4.97,3.61,"Elementary School Teacher, Except Special Education",0.0044
252022,1.38,2.12,2.88,1.38,3.75,1.62,1.0,1.0,1.0,1.0,2.88,1.88,3.0,3.38,1.0,1.25,1.25,2.0,3.25,3.88,1.25,2.88,3.0,1.0,3.75,1.0,2.88,3.88,4.25,3.12,2.75,1.0,3.88,1.0,1.0,1.0,3.0,1.12,1.0,3.88,3.75,2.62,1.0,1.38,1.0,2.75,2.0,2.12,2.5,1.25,3.88,3.88,3.88,4.0,3.75,4.25,2.88,3.88,3.88,2.0,4.12,3.88,2.45,3.03,2.21,1.1,1.91,2.85,3.23,3.09,1.56,1.41,4.47,1.84,4.33,2.25,1.49,1.42,3.01,3.17,2.63,3.66,1.3,1.83,2.23,3.79,2.02,1.33,3.3,3.16,1.67,3.07,1.82,2.47,1.53,3.15,1.85,4.77,4.04,2.83,3.4,2.06,1.42,4.57,4.86,1.9,1.33,2.36,1.37,1.02,1.0,1.0,1.36,1.0,3.16,1.55,1.0,4.8,4.38,4.15,3.22,3.36,3.39,3.22,1.46,1.0,4.48,2.17,2.22,2.45,1.85,1.01,4.28,4.13,1.9,1.11,1.22,1.8,2.34,2.5,3.59,2.55,2.98,3.39,3.32,1.06,1.0,3.22,4.62,3.26,"Middle School Teachers, Excepts Special and Career/Technical Education",0.17
252023,2.12,2.75,3.25,2.12,3.88,1.88,1.0,1.88,1.38,1.75,3.12,2.12,2.75,3.25,1.0,1.88,1.88,2.62,3.75,3.12,2.0,2.75,2.75,2.0,3.88,1.0,2.38,4.0,4.12,3.25,3.0,1.0,3.75,1.75,1.88,1.5,3.12,1.0,1.12,4.0,3.88,2.62,1.38,1.88,1.88,3.0,2.12,2.5,2.75,2.0,4.0,3.88,3.5,4.0,3.88,4.0,2.5,3.88,4.0,1.88,4.12,3.62,3.4,3.45,2.4,2.52,2.08,2.77,3.57,3.23,2.91,2.68,4.23,3.12,4.46,1.8,2.36,2.06,2.03,2.41,2.7,2.98,2.61,1.56,2.63,2.23,1.64,2.45,3.73,3.11,2.17,2.79,2.31,2.44,2.37,3.71,2.78,4.64,4.22,3.83,3.89,2.42,1.31,4.27,4.81,2.04,1.19,1.92,1.42,1.33,2.13,1.09,2.07,1.0,3.14,1.46,1.06,4.55,4.4,4.52,3.2,3.67,3.73,2.78,1.63,1.21,4.32,1.71,2.5,1.85,1.61,1.44,4.13,3.59,1.61,1.22,1.09,1.59,1.82,2.47,3.63,2.76,2.7,3.7,3.88,2.69,1.17,3.31,4.24,3.22,"Career/Technical Education Teachers, Middle School",0.26
252031,1.62,2.12,3.25,1.0,3.88,1.62,1.0,1.12,1.12,1.12,3.0,1.62,2.88,3.5,1.0,1.25,1.12,2.0,3.75,3.62,1.12,3.0,2.88,1.12,3.88,1.0,2.88,4.0,4.12,3.38,2.88,1.0,3.75,1.0,1.0,1.0,3.0,1.0,1.25,4.0,4.0,2.75,1.0,1.25,1.25,2.75,2.0,2.0,2.75,1.25,4.0,4.0,3.75,4.0,3.88,4.0,2.75,3.88,4.0,2.0,4.0,3.62,2.66,2.88,2.19,1.03,1.63,2.97,3.58,3.94,1.81,1.39,4.69,1.89,4.35,2.13,1.12,2.21,2.73,3.03,2.73,2.71,1.39,1.85,2.32,2.57,1.65,1.15,3.36,2.85,1.38,3.18,1.93,2.64,1.6,3.43,2.22,4.78,4.09,3.34,3.41,1.94,1.37,4.04,4.96,1.8,1.47,2.48,1.55,1.18,1.38,1.12,1.54,1.08,3.63,1.68,1.06,4.73,4.25,3.57,3.29,3.49,3.14,2.26,1.58,1.14,4.56,2.04,2.2,2.12,1.53,1.12,4.19,4.52,1.71,1.24,1.49,1.62,1.99,3.0,3.28,2.27,2.58,3.56,3.28,1.3,1.06,3.05,4.24,2.9,"Secondary School Teachers, Except Special and Career/Technical Education",0.0078
252032,2.75,2.75,3.5,2.38,3.88,2.0,1.0,1.75,1.62,2.0,3.38,2.5,3.0,3.75,1.5,1.75,1.75,2.38,4.0,3.75,2.62,3.0,3.0,2.0,3.88,1.38,2.88,4.12,4.25,3.38,2.88,1.5,4.0,1.88,1.88,2.0,3.12,1.5,1.75,4.12,4.0,3.0,1.5,2.0,2.12,3.0,2.5,2.62,2.75,2.12,4.12,4.0,3.88,4.12,4.0,4.12,3.0,4.0,4.12,1.75,4.12,4.0,3.26,2.78,2.03,1.52,2.09,2.85,3.78,3.53,2.83,2.22,4.51,2.35,4.05,2.28,1.87,2.11,2.25,2.1,2.67,3.12,2.12,1.92,2.77,2.42,1.81,2.44,3.1,3.27,2.4,2.61,2.46,2.71,2.36,3.51,2.86,4.53,4.01,3.06,3.8,2.41,1.41,4.13,4.79,2.4,2.27,2.57,2.13,1.66,1.6,1.62,1.88,1.26,3.59,2.16,1.14,4.4,4.07,4.36,3.77,3.88,3.62,3.13,1.96,1.4,3.69,2.83,2.77,2.23,1.85,1.66,4.04,4.45,2.2,1.29,1.49,1.87,2.43,2.78,3.24,2.71,2.82,3.54,3.95,2.62,1.61,3.26,3.8,3.37,"Career/Technical Education Teachers, Secondary School",0.0088
253011,1.0,2.0,2.88,1.0,3.5,1.0,1.0,1.0,1.0,1.0,2.75,1.75,3.0,3.25,1.0,1.0,1.0,2.0,3.25,3.0,1.0,2.88,2.75,1.0,3.62,1.0,2.88,3.88,4.25,3.25,2.62,1.0,3.5,1.0,1.0,1.0,3.0,1.0,1.0,3.88,3.75,2.62,1.0,1.0,1.0,2.75,2.0,2.0,2.0,1.0,4.0,4.0,3.5,3.75,3.5,3.75,2.62,3.62,3.75,1.75,3.75,3.62,2.91,3.17,1.55,1.0,1.4,2.27,2.49,3.51,1.13,1.34,3.91,1.06,4.42,1.56,1.0,1.76,2.25,2.26,2.02,2.75,1.0,1.12,1.81,1.96,1.17,1.04,2.67,1.91,1.53,2.61,1.44,2.17,1.26,2.6,1.97,4.27,4.33,3.22,2.29,1.6,1.54,4.37,4.58,1.95,1.32,1.76,1.32,1.1,1.0,1.0,1.3,1.13,2.24,1.36,1.0,4.41,4.24,3.66,2.83,3.63,3.88,2.7,1.0,1.0,3.96,1.6,2.82,1.19,1.19,1.09,4.18,3.59,1.71,1.0,1.07,1.15,2.36,3.07,3.27,2.34,2.03,3.47,3.21,1.3,1.0,3.2,3.75,2.92,Adult Basic and Secondary Education and Literacy Teachers and Instructors,0.19
253021,2.0,2.0,3.0,1.75,3.12,1.75,1.0,1.75,1.25,1.88,2.5,2.0,2.62,3.0,1.0,1.62,1.62,1.62,3.0,3.12,1.88,2.0,2.5,1.75,3.12,1.0,2.0,3.88,4.0,3.0,2.12,1.0,3.0,1.25,1.25,1.5,2.62,1.0,1.12,3.62,3.25,2.0,1.0,1.88,1.75,2.38,2.12,2.0,2.5,1.62,3.12,3.12,3.12,3.38,3.12,3.38,2.0,3.12,3.12,1.38,3.62,3.0,2.07,2.02,1.48,1.01,1.19,2.43,2.46,3.49,1.11,1.23,4.27,1.61,3.25,2.17,1.02,2.44,2.19,1.64,1.92,2.44,1.56,1.42,1.68,1.69,1.89,1.57,2.45,2.04,2.42,2.48,1.26,1.66,1.4,2.14,1.84,4.75,3.81,3.24,2.17,1.01,1.41,4.37,3.92,1.19,1.25,1.33,1.2,1.14,1.14,1.02,1.12,1.14,2.06,1.2,1.14,4.66,4.79,3.42,2.76,3.65,3.56,2.9,1.96,1.04,4.43,1.73,2.09,1.72,1.41,1.27,4.04,2.64,1.48,1.01,1.04,1.29,1.89,3.24,2.53,2.92,1.5,2.58,2.76,1.49,1.56,2.48,3.82,2.21,Self-Enrichment Education Teachers,0.13
254011,2.0,1.88,4.0,1.62,3.62,1.88,1.0,2.0,1.38,2.0,2.75,2.0,2.5,3.0,1.0,1.5,1.5,1.88,3.5,3.88,2.0,2.12,2.62,2.0,3.88,1.0,2.38,3.75,3.88,2.88,2.38,1.0,3.0,1.0,1.0,1.0,3.0,1.0,1.12,3.0,3.12,2.25,1.0,1.75,2.0,2.12,2.0,2.62,2.38,1.38,4.0,3.88,3.38,3.88,3.38,2.88,2.0,3.0,4.12,1.88,3.5,3.88,3.7,3.53,1.23,1.61,2.0,2.87,3.81,3.94,1.87,2.13,3.42,1.68,3.97,1.93,1.0,2.1,2.55,4.35,3.23,2.29,1.52,1.19,2.9,2.06,1.29,2.0,1.81,2.61,2.1,2.65,2.13,1.29,1.55,2.06,2.72,4.1,3.21,4.16,2.25,1.19,2.14,4.0,4.97,2.79,2.0,1.07,1.48,1.21,1.2,1.8,1.68,1.0,2.13,1.32,1.0,4.66,4.03,2.86,2.26,3.23,3.97,3.72,1.9,1.0,4.89,2.0,3.24,1.25,1.37,1.17,2.89,2.61,1.93,1.97,1.46,1.97,2.97,4.03,2.43,3.13,1.89,4.14,2.94,1.75,1.39,2.5,4.0,3.32,Archivists,0.76
254012,2.12,1.75,3.75,1.38,3.88,1.88,1.0,1.62,1.12,1.75,3.12,2.12,3.12,3.38,1.12,1.62,1.62,1.75,3.75,3.38,2.0,2.88,2.75,1.75,3.88,1.12,2.75,4.0,4.0,3.5,2.75,1.12,3.62,1.0,1.0,1.12,3.12,1.0,1.75,3.75,3.62,2.38,1.0,1.75,2.12,2.75,2.12,3.0,3.25,1.62,4.0,3.88,3.5,3.88,3.75,3.25,2.88,3.38,4.0,2.0,4.0,3.88,3.33,3.14,1.34,1.73,1.88,3.2,2.83,3.06,2.52,2.25,3.1,1.39,4.57,3.76,1.14,2.43,3.08,4.52,1.98,2.18,1.59,1.17,2.42,3.01,1.27,1.67,2.35,2.24,2.51,3.3,1.73,1.39,1.73,2.69,2.28,4.31,3.82,4.09,2.31,1.05,1.38,4.68,4.73,2.41,1.5,1.19,1.61,1.52,1.44,1.39,1.42,1.0,2.33,1.75,1.0,4.56,4.48,3.61,2.89,3.81,4.08,2.53,2.23,1.47,4.47,2.34,3.42,2.03,1.58,1.1,2.75,2.92,1.73,1.57,1.36,1.53,2.45,3.54,2.46,2.42,1.91,4.64,3.24,1.81,1.22,3.71,4.3,3.59,Curators,0.0068
254013,3.25,2.75,3.12,2.88,3.25,2.12,1.0,2.0,1.25,2.25,3.12,3.25,3.12,3.25,1.12,1.88,2.0,2.0,3.12,3.62,3.12,2.25,2.75,2.75,3.75,1.0,2.0,3.62,3.75,3.38,2.88,1.12,3.12,1.75,1.75,1.75,3.0,1.0,1.38,3.5,3.5,2.12,1.0,1.88,2.75,2.5,2.25,3.12,3.25,2.12,3.5,3.5,3.0,3.88,3.25,2.88,2.25,3.12,3.62,2.38,3.62,3.25,3.1,2.83,1.96,2.0,3.08,2.48,2.32,2.21,2.6,1.62,2.58,2.42,3.41,3.48,1.21,1.6,2.05,3.21,2.08,2.59,2.74,1.24,1.99,1.88,2.06,2.69,1.71,3.3,1.47,2.18,1.78,1.22,2.4,2.3,2.97,3.76,3.4,3.49,2.05,1.12,1.44,4.35,4.15,2.85,2.21,1.01,1.9,2.01,2.3,1.95,1.99,1.13,2.59,2.12,1.03,4.52,4.6,3.37,3.08,3.72,4.31,3.23,1.89,1.25,4.17,2.46,1.9,1.92,1.77,1.26,3.19,2.25,2.48,1.62,1.67,2.14,2.26,2.65,3.49,3.56,2.49,3.92,3.45,3.07,1.54,3.01,4.14,2.85,Museum Technicians and Conservators,0.59
254031,2.0,2.0,3.12,2.0,3.0,1.25,1.38,2.12,1.25,2.38,3.0,2.88,2.88,2.12,1.0,2.0,1.88,1.75,2.88,3.0,2.5,2.0,2.38,2.0,3.25,1.0,2.0,3.38,3.38,2.0,2.75,1.0,2.88,1.0,1.12,1.12,2.88,1.12,1.88,3.25,3.25,2.0,1.12,2.0,2.25,2.0,2.38,2.0,2.0,1.75,3.25,3.0,2.88,3.25,3.0,3.0,2.0,2.88,3.38,1.25,3.25,2.88,2.09,3.36,1.19,1.16,1.44,2.84,3.3,4.1,1.57,1.92,3.16,1.53,3.83,1.76,1.0,1.43,2.38,1.86,1.66,2.61,1.28,1.54,1.68,1.71,1.3,1.91,2.62,2.59,1.82,2.15,2.0,1.49,1.28,3.25,2.03,4.05,3.04,3.7,2.89,1.61,2.66,4.28,4.71,2.73,1.45,1.65,1.65,1.3,1.28,1.21,1.48,1.23,3.12,1.42,1.21,4.78,4.16,3.79,2.36,3.41,3.94,4.15,1.37,1.28,4.89,1.64,2.43,1.5,1.27,1.4,3.46,2.0,2.27,1.24,1.39,2.0,3.61,3.59,2.65,3.33,2.14,4.42,3.48,1.31,1.21,2.71,4.08,3.27,Library Technicians,0.99
259021,2.12,2.25,3.62,2.25,4.0,2.12,1.12,1.75,1.5,1.62,2.88,2.0,3.0,3.5,1.75,1.62,1.5,2.0,4.0,4.0,2.0,3.0,3.12,2.12,3.0,1.75,3.0,4.12,4.5,3.75,2.88,1.75,3.88,1.88,1.88,1.88,3.0,1.75,2.0,4.12,3.75,3.0,1.25,1.75,1.75,3.0,2.0,2.0,3.0,1.75,4.12,4.0,3.75,4.38,3.75,3.75,3.0,3.38,4.0,2.75,4.12,3.88,3.3,3.08,3.67,1.81,2.67,3.48,3.22,3.8,1.85,2.73,4.15,2.33,3.93,1.22,3.88,1.85,2.48,1.74,2.78,2.89,2.22,1.59,2.81,1.89,1.89,2.38,2.7,2.52,2.65,2.37,1.93,1.67,2.15,2.74,2.19,4.44,3.85,4.7,2.59,1.41,1.59,4.56,5.0,2.41,1.7,1.33,2.11,1.7,2.04,1.22,2.0,1.0,2.56,2.52,1.22,4.69,4.74,3.44,2.96,3.26,3.41,2.3,4.04,2.0,3.81,3.67,2.52,3.42,3.12,1.07,2.81,3.07,1.67,1.19,1.46,1.63,2.0,3.48,2.48,2.15,2.11,4.85,3.22,1.96,1.48,3.04,4.33,3.52,Farm and Home Management Advisors,0.0075
259031,1.12,2.25,3.75,1.0,3.88,1.62,1.0,1.0,1.0,1.0,3.12,1.88,3.0,3.62,1.0,1.12,1.0,1.75,3.75,3.75,1.25,3.0,3.12,1.0,3.88,1.0,3.0,4.12,4.25,3.75,2.62,1.0,4.0,1.0,1.0,1.0,3.0,1.0,1.0,4.12,4.0,2.88,1.25,1.38,1.0,2.88,1.75,2.12,3.0,1.5,4.38,4.25,3.88,4.0,3.88,4.25,2.75,4.0,4.0,1.5,4.12,4.12,3.79,3.11,1.59,1.22,1.35,3.35,3.6,3.47,1.97,2.33,4.78,2.05,4.32,1.8,1.22,2.61,2.3,2.93,2.81,3.68,1.36,1.55,3.41,3.21,1.44,2.18,3.14,3.47,2.38,3.28,2.15,2.87,1.81,3.05,1.71,4.83,4.15,3.6,2.95,1.39,1.18,4.11,5.0,1.3,1.06,1.62,1.01,1.1,1.0,1.05,1.16,1.0,2.8,1.35,1.0,4.95,4.02,3.35,2.43,3.57,3.26,2.69,1.91,1.0,4.99,1.39,2.97,1.81,1.33,1.0,3.18,3.64,1.34,1.0,1.12,1.16,2.22,3.59,2.92,1.61,2.18,4.56,3.63,1.24,1.0,3.97,4.82,3.43,Instructional Coordinators,0.0042
271011,2.12,1.75,3.5,1.88,3.62,1.38,1.0,1.12,1.0,1.0,3.12,2.38,3.0,4.25,1.0,1.0,1.0,1.62,3.5,3.75,2.12,2.5,2.38,1.0,4.0,1.0,2.25,4.0,4.0,4.25,2.75,1.0,3.75,1.12,1.25,1.0,2.75,1.0,1.12,3.62,3.62,2.75,1.0,1.0,1.0,2.62,1.62,3.75,3.88,1.5,4.0,3.38,3.25,4.0,3.75,3.0,2.25,3.25,3.75,1.25,4.0,3.38,2.95,2.73,1.18,1.27,1.21,4.12,4.24,3.34,4.35,1.69,2.55,2.43,4.25,4.19,1.11,1.65,2.07,1.98,1.72,2.08,1.69,1.19,2.16,2.0,1.22,2.97,2.31,1.87,3.66,2.74,2.67,1.46,1.79,2.27,1.92,4.54,3.66,2.71,2.07,1.42,1.97,4.2,4.75,1.03,1.04,1.14,1.39,1.01,1.01,1.09,1.0,1.0,2.03,1.11,1.0,5.0,4.17,3.66,1.89,3.33,4.04,3.34,1.1,1.0,4.59,1.65,3.55,1.22,1.24,2.23,2.58,1.93,1.23,1.01,1.01,1.02,3.92,4.76,1.83,3.81,1.59,4.01,4.76,1.02,1.0,3.04,4.78,2.34,Art Directors,0.025
271012,3.88,2.0,3.0,3.12,3.0,2.12,1.0,2.0,1.5,2.5,2.62,3.88,2.0,3.62,1.0,2.0,1.62,1.75,3.0,3.0,3.75,2.62,2.0,3.12,3.75,1.0,2.25,3.0,3.0,4.12,2.0,1.0,3.0,1.88,2.0,1.62,2.88,1.0,1.12,3.0,3.0,2.0,1.0,1.88,2.38,2.0,2.75,3.0,3.62,1.88,3.0,2.62,2.75,3.0,3.12,2.0,2.12,3.0,3.0,1.0,3.0,2.75,2.41,2.26,1.22,1.52,1.86,2.83,2.64,3.3,3.91,2.48,2.64,1.96,3.32,3.7,1.0,1.32,1.13,1.74,1.83,2.43,2.78,1.14,1.61,1.52,1.52,3.17,1.61,1.7,3.64,1.74,1.61,1.18,1.65,1.78,1.78,2.57,1.73,3.27,2.0,1.04,1.48,4.57,4.39,2.7,1.39,1.04,1.39,1.91,2.04,1.0,2.35,1.0,2.13,1.26,1.04,3.1,4.36,2.41,2.22,2.39,3.78,3.0,1.3,1.0,3.83,1.87,3.43,1.48,1.57,1.26,1.96,2.09,1.65,1.04,1.26,1.35,3.65,3.64,2.48,4.52,1.43,3.38,2.65,2.91,1.65,2.0,1.91,2.76,Craft Artists,0.035
271013,3.75,1.88,3.12,2.88,3.0,2.12,1.25,2.25,1.5,2.12,3.0,3.38,2.75,4.0,1.0,1.88,1.75,1.75,3.0,3.0,3.38,2.12,1.75,2.88,3.62,1.0,2.12,3.12,3.0,4.38,2.5,1.0,3.0,1.75,1.75,1.75,2.88,1.0,1.0,3.0,3.0,2.12,1.12,1.88,2.62,2.25,2.5,3.75,4.0,2.12,3.0,2.88,3.25,3.12,3.25,2.38,2.12,2.75,3.0,1.0,3.0,2.88,3.05,2.7,1.41,2.09,2.06,3.36,4.24,3.32,4.35,2.02,3.41,2.63,3.87,3.45,1.0,1.27,2.72,1.78,2.33,3.2,2.09,1.01,1.72,1.63,1.64,3.59,2.8,2.39,2.56,2.38,2.14,1.08,2.4,1.95,2.27,3.04,2.24,2.67,1.42,1.0,1.6,4.4,3.9,2.26,1.01,1.0,1.02,1.56,2.36,1.15,1.97,1.0,2.27,1.69,1.0,3.23,4.82,3.55,1.63,2.99,4.13,2.63,1.85,1.0,4.28,1.03,2.62,1.87,1.73,1.17,1.37,1.48,2.36,1.17,1.14,1.41,3.57,3.4,3.0,4.64,1.65,3.47,3.34,3.46,1.43,1.63,2.6,2.62,"Fine Artists, Including Painters, Sculptors, and Illustrators",0.042
271014,2.75,1.88,3.0,2.38,3.62,2.0,1.0,1.25,1.0,1.0,2.88,2.62,2.75,3.38,1.0,1.0,1.0,1.88,3.25,3.38,2.25,2.75,2.12,1.5,3.88,1.0,2.38,4.12,4.0,3.5,2.75,1.0,3.62,1.88,1.75,1.5,3.0,1.0,1.0,3.5,3.12,2.5,1.0,1.0,1.0,2.5,1.62,3.62,4.0,2.0,4.0,3.5,3.12,3.88,3.75,2.88,2.12,3.0,3.75,1.12,3.25,3.12,2.94,2.8,1.47,1.17,1.01,4.11,4.95,3.94,4.22,1.85,2.2,3.19,4.38,2.89,1.0,1.6,3.01,1.45,2.17,2.47,1.5,1.15,2.04,1.4,1.31,3.15,1.97,1.71,3.87,1.77,3.45,1.29,1.45,2.16,3.13,4.06,3.58,3.62,2.11,1.0,2.04,3.69,5.0,1.16,1.05,1.0,2.15,1.16,1.06,1.18,1.04,1.0,2.6,1.25,1.02,4.6,4.27,4.32,2.27,3.67,4.42,2.78,1.6,1.0,4.49,1.13,3.81,1.61,1.29,1.99,3.12,1.97,1.05,1.02,1.02,1.04,2.97,4.56,1.72,4.27,1.44,4.09,4.45,1.2,1.02,4.12,4.49,2.01,Multimedia Artists and Animators,0.015
271021,2.88,2.12,3.12,2.12,3.75,2.0,1.0,1.62,1.0,1.0,3.0,2.75,3.12,3.88,1.0,1.0,1.0,2.12,3.38,3.62,2.12,2.75,2.5,1.12,3.88,1.0,2.75,3.75,3.75,3.88,2.75,1.0,3.62,1.5,1.75,1.0,3.12,1.0,1.38,3.5,3.62,2.25,1.0,1.0,1.12,2.75,1.75,3.25,3.75,1.38,3.75,3.12,3.0,4.0,3.75,2.75,2.75,3.12,3.88,2.62,3.5,3.12,2.97,3.01,1.76,2.17,2.41,2.49,3.9,2.96,4.71,2.17,2.79,4.7,3.57,1.89,1.25,1.15,1.65,1.42,2.11,3.72,4.04,1.62,2.44,1.55,3.1,4.04,1.84,2.35,3.03,1.54,1.74,1.25,1.88,2.75,2.92,4.38,3.62,4.01,2.62,1.09,1.95,3.75,5.0,2.27,1.59,1.01,2.18,1.3,3.09,1.32,1.71,1.0,3.5,1.95,1.18,4.99,3.71,4.08,2.98,4.28,4.4,3.67,2.03,1.2,4.94,2.39,3.21,1.46,1.27,1.4,2.94,2.49,1.36,1.19,1.24,1.21,2.65,4.38,2.03,2.96,2.08,4.67,4.03,3.39,1.28,3.28,4.71,2.55,Commercial and Industrial Designers,0.037
271022,2.88,2.12,3.62,2.12,3.62,2.0,1.12,1.38,1.38,2.0,3.0,2.88,2.88,3.88,1.0,1.0,1.38,2.0,3.5,3.12,2.38,2.25,2.0,1.62,3.75,1.0,2.25,3.75,3.88,4.25,2.88,1.0,3.62,1.75,1.62,1.12,3.0,1.0,1.12,3.38,3.75,2.12,1.0,1.0,1.5,2.5,2.12,3.75,3.75,1.5,3.88,3.62,3.75,3.88,3.88,3.12,2.12,3.5,3.62,1.12,3.88,3.38,2.57,2.03,1.37,1.46,1.15,2.14,3.35,2.0,4.41,1.64,2.24,1.81,3.13,2.7,1.14,1.96,1.71,1.28,1.52,2.28,1.57,1.2,2.44,1.22,1.33,3.25,1.75,1.44,3.19,1.9,1.63,1.34,2.06,2.41,1.85,3.95,3.23,3.17,2.94,1.33,2.05,3.64,4.73,1.86,1.49,1.39,1.66,1.26,1.28,1.26,1.37,1.39,2.51,1.62,1.26,3.88,3.59,2.72,3.19,3.41,3.65,2.94,1.86,1.28,3.83,1.75,3.3,1.56,1.5,2.66,3.24,1.99,2.5,1.35,1.67,1.74,3.0,3.96,2.64,3.32,1.88,3.12,4.09,1.39,1.26,3.51,3.5,2.66,"Fashion Designers, label 0",0.021
271023,3.12,2.0,3.5,2.12,3.12,2.0,1.12,2.12,1.5,2.12,3.12,3.12,2.25,3.38,1.25,2.0,1.75,1.75,2.88,3.25,3.12,2.25,2.0,2.75,3.62,1.0,2.12,4.0,4.0,3.62,2.25,1.38,2.88,1.12,1.25,1.5,3.0,1.25,1.62,3.62,3.25,2.25,1.12,2.12,2.12,2.25,3.12,3.62,3.88,1.88,3.0,2.88,3.0,4.0,3.25,2.25,2.25,3.0,2.88,1.25,3.88,2.5,2.94,2.53,1.66,1.16,1.8,1.83,2.06,4.07,3.41,2.19,2.44,1.55,3.39,2.09,1.29,1.59,1.38,1.24,1.62,2.53,1.44,1.11,1.96,1.46,1.45,3.55,2.17,2.03,3.47,1.57,2.24,1.08,2.51,2.79,2.23,4.53,4.19,4.8,3.4,1.25,1.73,4.59,4.23,2.76,1.62,2.0,1.74,1.05,1.01,1.22,2.54,1.0,2.85,2.22,1.0,4.74,4.23,3.37,3.83,2.88,3.1,2.71,2.29,1.0,4.13,2.18,2.97,3.28,1.17,1.0,3.92,1.17,2.71,1.41,1.19,1.86,3.39,1.75,4.2,4.53,3.16,4.87,4.13,1.31,1.02,3.99,4.41,3.72,Floral Designers,0.047
271024,2.5,1.75,3.0,2.25,3.25,1.75,1.0,1.25,1.0,1.0,2.75,2.38,2.75,3.88,1.0,1.0,1.0,1.88,3.12,3.12,2.12,2.0,2.0,1.0,3.88,1.0,2.0,3.62,3.5,4.0,2.75,1.0,3.12,1.0,1.0,1.0,3.0,1.0,1.0,3.25,3.25,2.25,1.0,1.0,1.0,2.62,1.88,3.25,3.12,1.38,3.75,3.5,3.25,3.75,3.25,2.75,2.0,3.0,3.12,1.12,3.38,3.25,3.0,2.84,1.2,1.55,1.25,4.3,4.4,3.55,4.7,2.32,2.8,2.6,3.8,4.4,1.25,1.75,2.05,1.9,1.8,2.26,1.6,1.2,2.5,1.9,1.55,3.3,2.75,1.7,3.65,2.55,2.2,1.4,1.47,2.45,2.0,4.25,3.42,3.05,2.32,1.25,1.67,4.1,4.9,1.11,1.05,1.06,1.16,1.05,1.05,1.05,1.16,1.05,1.6,1.05,1.05,4.26,4.1,3.26,1.75,3.25,4.39,3.58,1.4,1.11,4.32,1.42,4.32,1.37,1.35,1.37,2.79,2.65,1.22,1.05,1.11,1.1,3.74,4.79,1.89,3.58,1.47,4.47,4.65,1.11,1.05,3.11,4.44,3.16,Graphic Designers,0.082
271025,1.0,2.0,3.38,1.38,3.62,2.0,1.0,1.0,1.0,1.0,3.12,1.5,2.88,4.12,1.0,1.0,1.0,2.0,3.25,3.12,1.0,3.0,2.25,1.38,4.0,1.0,2.88,4.0,4.0,4.12,2.88,1.0,3.75,1.0,1.0,1.0,3.0,1.0,1.88,3.75,3.75,2.25,1.0,1.0,1.0,2.62,2.12,3.75,4.0,1.25,3.88,3.62,3.12,4.0,4.0,2.62,3.0,3.12,4.0,1.12,4.0,3.62,3.64,3.12,1.44,4.24,1.44,2.57,3.52,4.48,4.88,2.72,2.43,2.44,4.12,3.3,1.16,1.56,1.8,1.96,2.32,2.96,2.52,1.36,3.0,1.7,1.72,2.92,3.08,3.4,3.76,2.46,2.04,1.54,1.72,2.92,2.29,4.52,3.78,4.0,2.62,1.04,2.04,3.92,4.96,1.46,1.16,1.17,1.61,1.29,1.32,1.5,1.17,1.0,2.6,1.61,1.17,4.75,3.88,3.75,2.96,3.44,4.16,2.88,2.8,1.0,4.43,2.12,3.88,1.79,1.92,1.12,3.46,2.68,1.57,1.28,1.21,1.58,2.36,4.08,2.75,2.4,1.78,4.88,4.16,2.25,1.08,3.38,4.46,3.83,Interior Designers,0.022
271026,3.0,2.25,3.25,2.5,3.25,1.88,1.0,2.25,1.75,3.12,3.25,3.25,2.62,3.38,1.0,3.0,2.62,1.88,3.0,3.25,3.38,2.12,2.0,3.0,3.25,1.0,2.0,3.62,3.62,3.25,2.75,1.12,3.12,1.5,1.88,1.25,2.88,1.0,1.88,3.62,3.38,2.25,1.62,3.0,3.0,2.25,3.25,3.25,3.88,1.25,3.0,3.0,2.88,3.5,3.25,2.38,2.0,2.75,3.0,1.25,3.25,2.88,3.15,2.25,1.07,2.04,1.2,2.73,2.81,3.85,2.84,1.85,2.27,1.58,3.3,1.98,1.06,1.2,1.33,1.31,1.36,2.46,1.92,1.21,2.33,1.43,1.13,2.0,2.01,2.17,3.78,1.72,1.49,1.27,1.18,2.93,1.85,4.57,3.5,3.94,3.23,1.25,1.46,3.72,3.75,2.34,2.17,1.09,1.85,1.19,1.81,3.12,1.78,1.24,2.51,2.34,1.12,4.62,4.12,3.98,2.58,3.18,3.23,2.83,1.91,1.52,4.54,1.92,3.01,1.71,1.4,1.15,3.67,1.75,3.21,3.0,2.15,2.86,3.13,1.87,4.48,4.08,4.18,3.8,3.77,1.8,1.84,2.71,4.16,2.71,Merchandise Displayers and Window Trimmers,0.48
271027,2.62,2.12,3.5,2.62,3.62,2.25,1.0,1.38,1.0,1.38,3.0,2.75,3.0,4.12,1.62,1.38,1.88,2.12,3.5,3.75,2.62,2.75,2.5,2.12,3.75,1.38,2.75,4.0,3.75,3.88,2.88,1.38,3.88,1.5,1.75,1.62,3.0,1.62,1.88,3.62,3.75,2.75,1.5,1.38,2.12,2.88,2.0,2.88,4.0,1.75,3.88,3.75,3.12,3.88,3.75,2.88,3.0,3.12,3.88,1.75,3.75,3.25,3.0,2.19,1.19,3.52,1.67,3.14,3.81,2.48,4.9,2.24,2.62,2.95,3.24,4.95,1.1,1.71,2.24,3.43,1.52,3.05,2.9,1.29,2.11,2.43,2.43,3.05,2.76,2.19,2.1,2.81,1.9,1.33,1.67,2.81,2.33,4.05,3.48,2.76,2.33,1.38,1.71,4.19,4.86,2.67,1.9,1.1,2.29,1.86,2.67,2.52,2.0,1.0,2.9,1.48,1.24,4.58,4.24,3.0,2.62,3.48,3.95,2.33,1.86,1.24,3.9,2.29,3.9,2.0,1.9,1.05,3.1,2.95,1.81,1.76,1.48,1.76,2.29,3.67,2.62,3.67,2.14,4.26,4.19,2.7,1.81,3.05,4.67,3.11,Set and Exhibit Designers,0.0055
272011,2.0,2.0,2.75,1.0,2.88,1.0,1.0,2.0,1.5,2.0,2.38,2.0,2.25,3.0,1.88,2.25,2.0,1.88,2.88,2.88,2.0,1.0,3.88,2.0,3.62,1.0,1.12,4.0,4.12,3.75,2.0,1.0,3.12,1.0,1.0,1.0,3.0,1.0,1.0,3.88,3.0,2.12,1.0,2.0,2.0,2.75,2.38,2.0,2.62,1.12,3.88,2.88,2.62,3.75,3.0,2.75,1.0,3.0,3.88,1.5,3.88,2.88,2.56,2.21,1.04,1.57,1.01,4.12,2.24,3.08,2.35,1.7,2.73,1.16,4.31,4.67,1.0,1.97,1.67,2.59,1.52,1.7,1.29,1.23,1.99,2.52,1.22,1.35,3.26,2.18,2.89,3.44,1.6,2.22,1.54,2.7,1.97,4.71,3.16,3.65,2.67,1.48,1.35,2.88,4.68,2.29,1.89,1.18,3.25,1.22,1.66,2.15,1.27,1.0,2.23,1.5,1.14,4.39,3.45,3.62,2.93,3.29,4.17,2.59,2.02,1.44,4.56,1.92,4.24,1.76,1.64,1.22,4.8,4.54,2.59,1.7,1.78,1.58,2.41,2.16,3.83,2.07,2.56,3.67,4.59,1.32,1.15,2.99,5.0,2.52,Actors,0.37
272012,2.03,2.6575,3.375,2.065,3.8725,1.9975,1.0,1.375,1.125,1.375,3.3425,2.25,3.0325,3.5325,1.0925,1.06,1.03,2.25,3.685,3.53,1.8725,2.375,2.69,1.625,3.72,1.0925,2.375,4.0925,4.2175,3.625,2.72,1.0625,3.905,1.6575,1.78,1.5625,3.0925,1.28,1.405,3.845,3.6875,2.7475,1.1575,1.1575,1.2825,3.03,1.7175,2.5925,2.995,1.94,3.9375,3.81,3.3775,4.065,3.97,3.03,2.155,3.815,3.905,1.28,4.0625,3.5325,3.5075,2.9225000000000003,1.2025,1.3725,1.2275,4.49,3.76,3.525,2.0675,2.1275,2.7575000000000003,2.72,4.14,2.535,1.1425,1.605,2.165,1.7825,2.4175,2.445,1.7325,1.275,2.7425,1.86,1.355,2.5375,2.43,2.0875,2.8575,2.1125,3.3525,1.525,1.7675,3.06,2.6775,4.702500000000001,4.02,3.675,2.7575,1.1725,1.94,4.297499999999999,4.98,1.4575,1.285,1.0775,1.6424999999999998,1.2375,1.2075,1.28,1.265,1.0075,2.7025,1.565,1.0075,4.54,4.225,4.345,2.7,4.365,4.1625,3.1225,1.995,1.0675,4.4725,1.56,3.4975,1.8625,1.5725,1.845,3.17,2.725,1.475,1.1725,1.285,1.33,2.685,4.04,2.2825,3.1,1.9475,4.654999999999999,4.2125,1.2025,1.06,4.07,4.5125,3.28,Producers and Directors,0.022
272021,3.25,2.5,2.75,2.5,3.38,2.5,2.25,3.62,3.62,3.38,3.38,2.75,2.75,2.88,1.88,3.5,3.25,2.38,3.38,3.25,3.12,2.12,2.38,3.38,3.5,1.75,2.12,4.0,3.88,2.88,2.88,2.0,3.88,2.38,2.88,2.75,3.12,1.62,1.88,3.62,3.38,2.25,2.75,3.88,3.88,2.88,3.25,2.38,3.0,1.88,3.25,2.75,3.0,3.75,3.75,2.88,2.12,3.25,3.12,1.75,3.88,2.75,3.72,2.87,1.4,1.86,1.89,3.31,2.65,3.58,2.26,2.86,3.23,2.29,3.69,1.4,1.81,2.37,1.93,1.62,2.03,3.07,2.75,1.69,3.39,1.56,2.09,2.38,2.48,2.88,3.17,2.08,2.3,2.22,2.42,3.1,2.51,4.32,3.38,3.33,2.98,1.73,1.63,4.03,4.03,2.4,1.62,1.23,3.27,1.35,1.51,1.22,2.32,1.21,2.98,3.43,1.42,4.75,4.14,3.67,3.54,4.21,3.76,3.68,2.76,2.13,3.19,3.03,4.44,4.2,2.66,1.59,3.37,2.54,3.23,1.33,3.12,1.5,3.92,2.32,4.07,3.75,3.28,4.11,3.87,3.41,2.16,3.38,4.47,2.65,"Athletes and Sports Competitors, label 0",0.28
272022,2.62,2.75,3.75,1.88,3.75,2.5,1.25,2.5,1.88,2.0,3.25,2.0,3.12,3.75,1.12,2.0,2.0,2.12,3.75,3.88,2.38,2.25,2.75,2.5,3.62,1.0,2.0,4.12,4.62,3.88,2.62,1.75,3.75,1.0,1.0,1.0,3.12,1.12,1.75,4.0,4.0,2.75,1.5,2.62,2.88,2.88,2.88,2.62,3.38,1.38,3.75,3.5,3.88,4.0,4.0,4.12,2.12,4.12,4.0,1.62,4.38,3.62,3.58,3.01,1.98,1.37,1.59,3.25,3.05,3.52,2.16,2.13,3.83,1.73,3.69,1.62,1.47,1.82,1.77,1.57,2.14,2.8,1.76,2.4,3.17,2.08,1.84,2.03,3.56,3.11,2.73,2.51,2.2,2.83,2.6,3.67,2.65,4.75,3.56,2.96,2.94,1.54,1.44,4.16,4.66,1.97,1.38,1.36,1.98,1.24,1.42,1.04,2.09,1.09,3.04,2.79,1.11,4.22,4.03,4.09,3.42,3.25,3.62,2.35,2.46,1.37,4.3,2.37,3.92,3.26,1.26,1.28,3.94,3.98,2.04,1.17,1.61,1.68,2.66,2.61,3.75,2.45,2.95,3.63,3.67,1.34,1.08,3.06,4.44,2.58,Coaches and Scouts,0.013
272023,1.88,2.75,2.88,1.0,3.25,2.0,1.25,2.12,2.0,2.25,3.88,1.88,3.12,1.88,1.75,2.62,2.0,2.5,3.0,2.88,1.75,2.12,3.0,2.12,3.75,1.0,2.12,3.75,3.88,1.88,3.12,2.0,3.62,1.62,2.12,2.12,3.12,1.75,2.38,3.62,3.25,3.0,2.0,2.88,2.12,3.12,3.0,2.75,2.62,1.5,3.0,2.88,3.0,3.25,3.38,3.0,2.5,3.12,3.0,1.38,3.62,2.75,2.85,2.05,1.53,1.43,1.19,2.35,2.2,2.67,1.62,1.45,2.9,1.33,3.43,1.52,1.19,1.29,1.42,1.33,1.71,2.24,1.29,1.67,1.95,1.48,1.52,1.33,2.55,2.05,1.6,1.55,1.48,1.52,2.1,3.19,2.19,3.9,3.05,2.9,3.14,2.05,1.43,2.86,3.76,1.9,1.24,1.48,2.2,1.2,1.35,1.1,1.71,1.0,2.58,2.65,1.05,3.95,4.52,3.29,2.62,3.33,3.95,2.62,1.3,1.1,2.14,2.67,3.48,3.45,1.8,1.32,3.85,2.43,2.29,1.05,2.19,2.1,2.48,2.1,4.0,1.52,3.43,3.43,3.05,2.33,1.19,2.63,4.0,2.24,"Umpires, Referees, and Other Sports Officials",0.98
272031,2.88,2.0,2.75,1.38,2.62,1.88,3.62,4.25,2.62,4.5,2.88,2.0,2.62,2.88,1.88,4.75,4.0,2.12,2.5,2.88,2.12,1.5,2.88,3.62,3.12,1.12,1.5,3.5,3.0,2.88,2.5,1.75,3.0,2.12,1.5,1.88,3.0,1.0,1.88,2.88,3.0,2.25,3.25,4.25,3.62,2.5,4.12,2.12,2.75,1.0,2.75,2.62,2.75,3.25,3.0,2.5,1.38,2.88,2.75,1.0,2.88,2.5,2.24,1.83,1.3,1.23,1.53,2.13,1.7,2.92,1.72,2.11,2.4,1.64,3.51,4.49,1.45,1.92,1.43,1.49,1.99,2.59,1.36,1.44,1.88,1.41,1.53,1.68,2.49,1.93,2.49,2.32,1.29,2.45,2.51,3.04,2.56,4.76,3.37,3.03,3.31,2.01,1.85,3.2,2.67,2.01,2.15,1.85,2.81,1.28,1.64,1.79,2.21,1.31,3.39,1.85,1.47,4.66,3.45,3.38,2.82,3.71,4.01,3.71,1.31,1.19,4.77,1.89,4.17,1.72,1.74,1.67,4.91,2.68,4.55,1.97,4.25,2.65,4.38,2.32,4.33,2.34,3.04,1.73,2.94,1.74,1.31,2.63,4.48,1.35,Dancers,0.13
272032,2.62,2.38,3.0,1.0,3.62,2.0,3.25,3.75,2.62,3.75,2.88,1.88,2.62,3.88,1.12,4.12,4.0,2.12,3.25,3.25,1.88,2.0,3.0,3.62,3.12,1.0,2.0,3.88,4.0,4.0,2.62,2.0,3.62,1.38,1.75,2.0,3.12,1.0,2.62,3.62,3.25,2.12,2.75,3.75,2.75,2.88,3.75,2.12,3.75,1.75,3.62,3.0,3.25,3.88,3.38,3.62,1.62,3.75,3.5,1.12,3.88,3.0,3.25,2.19,1.57,1.5,1.14,3.1,2.62,2.67,3.1,1.9,3.29,1.57,3.0,4.52,1.05,1.71,1.29,2.19,1.52,1.95,1.38,1.24,2.76,2.24,2.0,3.25,2.9,1.8,2.62,2.29,1.62,2.24,1.62,3.14,1.9,4.71,3.95,3.05,2.52,1.43,1.1,3.86,4.76,1.33,1.52,1.11,1.9,1.0,1.0,1.33,1.3,1.05,2.29,1.67,1.52,4.75,4.05,2.95,3.95,3.0,3.71,2.9,1.05,1.05,4.48,2.24,4.48,1.76,1.95,1.2,5.0,3.33,4.57,1.38,4.05,3.05,4.19,1.71,4.43,2.14,3.24,4.24,3.9,1.33,1.1,4.14,4.52,3.6,Choreographers,0.004
272041,2.38,3.62,3.5,2.12,3.5,1.12,1.62,2.25,1.75,2.0,2.75,2.12,3.12,3.75,1.12,1.88,1.75,4.25,3.12,3.75,2.25,2.12,3.0,2.5,3.5,1.12,2.25,3.62,3.62,3.75,2.75,1.12,3.38,1.88,1.5,1.88,3.12,2.75,1.5,3.5,3.5,3.0,1.5,2.0,1.75,2.62,2.5,1.88,2.38,2.0,3.75,3.5,3.38,3.88,3.5,2.75,2.12,3.25,3.5,1.25,3.62,3.38,2.81,2.94,1.13,1.14,1.09,2.88,3.39,3.09,1.91,1.97,3.49,1.66,3.79,4.72,1.07,2.15,1.65,2.35,1.83,1.95,1.41,1.21,2.47,3.08,1.41,2.06,2.58,1.61,2.53,2.05,1.86,1.77,1.41,2.7,2.06,4.17,3.81,3.92,2.42,1.29,1.35,4.55,4.58,1.89,1.11,1.63,1.32,1.08,1.04,1.1,1.15,1.0,2.62,1.3,1.0,4.34,4.7,3.64,2.38,3.81,4.47,3.35,2.02,1.0,4.37,1.55,3.55,1.5,1.29,1.15,3.28,3.84,1.64,1.01,1.27,1.12,3.37,3.44,2.89,3.3,1.73,4.21,3.92,1.24,1.02,3.55,4.2,3.61,Music Directors and Composers,0.015
272042,3.0,3.5,2.88,2.75,2.88,1.5,1.5,2.25,1.75,2.12,2.5,3.12,3.12,3.0,1.25,2.0,1.75,3.75,2.88,3.0,3.12,2.12,3.5,2.62,3.38,1.25,2.12,3.88,3.88,3.38,3.0,1.5,2.88,1.88,2.12,1.88,2.88,2.12,1.38,3.5,3.5,3.25,1.75,2.12,1.88,2.62,2.62,2.12,2.75,2.12,3.5,3.12,2.75,3.25,3.0,2.62,1.88,3.25,3.12,1.12,3.38,2.75,2.3,1.92,1.21,1.4,1.16,2.42,1.91,2.36,1.66,1.62,2.45,1.48,3.15,4.54,1.1,2.5,1.5,2.13,1.69,2.08,1.56,1.34,2.09,2.33,1.42,1.78,2.29,1.59,2.05,1.95,1.79,1.8,1.8,2.11,2.36,4.23,3.16,2.76,2.13,1.07,1.06,2.31,3.51,1.53,1.97,1.31,2.08,1.09,1.11,1.17,1.11,1.01,3.09,1.3,1.05,3.71,3.2,3.07,1.46,2.94,4.6,3.45,1.62,1.0,3.99,1.73,3.59,1.37,1.68,1.76,4.57,1.84,1.9,1.07,1.37,1.37,3.26,4.07,2.09,4.04,1.5,2.04,3.76,1.51,1.0,2.3,4.58,2.11,Musicians and Singers,0.074
273011,1.88,2.5,3.0,2.12,3.25,1.88,1.0,1.38,1.38,1.38,2.25,1.88,2.25,3.62,1.5,1.0,1.0,2.0,3.25,3.12,1.88,1.88,3.0,1.38,3.12,1.38,2.0,4.0,5.0,3.75,2.38,1.5,3.12,1.88,2.0,1.62,3.38,1.62,1.5,4.75,4.0,3.0,1.0,1.0,1.38,3.0,2.12,2.0,2.0,1.62,3.88,3.75,3.12,4.0,3.75,2.0,1.75,3.0,3.88,1.0,4.75,3.12,2.54,2.04,1.18,1.2,1.16,4.81,3.84,2.51,1.43,1.55,2.52,2.28,4.65,2.24,1.06,1.09,2.0,2.21,2.73,1.65,1.29,1.15,2.11,1.9,1.23,2.51,1.83,2.62,2.55,1.69,3.71,1.35,1.71,2.48,3.36,4.39,3.64,4.2,2.68,1.44,2.58,3.88,4.91,1.65,1.54,1.18,1.77,1.46,1.28,1.0,1.38,1.46,3.56,2.34,1.09,4.67,4.17,4.46,2.12,4.25,4.11,3.4,2.93,1.29,4.69,2.46,3.61,2.96,2.42,2.66,3.07,3.92,1.58,1.0,1.18,1.1,2.53,4.1,2.55,2.65,1.93,4.49,4.85,1.11,1.01,3.35,4.52,3.51,Radio and Television Announcers,0.1
273031,1.0,2.0,3.0,1.0,3.88,1.38,1.0,1.0,1.0,1.12,2.5,1.62,2.38,3.75,1.0,1.0,1.0,1.75,3.62,3.0,1.0,2.0,2.25,1.0,3.5,1.0,2.12,4.25,4.12,3.75,2.0,1.0,3.88,1.0,1.0,1.0,2.88,1.0,1.0,4.0,4.0,2.12,1.0,1.0,1.0,2.88,1.62,2.0,2.62,1.38,3.88,4.0,3.38,4.12,3.88,2.88,2.0,3.0,4.0,1.5,4.12,4.0,3.95,2.95,1.18,1.09,1.05,4.91,3.5,3.95,2.18,2.33,2.77,1.27,4.73,1.55,1.05,1.82,2.18,1.73,2.23,2.23,1.09,1.05,2.77,1.91,1.14,1.86,2.55,1.86,3.91,2.64,2.23,1.33,1.45,3.14,2.86,4.43,4.0,3.77,3.09,1.45,2.14,3.91,4.95,1.14,1.14,1.1,1.32,1.0,1.05,1.0,1.09,1.0,2.59,1.27,1.0,4.82,3.81,4.1,2.09,4.05,4.18,2.36,2.18,1.14,4.32,1.73,3.82,1.86,1.86,1.09,2.82,2.95,1.33,1.05,1.05,1.27,2.29,3.9,2.32,1.73,1.91,4.82,4.55,1.24,1.05,3.5,4.5,3.48,Public Relations Specialists,0.18
273041,2.0,2.0,3.62,1.75,3.5,1.12,1.0,1.5,1.0,1.0,2.62,2.5,3.12,3.88,1.0,1.0,1.0,1.75,3.38,3.38,2.0,2.12,2.62,1.0,3.88,1.0,2.0,4.0,4.0,3.5,2.88,1.0,3.38,1.0,1.0,1.0,3.0,1.0,1.0,3.88,3.88,2.75,1.0,1.0,1.0,2.5,1.75,2.62,2.88,1.75,4.88,4.62,3.12,3.88,3.88,2.88,2.12,3.0,4.88,1.0,3.75,4.25,3.34,3.26,1.35,1.13,1.15,4.52,3.06,3.11,2.4,1.92,3.25,1.61,4.8,1.58,1.0,1.63,2.65,2.61,2.69,2.21,1.19,1.42,2.47,2.16,1.3,2.21,1.96,1.92,2.25,2.2,2.65,1.22,1.91,2.9,2.43,4.55,4.24,3.71,3.17,1.14,1.77,4.21,4.89,1.32,1.17,1.0,1.15,1.0,1.0,1.09,1.03,1.0,2.96,1.73,1.0,4.81,4.07,4.33,1.96,4.15,4.44,4.05,1.88,1.0,4.9,1.05,3.26,1.63,1.3,1.05,3.14,2.44,1.2,1.09,1.17,1.17,3.38,4.4,1.88,2.87,1.55,4.53,4.57,1.0,1.0,3.36,4.58,3.4,Editors,0.055
273042,2.0,1.88,3.0,1.38,3.75,1.38,1.0,1.0,1.0,1.0,2.0,2.38,2.25,3.0,1.0,1.0,1.0,1.75,3.38,3.62,2.0,1.88,2.0,1.0,4.0,1.0,1.88,3.88,3.75,2.88,2.12,1.0,3.38,1.0,1.0,1.0,2.5,1.0,1.25,3.38,3.12,2.12,1.0,1.0,1.0,1.88,1.12,2.25,3.0,1.38,4.12,4.25,3.25,3.75,3.62,2.5,1.62,3.0,4.12,1.25,3.75,4.88,3.24,3.76,1.31,1.42,1.8,3.25,4.29,2.98,2.41,1.74,3.16,2.88,4.81,1.12,1.0,1.17,1.21,1.1,2.29,2.93,2.84,2.02,1.6,1.02,1.67,3.13,1.77,3.17,2.02,1.27,2.42,1.09,2.32,2.75,2.37,4.13,3.3,3.19,2.2,1.08,2.07,3.51,4.74,1.03,1.02,1.0,1.13,1.02,1.02,1.09,1.04,1.0,3.09,1.18,1.0,4.39,4.4,3.58,1.73,3.43,4.55,4.52,1.98,1.23,4.17,1.66,3.02,1.15,1.15,1.23,2.68,2.16,1.14,1.0,1.0,1.08,4.01,4.55,1.68,3.51,1.28,4.15,4.23,1.02,1.0,2.58,4.58,3.46,"Technical Writers, label 1",0.89
273043,1.625,1.94,3.06,1.5,3.12,1.0,1.06,1.37,1.06,1.06,2.565,1.94,2.625,4.065,1.0,1.06,1.06,1.69,3.25,3.06,1.56,1.63,2.19,1.125,3.63,1.0,1.63,3.94,3.875,4.0,1.94,1.0,2.94,1.06,1.06,1.06,2.875,1.0,1.125,3.31,3.31,2.5,1.06,1.06,1.06,2.19,2.0,2.0,2.44,1.69,4.12,4.6850000000000005,3.565,3.75,3.685,2.75,1.5,2.875,4.1850000000000005,1.12,3.88,4.75,2.5700000000000003,3.045,1.0699999999999998,1.0,1.0,4.125,3.45,3.23,1.9,2.085,2.095,1.12,4.84,2.57,1.035,1.755,1.875,2.19,1.93,2.155,1.2000000000000002,1.145,1.7599999999999998,2.18,1.045,1.905,2.675,1.69,3.765,2.63,2.015,1.385,1.5,2.525,1.71,3.78,2.895,2.89,2.345,1.09,1.32,4.14,4.725,1.53,1.475,1.025,1.525,1.0,1.0,1.0,1.025,1.0,2.65,1.105,1.025,3.695,4.1,3.2,1.3250000000000002,3.325,3.91,3.45,1.945,1.025,2.8200000000000003,1.71,4.390000000000001,1.71,1.18,1.0550000000000002,2.28,2.47,1.11,1.0,1.0550000000000002,1.03,2.775,4.515,1.87,2.855,1.49,3.985,3.94,1.0,1.0,2.645,2.83,3.635,Writers and Authors,0.038
273091,1.75,3.0,3.0,1.0,3.12,1.5,1.0,1.38,1.38,1.38,2.88,2.25,2.88,3.0,1.0,1.88,1.38,2.88,3.0,3.75,1.5,2.0,2.88,1.88,3.62,1.0,2.0,4.12,4.25,3.0,2.88,1.0,3.62,1.0,1.0,1.12,3.12,1.0,1.0,3.88,3.88,3.0,1.12,1.88,1.38,3.0,2.0,2.0,2.75,1.25,4.0,4.0,3.12,4.0,3.62,3.0,2.0,3.62,3.88,1.12,4.12,3.75,2.4,3.22,2.03,1.18,1.42,2.55,2.91,3.88,1.39,1.67,3.39,1.36,4.66,1.23,1.1,4.13,2.18,1.77,3.03,2.37,1.24,2.24,2.12,1.67,1.32,1.77,2.53,3.07,1.5,2.48,2.07,1.88,1.78,2.92,3.56,4.56,3.15,2.9,3.18,1.81,1.8,3.42,4.52,2.04,1.53,2.85,1.5,1.34,1.03,1.03,1.15,1.53,2.77,1.22,1.0,4.64,4.06,4.52,1.91,4.14,4.9,4.46,1.51,1.0,4.11,1.31,3.89,1.92,1.36,1.59,3.53,2.75,1.42,1.0,1.16,1.13,2.62,3.61,2.72,1.55,2.64,3.64,4.02,1.88,1.67,3.28,4.71,2.75,Interpreters and Translators,0.38
274011,3.12,3.12,3.12,3.12,3.38,2.12,1.0,2.0,1.62,2.25,3.12,3.0,3.12,2.88,1.12,1.88,1.88,3.25,3.25,3.75,3.0,2.12,2.12,2.25,4.0,1.12,2.25,3.75,3.88,2.88,3.0,1.0,3.75,2.12,2.12,1.75,3.12,1.62,1.38,3.12,3.12,2.25,1.0,2.12,2.12,3.0,2.12,3.25,3.0,2.12,3.5,3.5,3.0,3.12,3.5,2.75,2.0,3.75,3.5,1.0,3.12,3.12,3.0,2.42,1.36,1.94,1.67,4.07,4.11,3.38,2.98,1.59,3.09,3.56,4.03,3.6,1.09,1.24,1.85,1.75,2.64,2.84,2.92,1.38,2.46,1.61,2.71,2.42,2.34,3.08,1.84,1.94,3.71,1.43,2.18,2.8,2.25,3.86,4.69,3.78,2.85,1.11,1.68,3.93,4.56,2.53,1.93,1.18,1.63,2.2,1.7,1.67,1.59,1.04,2.17,1.41,1.07,4.85,4.45,3.62,3.09,3.96,4.57,4.1,1.51,1.37,4.82,1.79,2.72,1.43,1.38,2.45,3.41,2.3,1.91,1.78,1.62,2.21,3.12,3.7,2.45,4.44,2.02,4.34,3.88,1.76,1.46,4.05,4.61,2.15,Audio and Video Equipment Technicians,0.55
274012,3.0,2.75,3.0,3.0,3.25,2.0,1.0,2.0,1.12,2.0,2.88,3.0,3.12,3.0,1.62,2.0,1.75,2.75,3.12,3.25,3.0,2.62,2.62,2.5,3.88,1.62,2.12,3.62,3.25,3.0,3.0,1.62,3.62,2.5,2.5,2.0,3.12,1.62,1.62,3.12,3.12,2.75,1.0,2.0,2.38,2.75,2.12,3.12,3.0,2.0,3.62,3.25,3.12,3.62,3.75,2.88,2.75,3.5,3.12,1.88,3.12,3.25,2.25,2.21,1.11,1.95,1.52,3.54,4.51,2.49,2.82,1.47,2.71,3.81,3.45,1.09,1.0,1.3,1.91,1.07,1.97,2.79,2.68,1.16,1.97,1.19,1.79,2.46,1.52,2.23,1.51,1.17,4.2,1.18,1.74,2.37,3.17,4.2,2.82,3.01,2.57,1.1,2.69,3.87,4.97,1.75,2.29,1.11,1.86,1.76,2.0,2.17,1.82,1.65,3.32,1.82,1.07,4.79,3.84,3.92,2.65,4.15,4.15,3.07,2.56,1.21,4.95,2.02,2.71,2.43,1.98,2.24,3.05,1.98,1.78,1.57,1.44,1.77,2.21,4.09,2.43,3.5,2.02,4.56,3.92,1.94,1.17,3.68,4.53,3.2,Broadcast Technicians,0.74
274014,3.0,4.0,3.25,3.12,3.38,2.0,1.0,1.62,1.25,1.88,3.0,3.0,3.25,3.5,1.0,1.0,1.0,4.12,3.12,3.12,3.0,2.12,2.38,2.12,4.0,1.0,2.12,4.0,4.0,3.38,3.12,1.0,3.12,1.62,2.12,1.88,3.5,2.12,1.38,3.25,3.0,3.25,1.0,1.0,2.12,2.88,2.12,2.5,2.75,2.12,3.38,3.25,3.12,3.75,3.5,2.5,2.0,3.12,3.25,1.62,3.62,3.12,2.76,2.0,1.08,1.54,1.17,3.5,4.6,3.88,2.28,2.0,2.54,3.67,3.68,3.76,1.08,1.71,1.28,1.32,1.48,2.32,2.46,1.16,2.0,1.58,2.08,3.28,2.71,1.68,2.67,1.8,2.6,1.64,1.54,2.83,2.62,4.08,3.52,2.48,2.74,1.42,2.0,3.72,4.88,1.67,1.76,1.46,2.32,1.33,1.12,1.28,1.21,1.0,3.44,1.62,1.26,4.43,4.24,3.29,2.4,3.56,4.6,3.25,1.71,1.21,4.74,2.08,4.48,1.96,2.08,1.52,3.62,1.88,1.58,1.36,1.26,1.64,3.56,4.28,2.21,4.4,1.62,4.24,4.2,1.92,1.12,3.41,4.0,2.67,Sound Engineering Technicians,0.13
274021,3.0,1.75,3.12,2.88,3.12,2.75,1.0,1.75,1.25,2.0,3.88,2.88,3.0,3.25,2.0,1.88,1.88,1.75,3.0,3.0,3.0,2.0,2.0,2.75,4.0,1.62,2.0,3.62,3.88,3.88,2.75,1.62,3.38,2.38,2.5,2.0,3.0,1.12,1.88,3.25,3.0,2.38,1.25,1.75,2.0,2.75,2.25,3.62,3.88,2.12,3.25,3.0,3.12,3.75,3.12,2.88,2.0,3.12,3.12,1.75,3.75,2.88,3.86,3.45,1.18,1.48,1.5,3.73,4.18,4.68,2.77,3.29,2.82,2.27,3.73,3.55,1.1,1.5,1.38,1.5,2.14,2.36,2.14,1.09,2.71,1.55,1.9,3.5,3.36,2.27,4.48,2.05,2.48,1.55,2.0,2.5,2.27,4.45,3.32,4.32,2.41,1.27,1.86,4.09,4.95,1.43,1.81,1.32,2.55,1.27,1.32,1.55,1.73,1.05,2.09,2.45,1.14,4.43,4.14,3.5,2.91,3.27,3.82,3.05,2.14,1.36,3.82,2.77,4.24,3.27,2.73,1.45,3.9,1.95,2.45,1.82,2.0,2.45,3.05,3.29,2.95,3.91,2.27,4.86,3.91,1.41,1.32,3.32,3.36,3.36,Photographers,0.021
274031,3.25,2.75,3.0,3.25,3.12,2.62,1.0,2.0,1.62,2.25,3.75,3.12,3.25,3.12,2.0,2.12,2.0,2.75,3.12,3.25,3.12,2.0,2.12,2.88,3.75,1.62,2.0,3.5,3.62,3.12,2.88,1.62,3.62,2.25,2.12,2.25,3.25,1.62,2.12,3.5,3.38,2.5,1.75,2.0,2.62,3.0,2.62,3.38,3.75,2.0,2.88,2.75,2.88,3.75,3.12,2.75,2.0,3.12,3.25,1.0,3.25,2.88,2.26,2.2,1.2,1.6,1.52,3.84,4.03,2.65,1.99,1.2,2.75,2.9,4.34,2.07,1.01,1.4,2.39,2.1,2.47,2.72,2.38,1.34,1.88,1.46,1.54,2.63,1.62,2.76,2.0,2.12,3.81,1.39,2.01,2.97,3.44,4.7,3.68,3.54,2.91,1.37,1.8,3.61,4.75,1.94,2.39,1.17,3.39,1.59,2.13,1.59,1.66,1.2,3.44,2.9,1.2,4.95,3.45,3.34,2.81,3.58,4.37,3.54,3.09,1.78,4.18,2.64,2.99,3.1,2.23,2.03,3.72,1.74,2.09,1.3,1.91,1.79,3.32,2.91,3.1,4.5,2.36,3.81,3.91,1.72,1.07,3.34,4.59,2.88,"Camera Operators, Television, Video, and Motion Picture",0.6
274032,2.38,2.25,3.38,2.62,3.38,1.62,1.0,1.0,1.0,1.25,2.88,2.88,3.12,3.62,1.0,1.0,1.0,2.25,3.12,3.75,2.38,2.0,2.25,1.12,3.88,1.0,2.0,3.88,3.75,3.5,3.12,1.0,3.25,1.38,1.38,1.0,3.38,1.12,1.0,3.5,3.38,2.5,1.0,1.0,1.0,2.5,1.62,3.12,3.62,1.62,3.62,3.38,3.25,3.75,3.5,2.62,1.88,3.0,3.38,1.0,3.25,3.12,3.28,3.23,1.11,1.18,1.13,4.94,4.51,3.44,3.24,2.15,3.06,3.34,4.59,4.05,1.18,2.3,2.31,2.66,2.79,2.25,1.71,1.73,2.51,1.88,1.31,3.7,1.69,2.01,3.21,1.75,4.12,1.33,2.24,2.68,2.57,4.1,3.36,3.0,2.51,1.14,2.09,3.41,5.0,1.52,1.35,1.08,1.27,1.03,1.2,1.2,1.09,1.01,2.89,1.44,1.04,4.87,4.06,2.74,1.67,2.78,4.43,2.76,2.21,1.18,4.98,1.76,3.58,2.07,1.69,1.19,3.16,2.2,1.5,1.26,1.17,1.57,2.24,4.56,1.84,2.91,1.7,4.46,4.7,1.22,1.05,2.73,4.5,3.1,Film and Video Editors,0.31
291011,3.12,1.88,3.12,2.75,4.0,2.0,1.0,2.5,1.38,2.62,2.25,3.0,3.12,3.0,1.0,2.25,1.88,1.88,4.0,3.75,2.88,2.5,2.75,3.12,3.62,1.0,2.25,4.0,4.0,2.88,2.88,1.0,4.0,1.75,2.0,2.0,3.0,1.0,1.0,3.75,3.62,2.88,1.75,2.12,2.88,2.75,3.38,1.75,2.88,2.12,4.0,3.88,3.38,4.0,3.88,2.88,2.38,3.12,3.88,3.38,3.88,3.75,3.75,3.49,3.94,1.14,2.31,2.34,3.2,4.07,1.85,2.94,3.44,2.21,4.1,1.14,1.15,1.81,1.6,1.61,2.71,2.62,2.04,4.34,3.47,2.51,1.99,2.21,3.82,2.52,3.34,2.95,1.93,3.42,1.26,2.99,3.66,5.0,3.37,3.6,2.7,1.1,2.07,4.96,4.27,1.37,1.04,3.13,1.07,1.35,1.37,1.0,1.04,2.41,1.21,1.07,1.07,4.98,4.96,4.55,3.5,4.58,4.73,4.26,1.28,1.0,4.94,1.14,3.2,1.09,1.07,1.13,4.84,1.97,3.43,1.0,1.34,1.65,3.7,2.51,3.55,4.25,2.09,4.82,3.58,1.09,1.07,3.91,3.97,4.07,Chiropractors,0.027
291021,4.12,2.88,3.75,4.0,4.12,3.0,1.12,2.0,1.0,2.88,2.88,4.25,3.5,3.25,1.0,1.88,1.88,2.88,4.12,3.88,3.88,3.0,2.75,3.62,4.12,1.0,3.0,4.0,4.0,3.12,3.0,1.0,4.25,2.25,2.75,2.75,3.88,1.0,1.88,4.0,3.88,2.88,1.12,2.12,2.0,2.88,2.25,3.12,3.25,2.88,4.0,3.38,3.88,4.0,4.12,3.12,2.75,4.0,4.0,3.75,4.0,3.25,3.22,2.46,3.52,1.77,2.93,1.95,2.84,4.24,2.51,3.0,3.29,2.6,3.93,1.44,1.18,1.7,1.33,1.28,2.47,2.36,2.78,5.0,3.18,1.35,2.64,2.52,3.43,2.45,2.4,1.83,1.77,2.3,1.44,3.53,4.21,4.75,4.26,4.48,3.43,1.56,2.03,4.81,4.03,3.89,3.36,4.78,1.79,2.57,2.41,1.04,2.77,4.4,3.83,1.25,1.12,5.0,4.67,4.89,4.6,4.84,4.81,4.26,1.07,1.07,4.75,1.83,3.83,1.07,1.05,1.78,4.97,1.92,3.65,1.04,1.74,1.3,4.61,4.26,2.3,4.67,1.8,4.61,3.78,4.65,3.08,4.77,4.87,3.68,"Dentists, General -Label 0",0.0044
291022,4.25,2.75,3.38,4.0,4.0,2.25,1.0,1.88,1.0,2.5,2.88,4.12,3.38,3.12,1.0,1.75,1.75,2.38,4.0,3.88,3.88,2.88,2.75,3.25,4.12,1.0,2.88,4.0,4.0,3.25,3.12,1.0,4.0,2.25,2.62,2.5,3.62,1.0,1.0,3.75,3.75,2.75,1.12,2.0,1.88,2.88,2.75,3.25,3.25,2.75,3.88,3.62,3.88,3.88,4.0,2.88,2.62,3.88,4.0,3.5,3.88,3.5,3.41,2.72,4.41,1.69,3.43,2.48,2.99,4.32,2.35,2.77,3.45,2.23,4.4,1.43,1.17,2.17,1.76,1.89,2.84,3.05,2.69,5.0,3.38,2.11,2.49,2.02,3.75,2.58,2.8,2.4,2.21,3.11,1.75,3.51,4.1,4.84,4.65,4.44,3.42,1.66,1.72,4.6,4.09,3.22,2.28,4.97,1.63,2.3,2.79,1.0,1.94,3.01,2.52,1.0,1.32,4.94,4.93,4.8,4.85,4.94,4.83,3.29,1.0,1.0,4.75,1.41,4.05,1.0,1.0,1.26,4.96,2.66,3.27,1.0,1.75,1.23,3.4,1.92,4.26,4.27,2.16,4.94,3.58,4.94,2.25,4.76,4.75,4.67,Oral and Maxillofacial Surgeons,0.0036
291023,4.0,2.25,3.25,3.25,4.0,2.0,1.0,1.25,1.12,2.12,3.0,4.0,2.88,3.25,1.0,1.0,1.12,2.0,4.0,3.75,3.75,2.5,2.62,2.75,4.0,1.0,2.5,4.0,4.0,3.0,2.75,1.0,4.12,1.88,1.88,1.88,3.25,1.0,1.0,3.75,3.75,2.5,1.0,1.0,2.0,3.0,2.0,2.5,3.12,2.12,4.0,4.0,3.75,4.0,4.0,3.25,2.12,4.0,3.88,3.38,4.0,3.38,3.18,2.68,3.68,1.19,2.63,2.58,3.26,4.25,2.48,2.64,3.14,3.05,3.69,1.05,1.03,1.82,1.11,1.21,1.74,3.22,2.19,4.95,2.96,1.25,3.07,2.61,2.96,2.46,2.6,1.81,2.11,2.09,1.16,2.97,2.71,4.96,4.79,4.65,3.07,1.31,2.11,4.67,4.35,2.15,1.11,4.13,1.16,1.68,1.03,1.0,1.55,3.51,2.5,1.07,1.0,5.0,4.81,4.62,4.71,4.65,4.83,3.68,1.0,1.0,4.7,1.05,4.18,1.02,1.17,2.17,4.84,2.25,3.0,1.0,1.07,1.19,3.39,3.46,2.64,4.57,2.11,4.25,4.34,5.0,2.1,4.86,4.99,4.27,Orthodontists,0.023
291024,3.62,2.12,3.12,3.25,4.0,2.12,1.0,2.0,1.25,2.25,2.88,3.88,3.0,3.12,1.5,2.0,2.0,2.25,4.0,3.38,3.62,2.75,2.25,2.62,4.12,1.5,2.12,4.0,4.0,3.12,2.88,1.5,4.12,2.0,2.0,2.0,3.25,1.62,1.5,3.62,3.62,2.25,1.0,1.88,2.0,2.75,2.12,3.12,3.25,2.0,3.75,3.25,3.0,4.0,4.0,2.88,2.0,3.62,3.62,3.0,4.0,3.38,3.37,2.86,3.21,1.41,2.56,2.41,2.92,4.13,2.17,2.74,3.09,2.46,3.27,1.36,1.0,1.7,1.09,1.05,2.06,2.09,2.06,4.96,2.92,1.25,1.7,2.79,3.01,1.99,2.38,1.78,1.97,2.19,1.36,3.2,3.72,4.84,4.67,3.98,3.26,1.45,1.74,4.95,4.64,3.17,2.11,4.3,1.77,2.96,2.66,1.0,2.26,2.92,3.18,1.68,1.0,4.95,4.95,4.55,4.82,4.56,4.95,3.96,1.08,1.0,4.66,1.0,3.66,1.0,1.0,1.41,4.96,1.68,4.19,1.0,1.74,1.27,4.22,4.09,2.44,4.48,2.01,4.47,3.85,4.91,2.32,4.92,4.7,4.36,Prosthodontists,0.055
291031,1.0,2.12,3.88,1.0,4.0,1.62,1.0,1.12,1.0,1.12,2.75,1.88,2.88,3.12,1.0,1.0,1.0,1.75,4.0,3.75,1.25,3.12,2.75,1.0,3.38,1.0,3.0,4.0,4.0,3.5,2.88,1.0,4.0,1.0,1.0,1.0,3.0,1.0,1.0,4.0,3.62,2.25,1.12,1.0,1.12,2.62,1.75,2.38,2.5,1.38,4.0,4.0,3.62,4.0,4.0,3.75,3.0,3.88,4.0,3.25,4.0,3.88,2.83,2.79,4.41,1.07,3.38,2.79,3.41,4.0,1.43,2.28,3.8,1.67,4.13,1.03,3.17,1.86,1.57,1.33,2.2,3.63,1.27,4.27,2.41,1.93,1.47,1.73,3.87,2.24,2.67,3.31,2.03,4.07,1.53,2.57,2.34,4.59,3.2,3.7,3.13,1.73,1.72,4.2,4.9,1.73,1.2,3.6,1.1,1.27,1.33,1.0,1.47,1.24,2.62,1.1,1.0,4.89,4.55,3.31,3.3,3.03,4.0,2.5,1.66,1.03,4.6,1.33,3.23,1.17,1.25,1.1,3.45,2.76,1.25,1.0,1.07,1.3,1.72,3.63,2.43,1.48,2.03,4.63,3.83,1.93,1.55,2.93,3.87,3.7,Dieticians and Nutritionists,0.0039
291041,3.12,2.0,3.75,3.12,4.0,2.38,1.0,1.12,1.12,1.25,3.25,3.62,3.88,3.12,1.0,1.0,1.0,2.0,4.0,3.88,3.0,3.0,2.38,2.25,4.0,1.0,2.88,4.0,4.12,2.88,3.12,1.0,4.12,2.0,2.0,1.75,3.25,1.0,1.0,3.75,3.75,2.75,1.0,1.0,1.88,3.0,2.0,3.12,3.0,2.0,4.0,3.88,3.12,4.12,4.12,3.12,3.0,3.25,4.12,3.75,4.0,4.0,3.5,3.24,4.52,1.14,2.9,2.67,3.19,4.4,1.52,3.29,3.57,2.3,3.9,1.24,1.0,1.76,1.29,1.29,3.19,3.62,1.9,4.81,3.19,1.76,3.29,2.05,3.52,3.0,3.1,2.43,2.33,3.55,1.33,3.43,3.2,4.76,3.79,4.43,3.45,1.67,2.3,4.38,4.9,1.3,1.75,4.0,1.71,1.1,1.0,1.0,1.5,1.0,1.52,1.0,1.0,5.0,4.71,4.55,3.85,4.33,4.76,3.95,1.05,1.0,5.0,1.1,3.55,1.0,1.14,1.35,4.6,2.05,1.84,1.0,1.4,1.52,3.65,3.71,2.5,4.35,2.0,4.2,4.05,2.55,1.1,3.58,4.32,4.45,Optometrists,0.14
291051,2.88,2.25,3.88,2.12,3.88,1.88,1.12,1.38,1.12,2.12,3.0,3.12,2.88,3.12,1.0,1.88,1.25,1.62,3.88,3.75,3.0,3.25,3.0,2.12,4.0,1.0,3.25,4.12,4.25,2.62,3.12,1.0,4.0,1.25,1.25,1.12,3.12,1.0,1.0,3.75,3.75,2.88,1.25,1.88,2.0,3.0,2.25,3.0,2.25,1.75,4.12,3.88,3.62,4.0,3.88,3.12,3.25,3.88,4.0,3.38,4.0,3.88,2.58,3.3,3.95,1.09,4.11,2.74,3.37,4.16,1.35,1.66,3.34,1.8,4.16,1.06,1.15,1.57,1.45,1.13,2.58,4.49,1.28,4.64,2.57,1.54,1.83,2.64,3.71,2.08,2.08,2.4,2.74,2.9,1.44,3.52,4.83,4.91,4.12,4.68,3.7,1.61,2.64,3.91,4.64,1.84,1.19,4.44,1.03,1.69,1.1,1.1,1.45,1.0,2.27,1.0,1.0,4.99,4.59,4.78,3.7,4.7,4.99,4.49,1.01,1.0,5.0,1.02,3.68,1.03,1.03,1.53,4.16,1.28,2.11,1.15,1.13,1.42,4.05,1.78,4.36,3.08,2.5,5.0,4.67,2.59,1.23,4.52,4.98,3.07,Pharmacists,0.012
291071,3.25,2.31,3.25,2.815,4.0,2.19,1.06,1.94,1.56,2.25,2.94,3.06,3.25,2.875,1.31,2.06,2.0,2.565,4.0,3.75,3.065,3.0,2.815,2.435,3.815,1.0,2.88,4.12,3.875,2.75,3.375,1.0,4.12,1.625,2.315,2.125,3.315,1.0,1.0,3.69,3.75,2.94,1.875,2.125,2.31,2.94,2.815,3.0,2.88,1.75,4.0,3.75,3.69,4.0,3.87,3.0,2.94,3.815,3.935,3.31,3.81,3.56,2.265,2.46,4.135,1.18,3.545,2.5700000000000003,3.3200000000000003,3.88,1.415,1.575,3.675,1.875,4.315,1.13,1.185,2.07,1.4500000000000002,1.335,2.6900000000000004,3.4850000000000003,2.28,4.529999999999999,2.045,2.17,2.475,1.51,3.655,3.02,1.385,3.035,2.05,3.52,1.74,3.51,4.16,4.595,4.18,4.1450000000000005,3.505,2.34,1.53,4.380000000000001,4.18,3.35,2.245,4.8,2.18,2.53,1.855,1.0,2.495,3.29,2.855,1.68,1.15,4.85,4.4350000000000005,4.06,4.15,4.11,4.82,3.5250000000000004,1.1,1.04,4.745,1.255,3.69,1.19,1.12,1.705,4.529999999999999,2.29,2.255,1.015,1.69,2.0,2.84,2.575,3.615,3.615,3.075,4.605,4.074999999999999,4.515000000000001,3.46,3.685,4.630000000000001,3.43,Physician Assistants,0.14
291081,3.0,1.88,3.62,2.88,4.25,2.0,1.0,1.38,1.38,1.62,2.88,3.12,3.62,3.25,1.0,1.38,1.38,2.0,4.12,3.5,3.12,2.88,3.0,2.75,3.88,1.0,2.88,4.0,4.0,3.0,3.0,1.0,4.12,1.62,1.88,1.75,3.0,1.0,1.0,4.0,4.0,3.12,1.0,1.5,2.12,2.88,2.12,2.88,3.12,1.88,4.12,4.12,4.0,4.0,4.0,3.25,2.88,3.88,4.0,3.5,4.0,3.88,3.77,3.15,3.77,1.15,3.37,2.44,3.8,4.62,1.97,3.22,4.12,2.26,4.6,1.0,1.01,1.18,1.23,1.12,2.64,2.76,2.41,4.97,3.32,1.73,2.25,2.54,3.37,2.4,2.91,2.6,1.72,3.21,1.13,3.55,3.68,4.84,4.13,3.86,3.71,1.92,1.82,4.99,4.62,2.84,1.96,4.69,1.53,2.15,2.03,1.0,2.65,3.3,1.83,1.43,1.0,4.99,5.0,4.73,4.22,4.68,4.77,3.45,1.83,1.0,3.77,1.63,4.02,1.1,1.01,1.02,4.55,2.28,2.45,1.1,1.34,2.01,2.88,3.38,3.18,4.2,2.29,4.55,4.38,3.27,2.44,4.53,4.42,4.49,Podiatrists,0.0046
291122,2.625,2.5,3.315,2.0,3.81,2.0,1.0,2.0,1.375,2.0,3.06,2.5,2.88,3.565,1.44,2.185,2.12,2.435,3.69,3.63,1.88,2.25,2.5,2.56,3.25,1.375,2.25,3.94,4.12,3.5,2.815,1.25,4.0,1.31,1.31,1.62,3.125,1.25,1.62,3.815,3.75,2.62,1.565,2.0,2.375,2.75,2.435,2.56,2.815,1.25,3.94,3.94,3.815,4.0600000000000005,3.75,3.94,2.06,3.935,3.94,2.375,4.0,3.875,2.52,2.65,2.465,1.27,1.4249999999999998,2.365,2.505,3.94,1.515,1.535,4.015,1.69,4.18,1.38,1.285,2.025,1.895,1.375,2.425,2.205,1.625,3.375,1.83,2.495,1.7000000000000002,1.3199999999999998,4.19,2.875,1.83,3.12,1.69,4.1,2.805,2.43,2.95,4.5600000000000005,3.25,3.645,2.68,1.865,1.22,4.6,4.735,2.105,1.69,3.09,2.225,1.0,1.835,1.11,1.71,1.11,2.79,2.205,1.0,4.805,4.57,4.005,3.365,3.855,3.425,2.3600000000000003,3.135,1.0,4.1,2.19,2.66,2.91,1.925,1.0,4.44,2.245,2.335,1.045,1.78,2.1,2.025,2.56,3.26,3.0250000000000004,2.95,4.245,3.455,1.77,1.21,2.515,4.03,3.58,Occupational Therapists,0.0035
291123,3.25,2.12,3.0,2.75,3.88,2.0,1.0,2.75,1.5,2.88,3.0,3.12,2.88,3.25,1.0,2.5,2.12,2.0,3.88,3.88,3.0,2.62,2.75,2.88,3.25,1.0,2.75,4.0,4.0,3.0,2.88,1.0,3.88,2.0,2.0,1.62,3.12,1.0,1.12,3.75,3.75,2.75,1.88,2.62,3.12,2.88,3.12,2.38,2.88,2.12,4.0,3.88,3.12,4.0,4.0,3.12,2.12,3.88,4.0,2.62,4.0,3.88,3.2,3.08,3.7,1.37,2.42,2.64,2.77,4.61,1.34,2.36,3.98,1.66,3.98,1.31,1.07,1.91,1.38,1.06,2.78,2.65,2.09,4.57,2.87,2.04,3.2,1.67,4.11,2.72,2.62,3.12,1.93,4.59,1.52,3.2,3.75,4.94,4.29,4.63,3.75,2.0,1.31,4.41,3.82,1.8,1.77,3.68,1.17,1.29,1.1,1.03,1.86,1.06,2.25,1.16,1.01,4.78,4.75,4.59,4.12,4.51,3.69,3.75,1.57,1.0,4.88,1.16,2.57,1.34,1.11,1.15,4.92,2.16,3.08,1.0,2.01,2.22,3.04,2.34,3.8,3.44,2.74,4.48,4.24,3.01,1.57,4.12,4.54,3.72,Physical Therapists,0.021
291124,3.38,2.25,3.12,3.12,3.5,2.75,1.0,2.0,1.0,2.25,3.12,3.0,3.0,3.0,1.75,2.12,2.0,2.25,3.25,3.62,3.0,2.75,2.5,3.0,3.38,1.88,2.75,4.0,3.88,2.25,2.88,1.75,3.88,2.62,2.88,2.38,3.12,2.0,1.88,3.38,3.25,2.88,2.0,2.12,2.62,2.88,2.25,2.88,3.0,2.0,3.75,3.62,3.0,3.75,3.5,2.88,2.75,3.25,3.75,2.75,3.25,3.12,2.84,3.08,3.34,1.22,2.26,1.99,3.51,4.56,1.61,1.61,3.52,2.32,4.04,1.09,1.0,1.82,1.25,1.1,2.12,3.62,2.48,3.95,2.3,2.14,3.77,1.53,3.35,2.6,1.38,2.36,2.13,3.36,1.79,3.43,4.53,4.97,3.71,3.38,3.72,1.99,2.92,3.85,4.72,2.81,2.72,4.78,1.67,2.48,2.69,1.01,1.83,3.25,2.54,1.19,1.12,4.72,4.14,4.17,3.83,4.3,4.86,4.68,1.04,1.22,4.57,1.06,3.92,1.05,1.05,3.8,4.92,1.75,3.38,1.03,2.0,2.17,4.01,2.27,3.89,4.42,3.97,4.71,4.46,3.21,2.7,3.73,4.39,3.34,Radiation Therapists,0.34
291125,2.75,2.25,3.12,2.0,3.88,2.0,1.38,2.0,2.0,2.12,3.0,2.62,3.0,3.12,1.5,2.75,1.88,1.88,3.75,3.62,2.38,2.0,2.12,2.75,3.12,1.5,2.0,4.0,4.0,3.25,2.75,1.88,3.88,1.62,1.88,2.0,3.0,1.5,1.88,4.0,3.75,2.0,2.0,2.5,2.5,3.0,2.75,1.88,2.5,1.62,3.88,3.88,3.38,4.0,3.88,3.38,2.0,3.38,3.88,2.0,4.0,3.88,3.37,2.89,2.21,1.54,1.58,2.53,2.84,4.42,1.73,2.24,4.16,1.92,4.08,2.55,1.73,2.03,1.92,1.86,2.68,2.11,1.66,3.16,2.84,2.55,1.58,2.05,4.55,3.0,2.71,3.46,2.03,4.53,2.47,3.45,2.47,4.82,4.0,3.95,3.51,2.59,1.61,4.32,4.79,1.92,1.65,3.95,1.63,1.27,1.41,1.28,1.97,1.05,2.84,1.76,1.03,4.95,4.26,3.21,3.87,3.16,3.05,2.63,2.92,1.24,4.47,2.26,2.55,2.84,2.51,1.24,4.37,3.5,2.34,1.24,1.78,1.92,2.34,2.51,3.23,2.79,2.92,4.22,3.68,2.16,1.45,3.0,4.65,3.46,Recreational Therapists,0.0028
291126,3.0,2.75,3.0,3.0,3.88,2.62,1.0,2.12,1.0,2.88,3.0,3.12,3.0,2.88,1.62,2.12,2.0,2.88,4.0,3.88,3.12,2.88,2.62,3.0,3.75,1.62,2.88,3.88,4.0,2.88,3.25,1.88,4.0,2.0,2.12,2.12,3.12,1.75,1.5,3.5,3.25,2.38,2.0,2.38,2.25,2.88,2.75,2.88,2.38,2.12,3.75,3.5,3.62,3.88,3.88,3.12,2.75,3.88,3.62,3.0,3.75,3.12,2.17,2.31,3.25,1.29,3.1,2.33,3.23,4.33,1.2,1.56,3.71,2.18,3.9,1.06,1.06,1.99,1.32,1.21,2.73,3.07,2.33,4.29,2.05,2.34,2.88,1.61,3.42,2.56,1.51,2.61,1.95,2.92,1.46,3.4,4.52,4.85,3.95,4.24,3.5,2.46,2.38,3.96,4.14,3.74,3.23,4.9,2.07,2.8,1.43,1.03,1.62,3.21,2.86,1.04,1.02,4.91,3.89,4.66,3.79,4.4,4.64,3.63,1.09,1.0,4.79,1.23,2.92,1.05,1.01,1.96,4.73,1.93,2.96,1.04,1.62,1.83,2.81,2.11,3.99,4.04,3.99,4.93,4.09,4.28,3.1,3.07,4.55,3.07,Respiratory Therapists,0.066
291127,2.0,3.12,3.75,1.12,4.0,1.38,1.0,1.0,1.0,1.38,2.5,2.12,3.25,3.75,1.0,1.0,1.0,3.62,4.0,3.75,1.62,2.75,2.75,1.12,3.62,1.0,2.38,4.5,4.25,3.25,3.12,1.0,4.0,1.0,1.0,1.12,3.0,1.38,1.0,4.12,4.25,3.12,1.0,1.12,1.25,2.88,2.0,2.0,2.5,1.88,4.12,4.25,3.88,4.12,4.12,4.0,2.0,3.88,4.12,2.88,4.0,4.0,2.55,3.57,2.6,1.0,1.41,2.99,2.78,4.02,1.25,1.56,4.17,1.37,4.89,1.46,1.29,2.12,1.72,1.33,2.39,2.57,1.24,3.15,1.91,1.9,1.41,1.14,4.02,2.91,1.33,3.23,1.84,3.95,1.41,2.78,3.18,4.99,3.65,3.8,2.65,1.83,1.57,4.62,4.18,2.2,1.36,3.47,1.0,1.1,1.0,1.0,1.11,1.28,3.34,1.59,1.0,5.0,4.61,4.25,2.98,4.01,3.95,2.63,1.0,1.0,4.19,1.54,2.67,1.37,1.0,1.46,4.78,2.06,1.6,1.0,1.13,1.56,1.91,3.88,2.69,2.81,2.44,3.79,4.59,2.73,1.34,2.61,4.89,3.38,Speech-Language Pathologists,0.0064
291129,2.815,2.685,3.12,2.31,3.88,1.625,1.0,1.625,2.0,1.69,2.94,2.88,2.94,3.75,1.0,1.875,1.875,2.56,3.88,3.375,2.685,2.06,2.435,2.0,3.56,1.0,2.06,4.0,4.0600000000000005,3.435,2.435,1.0,4.0600000000000005,1.0,1.94,2.0,3.435,1.44,1.0,3.94,3.88,2.5,1.31,2.0,2.0,2.63,1.87,2.75,2.81,1.87,3.94,3.88,3.5,4.0600000000000005,3.94,3.435,2.06,3.815,3.94,1.875,4.0,3.435,2.67,2.93,1.8,1.1549999999999998,1.37,2.81,2.7,3.99,1.755,1.775,3.755,1.42,3.855,4.685,1.09,2.075,1.35,1.785,2.51,1.945,1.395,2.65,2.22,3.02,1.27,1.4,4.925,2.63,2.175,4.02,1.88,4.94,1.6,3.23,2.56,4.640000000000001,3.285,3.325,3.755,3.14,1.255,4.415,4.65,1.91,1.77,3.405,1.545,1.17,1.125,1.02,1.61,1.0750000000000002,2.865,1.29,1.0,4.875,4.5,3.475,2.855,3.395,2.935,2.52,1.685,1.0,4.62,1.665,2.78,1.465,1.59,1.13,4.225,2.54,1.945,1.065,1.36,1.965,2.69,3.605,2.575,3.675,2.02,4.145,3.55,1.78,1.28,2.16,4.26,3.535,"Healthcare Practitioners and Technical Workers, All Other, label 0",0.055
291131,3.0,2.38,3.25,3.0,4.0,2.12,1.12,2.0,1.38,2.25,3.0,3.12,3.25,3.0,1.12,2.12,2.0,2.38,4.0,3.75,3.0,3.12,2.62,2.88,4.0,1.12,3.0,4.12,4.12,3.0,2.75,1.12,4.0,1.75,1.75,1.75,3.12,1.0,1.12,3.62,3.62,2.5,1.25,2.25,2.12,2.88,2.25,2.88,2.88,2.12,4.12,3.62,4.0,4.12,3.88,3.0,3.12,3.25,4.12,3.88,3.88,3.5,3.31,2.79,4.69,1.16,3.37,2.28,2.87,4.49,1.71,2.61,3.46,1.76,4.34,1.17,1.63,1.63,1.71,1.31,2.75,3.71,2.0,4.69,3.34,1.49,2.35,1.9,3.12,2.94,2.66,2.21,1.92,2.66,1.38,3.59,4.09,4.86,4.54,4.65,3.61,1.49,1.79,4.29,4.5,4.06,2.92,4.21,1.71,3.15,1.84,1.09,4.09,3.98,3.84,1.49,1.1,5.0,4.76,4.78,4.2,4.55,4.55,3.17,1.6,1.37,4.92,1.5,3.27,1.55,1.56,1.64,4.43,2.29,3.02,1.1,1.94,2.89,2.96,2.3,3.96,4.04,2.73,4.97,4.21,3.7,3.61,4.09,4.82,3.89,Veterinarians,0.038
291141,2.448,2.648,3.4,2.076,4.072,1.974,1.2,1.872,1.898,2.1740000000000004,2.926,2.698,3.3,3.224,1.1,2.052,1.978,2.376,4.024,3.878,2.426,2.876,2.926,2.276,3.826,1.0,2.85,4.148000000000001,4.1240000000000006,3.1,3.15,1.024,4.222,1.55,2.0740000000000003,2.05,3.35,1.048,1.148,3.976,3.926,3.1,1.576,2.302,2.402,2.974,2.6,2.752,2.726,1.9,4.05,3.926,3.852,4.052,4.024,3.4,2.802,3.974,4.0,2.952,4.072,3.802,3.274,2.946,3.714,1.348,2.918,2.654,2.926,4.09,1.65,2.058,3.908,1.812,4.248,1.148,1.3279999999999998,1.95,1.532,1.522,2.832,3.314,1.7399999999999998,4.6240000000000006,2.566,2.442,1.87,1.922,4.348000000000001,3.16,1.746,3.3839999999999995,2.574,3.890000000000001,1.6780000000000002,3.784,4.134,4.654,4.1240000000000006,3.968,4.004,2.93,1.798,4.116,4.524,2.906,2.478,4.432,1.956,2.178,1.364,1.084,1.5779999999999998,2.096,3.566,1.404,1.068,4.95,4.232,4.134,3.896,4.228,4.554,3.412,1.402,1.03,4.624,1.352,3.066,1.158,1.212,1.512,4.046,2.552,2.496,1.058,1.752,1.732,2.742,3.0,3.156,3.0740000000000003,2.952,4.894,4.118,3.896,2.494,3.538,4.612,3.162,"Registered Nurses, label 0",0.009
291151,3.25,2.88,3.38,3.0,4.0,2.12,1.0,2.0,1.25,2.25,3.0,3.12,3.25,3.38,1.88,2.0,2.0,2.88,4.0,4.12,3.12,3.12,3.0,2.88,4.0,1.0,3.12,4.12,4.0,3.12,3.38,1.0,4.75,2.12,2.38,1.88,3.5,1.0,1.0,4.0,3.75,3.25,1.12,2.12,2.25,3.12,2.38,3.0,3.12,2.25,4.12,4.0,4.0,4.0,4.12,3.38,3.25,4.0,4.12,3.88,4.0,3.38,3.22,2.37,4.63,1.42,4.33,2.52,3.41,4.63,1.77,2.52,4.26,3.07,4.19,1.15,1.15,2.04,1.52,1.46,3.19,4.26,2.76,4.85,3.07,2.19,4.0,2.26,4.04,3.11,1.85,2.96,2.52,3.04,1.46,3.78,4.77,4.67,4.36,4.04,3.85,2.33,2.23,4.44,4.04,4.69,3.22,4.85,2.96,2.72,1.96,1.0,1.62,3.89,4.33,1.23,1.08,5.0,4.7,4.19,4.48,4.44,4.81,4.15,1.22,1.12,5.0,1.48,4.5,1.19,1.11,1.85,4.54,2.37,2.42,1.0,1.36,1.93,3.07,3.11,3.2,4.11,2.4,4.31,4.11,4.85,4.04,3.5,4.85,2.88,"Registered Nurses, label 0",0.009
291171,2.75,2.88,3.38,2.5,4.12,1.88,1.0,2.12,2.12,2.0,3.0,2.75,3.25,3.25,1.0,2.0,2.0,2.62,4.25,4.0,2.75,2.88,3.0,2.5,4.12,1.0,3.0,4.0,4.12,3.0,3.0,1.0,4.25,1.25,2.0,2.0,3.0,1.0,1.0,4.0,4.0,3.12,1.88,2.25,2.12,3.0,2.38,3.0,2.88,1.5,4.25,4.12,4.0,4.12,4.12,3.5,3.0,4.0,4.12,3.75,4.0,4.0,3.14,2.5,4.22,1.32,3.18,3.04,3.13,4.13,1.52,1.95,3.76,2.09,4.26,1.27,1.35,2.23,1.74,1.48,3.0,3.61,1.68,4.83,2.43,2.48,2.09,1.74,4.17,3.05,1.95,3.64,2.57,4.0,1.95,3.3,4.39,4.74,4.09,4.26,3.52,2.83,2.04,4.3,4.96,2.74,2.29,4.78,1.74,2.17,1.65,1.09,2.22,2.04,3.17,1.35,1.09,5.0,4.7,4.57,3.91,4.35,4.57,3.48,1.74,1.14,4.43,1.52,3.3,1.3,1.35,1.18,4.35,2.22,2.48,1.13,1.48,1.65,2.73,2.83,3.13,3.3,2.74,5.0,4.09,4.35,2.22,3.52,4.75,3.73,"Registered Nurses, label 0",0.009
291181,3.0,3.38,3.25,3.0,4.0,1.62,1.0,1.0,1.12,1.5,2.88,3.0,3.12,3.0,1.0,1.12,1.0,3.5,4.0,3.62,2.88,2.88,2.88,2.0,3.75,1.0,2.5,4.12,4.0,3.12,3.12,1.0,4.0,1.75,1.62,1.88,2.88,1.62,1.0,3.88,3.75,3.0,1.0,1.0,1.75,2.88,2.12,2.38,2.5,1.88,4.12,4.0,4.0,4.12,4.0,3.38,2.88,3.75,4.12,3.0,4.0,4.0,3.38,3.68,3.95,1.14,1.95,2.81,4.09,4.81,1.91,3.32,3.91,2.91,4.18,1.09,1.0,1.91,1.23,1.09,2.73,3.0,2.3,4.27,3.19,1.64,2.48,2.05,4.32,2.5,4.09,2.76,2.64,4.59,1.5,2.95,2.59,4.73,3.45,4.64,3.35,1.38,2.14,4.18,4.95,1.67,1.55,3.9,1.23,1.0,1.14,1.0,1.14,1.0,1.55,1.0,1.0,4.95,4.59,4.45,3.43,4.14,4.64,2.41,1.62,1.0,4.6,1.25,3.32,1.0,1.05,1.23,4.5,2.59,1.67,1.0,1.27,1.77,2.29,3.82,2.43,3.67,1.73,4.9,3.55,1.9,1.18,3.05,4.25,4.4,Audiologists,0.0033
292011,3.405,2.1575,3.4675,3.065,3.72,2.125,1.095,1.685,1.4075,1.8125,3.0,3.28,3.375,2.8125,1.03,1.5325,1.5,2.0925,3.7825,3.655,2.97,2.75,2.5325,2.28,4.0625,1.03,2.595,3.875,3.5,2.595,2.9675,1.03,3.75,2.125,2.155,1.75,3.25,1.03,1.0925,3.09,3.155,2.715,1.2825,1.53,2.0,2.4675,2.19,3.25,2.845,2.0625,3.9675,3.345,3.22,3.625,3.7525,2.815,2.78,3.25,3.7525,3.2825,3.2775,3.2475,2.505,3.1175,4.065,1.2525,3.5025,1.82,3.16,3.22,1.515,1.6575,2.96,2.18,3.42,1.1375,1.09,1.2,1.2999999999999998,1.1225,2.125,3.0825,2.6025,3.24,2.1975,1.205,1.8975,2.665,1.85,2.31,1.4725,1.4625,1.9825,1.4225,1.5275,2.5375,4.135,3.785,3.0175,2.6225,2.4625,1.1575,2.8225,3.66,4.7275,3.42,1.625,4.045,1.6,3.89,1.75,1.0125,1.6675,1.285,2.54,1.1825,1.0775,4.615,4.025,4.2075,3.4675,3.9825,4.7625,4.51,1.0825,1.025,4.9025,1.05,2.5375,1.0125,1.0125,2.275,3.455,1.5925,1.9975,1.05,1.2225,1.39,4.29,3.835,2.4450000000000003,4.355,2.0975,4.34,4.45,4.6675,1.9175,3.0175,3.955,2.7725,Medical and Clinical Laboratory Technologists,0.9
292012,3.31,2.565,3.185,3.12,3.31,2.25,1.06,2.125,1.375,2.12,2.88,3.685,2.935,2.565,1.0,1.875,1.875,2.25,3.06,3.63,3.185,2.44,2.31,2.69,4.0,1.0,2.56,3.685,3.5,2.44,2.94,1.0,3.63,2.06,2.44,1.935,3.06,1.06,1.06,3.12,3.12,2.5,1.625,2.06,2.0,2.44,2.625,3.0,2.815,2.19,3.5,3.12,2.94,3.69,3.44,2.63,2.375,3.185,3.44,3.185,3.25,3.06,2.505,3.19,3.74,1.1,3.785,1.705,2.795,2.9450000000000003,1.26,1.58,2.85,2.015,3.455,1.04,1.115,1.375,1.105,1.09,2.255,3.0700000000000003,2.345,2.775,1.91,1.34,1.94,2.73,1.905,2.95,1.285,1.5,1.985,1.4300000000000002,1.56,2.715,4.04,4.15,3.245,2.48,2.85,1.27,3.08,3.615,4.295,4.125,2.175,3.815,1.39,4.12,2.865,1.02,2.34,1.545,2.74,1.615,1.09,4.725,3.76,3.375,3.67,3.38,4.890000000000001,4.33,1.06,1.0,4.79,1.175,2.26,1.105,1.08,2.89,3.485,1.515,2.185,1.04,1.365,1.445,4.325,3.515,2.86,4.195,2.35,4.335,4.12,4.83,1.83,2.875,4.145,2.97,Medical and Clinical Laboratory Technicians,0.48
292031,3.25,2.5,3.0,3.12,3.62,2.0,1.12,1.88,1.0,2.25,2.88,3.12,3.25,2.88,1.0,2.0,1.75,2.62,3.62,3.5,3.12,2.62,2.62,2.75,4.0,1.0,2.5,4.0,4.0,2.5,3.38,1.0,4.12,2.12,2.25,2.0,3.12,1.0,1.0,3.62,3.62,3.0,2.0,2.0,2.25,3.0,2.88,2.88,2.75,2.12,3.5,3.5,3.12,3.88,3.75,2.88,2.62,3.75,3.62,3.0,3.75,3.12,2.47,2.72,2.41,1.06,2.26,2.14,3.31,4.29,1.07,1.4,3.27,1.82,3.87,1.1,1.01,1.91,1.25,1.18,1.75,2.9,2.1,3.89,1.63,1.71,2.62,1.62,2.6,2.75,1.17,1.9,2.36,2.18,1.59,3.38,3.77,4.94,3.62,4.23,3.73,1.92,2.07,4.07,3.98,2.5,2.73,3.95,1.86,1.64,1.43,1.0,1.33,3.57,2.26,1.0,1.0,4.74,3.9,4.32,3.58,4.28,4.68,4.11,1.08,1.0,4.58,1.0,2.72,1.0,1.0,2.68,4.88,1.5,3.53,1.0,1.73,1.5,4.03,3.24,3.08,4.4,2.95,4.37,4.3,4.2,2.78,3.29,4.64,2.93,Cardiovascular Technologists and Technicians,0.23
292032,3.5,2.5,3.12,3.5,3.38,2.62,1.0,2.12,1.0,2.75,2.88,3.0,3.38,3.0,1.0,2.25,1.88,2.88,3.5,3.12,3.0,2.25,2.38,3.0,3.88,1.0,2.12,4.0,3.88,3.0,3.0,1.0,3.88,2.12,2.25,2.5,3.0,1.0,1.0,3.62,3.5,3.0,1.88,2.38,2.25,2.88,2.75,2.88,3.0,2.0,3.88,3.75,3.38,3.88,3.5,3.0,2.12,3.5,3.75,3.25,3.75,3.25,2.48,3.33,2.84,1.09,2.18,2.43,3.25,4.55,1.64,1.6,3.18,2.18,4.07,1.08,1.01,2.2,1.62,1.49,2.14,2.89,2.3,3.59,2.47,2.22,3.71,1.77,3.23,2.95,1.4,2.32,2.19,2.51,1.58,2.95,3.5,4.85,3.42,4.23,3.61,1.83,2.02,3.79,3.39,2.63,2.85,4.46,1.6,1.52,1.08,1.0,1.28,2.3,1.9,1.14,1.26,4.31,4.18,4.28,3.2,4.04,4.87,4.66,1.14,1.0,4.71,1.17,2.99,1.05,1.0,1.74,4.81,1.37,3.53,1.01,1.56,1.69,4.72,3.36,3.04,4.8,2.83,4.49,4.02,3.99,1.85,2.7,4.43,2.69,Diagnostic Medical Sonographers,0.35
292033,3.0,1.88,3.25,3.12,3.5,2.0,1.0,2.0,1.0,1.88,2.75,2.88,3.0,2.88,1.0,2.0,1.88,2.0,3.5,3.75,2.88,3.12,2.75,2.5,3.88,1.0,3.12,4.0,4.0,2.75,3.0,1.0,3.88,2.12,2.12,1.88,2.88,1.0,1.0,3.5,3.62,2.5,1.88,2.0,2.0,2.75,2.38,2.88,2.88,1.88,3.75,3.5,3.12,3.75,3.88,2.75,3.12,3.5,3.5,3.25,3.75,3.5,2.78,3.29,4.0,1.15,3.75,2.0,3.74,4.66,1.48,1.84,3.08,2.65,3.93,1.03,1.06,1.73,1.15,1.07,2.37,3.67,2.31,3.82,1.81,1.55,3.92,2.42,3.07,3.37,1.52,2.14,2.13,1.91,1.67,3.22,4.41,4.83,3.9,4.65,3.68,2.17,2.49,4.3,4.07,2.74,2.12,4.7,1.66,2.24,1.36,1.01,1.31,5.0,2.16,1.11,1.01,4.65,4.45,4.47,3.56,4.24,4.66,3.48,1.08,1.0,4.36,1.02,3.83,1.02,1.1,3.23,4.42,1.52,2.41,1.0,1.44,1.63,2.53,2.69,3.16,3.94,2.9,4.8,4.1,3.75,3.65,3.29,4.37,3.16,Nuclear Medicine Technologists,0.13
292051,2.62,2.75,3.12,2.25,3.5,2.12,1.0,2.0,1.38,2.25,2.88,2.75,3.0,3.12,1.25,1.88,2.0,2.38,3.25,3.12,2.62,2.88,2.12,2.12,3.25,1.25,2.88,3.75,3.75,3.0,2.75,1.38,3.25,1.88,1.88,2.0,2.88,1.12,1.38,3.25,3.12,2.38,1.62,2.12,2.12,2.75,2.38,2.75,2.88,2.12,3.25,3.12,3.12,3.25,3.12,3.12,2.88,3.12,3.12,2.0,3.38,3.12,3.93,3.81,2.32,1.95,2.42,2.87,3.77,4.78,2.11,2.5,4.2,1.89,4.54,1.63,3.91,2.1,1.85,1.75,3.13,3.97,2.32,2.67,3.41,2.13,1.62,3.59,2.83,3.96,2.47,2.39,2.47,2.7,2.12,3.74,3.0,4.78,4.39,4.1,3.57,1.62,2.75,4.19,3.22,3.1,2.46,4.43,2.49,2.4,1.58,1.58,3.15,1.0,4.05,3.08,1.08,4.64,4.15,3.8,4.54,3.59,4.45,3.37,1.31,1.06,4.73,1.63,3.42,1.17,1.24,1.41,4.08,2.51,3.05,1.0,2.41,2.61,3.19,2.5,3.85,2.93,3.65,3.79,4.31,3.85,1.24,4.15,4.72,2.95,Dietetic Technicians,0.13
292052,3.0,2.62,3.62,2.12,3.12,1.75,1.0,2.0,1.12,2.12,2.88,3.12,2.88,2.5,1.0,2.0,2.0,1.75,3.0,3.75,3.0,2.88,2.38,2.0,4.0,1.0,3.12,4.0,4.0,2.12,3.12,1.0,3.75,1.12,1.5,1.5,3.0,1.0,1.0,3.38,3.88,2.25,1.88,2.12,2.0,3.0,2.88,2.75,2.12,2.0,4.0,3.12,3.12,4.0,3.25,2.88,3.0,3.12,3.75,1.88,3.75,3.0,2.87,3.31,2.25,1.15,2.94,2.57,3.71,4.59,1.33,2.04,2.88,1.52,3.75,1.15,1.35,1.93,1.24,1.23,3.49,3.82,1.52,3.85,2.62,1.53,1.52,3.24,2.13,2.92,2.25,1.75,2.62,2.04,1.96,3.63,4.01,4.84,3.79,3.75,4.3,1.68,2.44,3.51,4.66,3.06,1.73,3.39,1.33,1.83,1.38,1.1,1.7,1.01,3.05,1.25,1.0,4.56,3.28,3.86,3.4,3.99,4.98,4.39,1.47,1.0,4.93,1.11,2.95,1.05,1.06,2.29,4.07,1.68,2.68,1.26,1.36,2.03,4.06,1.86,4.54,3.67,3.83,5.0,4.26,2.52,1.78,3.39,4.45,2.89,Pharmacy Technicians,0.92
292053,2.62,2.12,3.0,2.0,3.75,2.0,1.0,2.0,2.25,2.25,3.0,2.5,2.75,2.88,1.12,2.12,2.0,1.88,3.62,3.25,2.38,2.0,2.12,2.25,3.38,1.12,2.0,4.0,4.0,2.62,2.75,1.38,4.0,1.5,2.0,2.0,3.12,1.62,1.5,3.5,3.5,2.25,2.0,2.38,2.88,2.75,2.88,2.0,2.25,1.5,3.62,3.5,3.12,4.0,3.62,3.0,2.0,4.0,3.75,2.0,3.88,3.25,2.84,2.62,2.46,1.11,1.95,2.32,3.17,3.96,1.26,1.88,3.55,1.44,4.07,1.48,1.51,1.8,1.4,1.38,3.23,2.18,1.26,3.7,2.81,2.31,1.37,1.81,4.2,3.53,1.8,3.09,2.37,4.08,2.44,4.17,2.77,4.68,4.25,1.96,4.47,3.51,2.16,3.83,4.12,2.48,1.5,3.5,1.98,1.15,1.0,1.0,1.95,1.0,3.59,1.39,1.0,4.88,3.76,3.48,3.54,2.38,3.54,2.95,2.27,1.02,3.96,1.57,2.48,2.52,1.88,1.2,4.62,2.35,1.91,1.17,1.68,1.7,2.32,2.98,3.62,2.56,2.89,4.67,3.46,3.01,1.24,3.06,4.42,3.78,Psychiatric Technicians,0.043
292056,3.12,3.0,3.12,2.88,3.88,2.0,1.0,2.12,1.88,2.88,2.75,3.12,3.12,2.88,1.0,2.25,2.12,2.88,3.88,3.75,3.12,2.88,2.75,2.75,3.88,1.0,2.88,3.75,3.88,2.88,3.0,1.0,3.75,2.0,2.0,1.88,3.12,1.0,1.0,3.38,3.75,2.75,1.75,2.62,2.88,2.88,3.0,2.88,2.75,1.88,3.75,3.12,3.12,3.75,3.75,3.0,2.75,3.25,3.62,2.88,3.62,3.25,2.45,2.93,3.99,1.31,3.3,2.12,2.98,4.13,1.38,1.88,2.93,2.03,3.98,1.25,1.81,2.15,1.99,1.32,2.57,3.45,2.3,4.14,2.25,1.44,2.35,1.91,2.37,2.48,2.67,1.88,2.14,2.45,1.57,2.98,3.84,4.67,4.0,3.86,3.35,1.36,1.98,3.85,3.62,3.71,3.1,4.16,1.49,3.05,1.25,1.35,4.17,4.05,3.75,1.33,1.14,4.31,3.6,4.1,3.88,4.13,4.34,3.4,1.36,1.11,4.4,1.41,2.64,2.03,1.25,1.52,4.53,1.49,3.33,1.18,2.29,3.1,2.83,2.08,4.26,3.97,3.59,4.3,3.96,3.59,3.94,3.27,4.57,2.39,Veterinary Technologists and Technicians,0.029
292061,3.0,2.75,3.12,2.88,3.75,2.12,1.0,2.12,2.0,2.88,2.88,3.0,3.0,2.88,1.0,2.62,2.38,2.5,3.75,3.25,3.0,2.75,3.0,2.88,3.75,1.0,2.88,4.0,4.0,2.62,2.88,1.12,4.0,1.88,2.25,2.38,3.0,1.0,1.12,3.88,3.75,2.88,1.88,2.88,3.12,3.0,3.12,2.75,2.62,2.12,4.0,3.38,3.38,3.88,3.75,3.12,2.88,3.88,3.75,2.62,3.88,3.25,3.3,2.96,2.53,1.0,2.2,2.33,2.97,3.99,1.11,2.01,3.19,1.37,3.9,1.08,1.29,2.1,1.22,1.04,2.23,3.03,1.36,3.69,2.27,2.15,1.49,1.37,3.71,2.8,1.6,2.36,2.6,3.11,1.61,3.48,3.42,4.83,4.04,3.62,4.0,2.88,2.21,3.94,3.78,2.69,1.65,4.67,1.35,1.69,1.05,1.0,2.13,1.41,2.96,1.25,1.04,4.62,3.77,4.33,4.24,4.21,4.71,3.9,1.09,1.0,4.14,1.25,2.69,1.16,1.02,1.77,4.67,1.76,3.24,1.0,1.89,2.04,3.27,2.42,3.75,3.38,3.58,4.72,4.38,3.99,2.0,3.85,4.69,3.52,Licensed Practical and Licensed Vocational Nurses,0.058
292081,3.12,2.12,3.12,3.0,3.62,2.5,1.0,1.75,1.38,1.62,2.88,3.38,2.75,2.88,1.0,1.0,1.0,1.88,3.0,3.38,3.0,2.88,2.25,2.62,3.88,1.0,2.88,4.0,4.0,2.88,3.0,1.0,3.62,1.88,1.88,1.88,3.0,1.0,1.0,3.75,3.75,2.75,1.0,1.0,1.88,3.0,2.25,3.0,2.88,2.25,3.75,3.62,3.0,3.88,3.5,2.62,2.88,3.0,3.75,1.75,4.0,3.25,3.5,3.78,2.54,1.5,2.04,2.92,3.04,4.88,2.38,2.88,3.42,2.5,3.67,1.54,1.22,2.08,1.62,1.46,3.08,3.91,2.79,2.5,3.0,1.62,2.58,3.83,3.21,2.92,4.25,2.43,2.43,1.83,1.58,3.0,2.21,4.79,3.26,4.79,3.71,1.62,2.29,3.96,4.75,2.09,1.33,2.65,1.08,1.33,1.46,1.04,2.17,1.0,2.13,1.04,1.0,5.0,4.42,4.42,3.29,3.96,4.83,3.88,1.04,1.0,4.17,1.17,3.54,1.12,1.04,1.92,4.46,2.0,1.88,1.0,1.21,1.61,2.71,3.17,2.92,3.62,2.05,5.0,4.04,2.0,1.0,3.17,3.83,3.79,"Opticians, Dispensing",0.71
292091,3.0,2.12,3.38,3.0,4.0,2.25,1.0,2.0,1.75,2.12,3.0,3.0,2.88,3.25,1.38,1.75,1.75,1.88,4.0,3.75,3.0,2.88,2.12,2.88,4.0,1.38,2.38,4.0,4.0,3.12,2.75,1.38,4.0,1.75,2.0,1.75,3.12,1.38,1.5,3.62,3.62,2.38,1.38,2.0,2.12,2.75,2.25,2.62,3.88,2.0,4.0,3.88,3.75,4.0,4.0,3.12,3.0,3.38,4.0,2.88,4.0,4.0,3.67,3.5,3.2,2.35,2.71,2.52,3.52,4.57,3.95,2.86,3.8,3.62,3.86,1.19,1.1,2.1,1.57,1.29,2.48,3.1,3.81,4.3,2.74,1.81,3.52,3.75,3.85,2.71,2.9,2.19,2.6,3.95,1.71,2.86,2.81,4.52,3.42,3.86,3.19,1.71,1.71,4.19,5.0,4.48,2.05,3.67,1.33,3.67,4.38,1.05,3.33,1.1,3.81,1.48,1.48,4.9,4.52,4.62,4.0,3.9,4.19,3.0,2.19,1.19,4.43,1.67,3.57,1.29,1.33,1.71,4.67,2.33,2.3,1.24,1.62,2.52,2.43,2.67,3.43,4.15,2.62,4.9,4.29,4.55,2.57,3.76,4.1,4.1,Orthotists and Prosthetists,0.0035
299091,3.0,2.62,3.0,2.38,3.75,2.38,1.62,2.5,2.0,2.12,3.0,3.0,3.12,3.12,1.0,2.62,2.0,2.62,3.75,3.75,3.0,2.0,2.75,3.12,3.38,1.0,2.0,3.62,4.0,3.12,2.88,1.0,4.12,1.38,1.38,1.75,3.0,1.0,1.0,3.88,3.88,2.75,1.88,2.88,3.0,2.75,2.88,2.5,2.75,1.88,3.88,3.75,3.75,4.0,3.88,3.12,2.12,3.88,3.75,2.38,3.88,3.5,3.11,3.18,3.16,1.36,2.08,2.0,2.8,4.36,1.69,1.53,3.63,1.65,3.72,1.08,1.35,1.37,1.44,1.01,2.26,2.36,1.92,4.64,2.61,1.79,2.23,1.85,4.17,3.24,1.84,2.87,1.39,3.87,1.82,3.59,3.89,4.87,3.59,3.94,3.63,2.29,2.14,4.05,4.73,2.55,2.3,3.87,2.26,1.36,1.48,1.83,2.75,1.25,3.89,3.12,1.36,4.88,4.43,4.69,4.42,4.29,4.32,3.63,2.69,2.27,4.58,3.42,3.82,4.18,2.82,1.26,4.08,3.38,2.23,1.24,1.69,1.94,2.71,2.61,3.6,2.98,2.64,4.38,3.6,1.88,1.01,3.56,4.8,3.92,Athletic Trainers,0.0071
312011,3.0,2.25,3.0,2.25,3.38,2.0,1.0,2.25,1.5,2.75,2.75,3.0,2.5,3.12,1.0,2.38,2.0,1.88,3.25,3.38,3.0,2.0,2.38,2.75,3.5,1.0,2.0,4.0,4.0,2.88,2.75,1.0,3.75,1.88,2.0,2.12,3.0,1.12,1.5,3.38,3.25,2.25,2.0,2.25,3.12,2.88,3.0,2.0,2.62,2.12,3.62,3.75,3.25,3.88,3.38,3.25,2.12,3.38,3.62,1.88,3.88,3.25,2.94,3.13,2.38,1.46,1.58,2.11,3.01,4.68,1.51,1.55,3.89,2.27,3.74,1.29,1.26,2.32,1.56,1.26,2.74,2.17,2.03,3.04,2.46,2.51,1.68,1.4,4.3,3.44,1.46,3.14,1.9,3.72,1.93,3.37,2.72,4.85,4.25,2.97,4.05,2.81,2.0,4.64,3.53,2.61,2.61,4.94,1.8,1.39,1.13,1.0,2.11,1.0,2.87,1.42,1.0,4.67,4.55,4.68,4.49,4.3,4.47,4.07,1.15,1.02,4.49,1.15,2.81,1.29,1.3,1.56,4.83,2.24,3.29,1.0,2.29,2.21,3.55,2.15,4.16,3.2,4.1,2.99,4.7,3.4,1.93,3.93,4.6,2.56,Occupational Therapy Assistants,0.028
312012,2.88,2.0,3.0,2.12,3.25,1.88,1.12,2.12,1.88,2.75,2.5,3.0,2.62,2.75,1.38,2.5,2.5,1.88,3.0,3.12,2.88,2.0,2.12,2.75,3.0,1.25,2.0,3.75,3.5,2.62,2.25,1.5,3.75,1.5,1.75,1.88,2.62,1.25,1.38,3.25,3.25,2.12,1.5,2.62,2.88,2.75,3.0,1.88,2.12,1.38,3.12,3.12,3.0,3.5,3.25,3.0,2.0,3.25,3.12,1.62,3.62,3.12,2.67,2.99,2.18,1.35,1.61,2.45,3.66,4.1,2.09,1.7,3.59,2.02,4.19,1.28,1.17,1.97,1.22,1.18,2.13,2.43,1.64,3.28,2.17,2.23,2.27,1.53,3.84,3.14,1.94,2.46,2.18,4.37,1.36,2.87,3.2,4.95,3.8,3.05,3.95,2.45,1.46,3.62,3.49,2.38,2.11,4.13,1.1,1.42,1.36,1.0,2.29,1.02,2.81,1.04,1.0,4.77,3.77,3.83,4.39,3.98,3.82,3.13,1.59,1.0,4.94,1.43,2.21,2.07,1.85,1.17,4.49,1.91,2.63,1.05,2.66,2.49,2.97,2.55,3.74,2.49,3.4,3.82,4.11,3.18,1.84,3.44,4.55,3.14,Occupational Therapy Aides,0.27
312021,3.12,2.38,3.0,2.38,3.25,2.0,1.0,2.25,1.62,2.88,3.0,3.0,2.75,3.0,1.0,2.38,2.12,2.12,3.25,3.12,3.0,2.0,2.12,3.0,3.75,1.0,2.0,4.0,4.12,2.75,3.0,1.0,3.75,2.0,2.0,1.75,3.25,1.0,1.0,3.88,3.88,2.5,1.75,2.5,3.12,2.88,3.0,2.12,3.0,2.12,3.75,3.25,3.25,4.0,3.25,2.88,2.25,3.75,3.25,2.38,3.75,3.25,2.61,2.97,3.38,1.31,2.04,1.94,3.44,4.52,1.34,1.96,3.92,1.48,4.19,1.02,1.06,1.79,1.9,1.06,2.57,2.43,1.7,3.5,2.13,1.79,2.39,1.28,3.64,2.85,1.83,2.48,1.27,4.24,1.21,3.25,3.85,4.95,4.11,4.09,3.37,2.16,1.43,4.46,2.86,2.78,2.1,4.3,1.02,1.77,1.06,1.01,1.84,1.0,1.96,1.08,1.0,4.92,3.91,4.9,3.01,4.61,3.36,3.21,1.03,1.0,4.94,1.02,2.49,1.08,1.0,1.02,4.97,2.46,3.59,1.0,1.78,2.31,3.6,2.23,3.82,3.57,3.29,4.26,3.52,3.57,1.64,2.46,4.62,3.21,Physical Therapists Assistants,0.018
312022,2.88,2.12,2.88,2.12,2.88,2.0,1.38,2.25,1.38,2.75,2.75,2.88,2.75,2.12,1.0,2.62,2.25,2.0,3.0,3.0,2.62,2.0,2.25,2.88,3.12,1.0,2.0,3.38,3.12,2.25,2.75,1.0,3.25,1.5,1.5,1.62,3.0,1.0,1.0,3.0,3.25,2.12,1.75,2.62,2.88,2.38,3.0,2.0,2.12,1.88,3.0,3.0,3.0,3.62,3.0,2.62,2.0,3.25,3.12,1.88,3.0,3.0,2.43,2.82,2.21,1.02,1.73,2.36,3.49,4.48,1.29,1.2,2.62,1.27,4.03,1.02,1.03,2.13,1.42,1.06,1.74,2.27,1.91,2.39,2.41,1.53,2.01,1.77,2.98,2.89,2.09,2.38,2.44,3.33,2.2,2.53,2.97,4.8,3.57,3.64,3.09,1.61,1.64,3.48,3.81,2.34,2.29,3.84,1.39,1.61,1.4,1.0,1.77,1.0,3.25,1.75,1.0,4.55,3.85,3.68,4.13,3.77,3.39,2.82,1.46,1.0,4.11,1.07,2.3,1.01,1.01,1.42,4.49,1.53,3.33,1.0,1.96,2.55,3.21,2.01,4.09,3.36,3.89,4.07,3.04,3.41,1.19,3.09,4.69,2.99,Physical Therapists Aides,0.61
319011,3.12,1.62,2.75,2.0,3.12,1.88,1.88,3.75,1.88,3.25,2.12,3.12,2.25,2.75,1.0,1.75,2.0,1.62,3.0,2.88,3.5,2.0,2.12,3.38,3.0,1.0,1.88,3.62,3.62,2.75,2.0,1.0,3.38,1.0,1.12,1.25,3.12,1.0,1.25,3.12,3.0,2.12,1.5,3.12,3.0,2.25,3.75,1.75,2.0,2.25,3.12,3.12,3.0,3.62,3.0,2.75,2.0,3.0,3.0,1.75,3.62,3.0,2.73,2.69,3.31,1.19,1.64,2.35,1.92,4.58,1.25,2.65,2.69,1.54,3.31,1.12,1.0,1.5,1.12,1.23,2.68,1.68,1.44,3.08,2.04,2.12,1.64,1.2,3.27,3.0,3.0,2.5,1.58,2.65,1.19,2.31,2.62,4.62,1.73,4.15,2.19,1.35,1.31,4.58,3.62,1.28,1.69,2.23,1.92,1.04,1.04,1.08,1.5,1.04,1.58,1.12,1.04,4.77,4.54,4.32,2.81,3.73,3.04,3.23,1.0,1.0,4.69,1.42,3.27,1.2,1.36,1.08,4.31,1.4,3.96,1.08,2.71,1.88,4.35,2.04,4.23,3.54,1.62,4.23,2.28,1.58,1.0,1.65,2.5,2.69,Message Therapists,0.54
319091,3.12,2.25,3.0,3.0,3.38,2.12,1.38,2.12,1.25,2.5,2.88,3.12,2.38,2.75,1.12,2.0,1.75,2.0,3.0,3.25,3.0,2.12,2.0,2.75,4.12,1.0,2.38,3.88,4.0,2.62,2.88,1.0,3.12,1.75,1.88,1.88,3.0,1.0,1.5,3.12,3.75,2.12,1.75,2.12,2.12,3.0,2.38,2.88,2.38,2.0,3.5,3.12,3.12,3.88,3.0,2.5,2.12,3.12,3.25,2.0,3.38,3.0,3.47,3.45,2.38,1.31,1.92,2.06,3.32,4.54,1.67,2.35,2.58,1.83,3.76,1.05,1.1,1.72,1.13,1.05,2.02,2.16,1.77,4.41,2.93,1.39,1.34,3.06,2.71,2.08,3.31,1.73,2.07,2.32,1.7,3.54,3.0,4.81,4.3,3.82,3.68,1.8,1.93,3.44,3.86,3.11,2.6,3.69,2.11,3.05,1.64,1.0,2.45,4.46,3.1,1.56,1.05,4.42,3.52,3.73,4.47,3.34,4.37,3.93,1.0,1.0,3.96,1.48,2.35,1.0,1.12,2.02,4.77,3.19,3.8,1.01,1.6,1.85,3.85,2.58,3.69,4.31,3.68,4.5,3.44,4.88,3.32,3.32,4.6,2.83,Dental Assistants,0.51
319092,3.0,2.25,3.12,2.25,3.5,1.88,1.0,1.88,1.25,1.88,2.88,3.0,3.12,2.75,1.25,1.88,1.75,2.12,3.25,3.25,2.25,2.75,2.88,2.12,3.88,1.25,2.88,4.0,4.0,2.75,3.0,1.38,3.88,1.62,1.88,2.0,2.75,1.25,1.5,3.75,3.88,2.5,1.5,2.0,2.12,2.88,2.62,2.88,2.38,2.0,4.0,3.75,3.25,3.88,3.62,3.12,2.62,3.5,3.75,2.62,3.88,3.38,2.87,4.11,2.38,1.39,2.11,2.19,3.79,4.53,1.49,2.11,3.5,1.4,4.8,1.69,1.39,2.32,1.41,1.39,2.44,2.73,1.49,4.33,2.78,1.4,1.7,1.5,2.95,3.19,1.87,2.0,2.07,3.04,1.5,3.19,4.0,5.0,3.61,4.0,3.97,1.65,2.06,3.68,3.55,1.49,1.33,4.68,1.0,2.06,1.43,1.0,2.67,1.43,2.79,1.0,1.0,4.27,3.22,3.85,3.63,3.5,4.38,4.04,1.0,1.0,4.64,1.01,2.07,1.0,1.0,1.05,4.32,2.09,2.3,1.0,1.21,1.5,3.31,3.1,2.94,2.51,2.93,4.37,3.8,4.62,1.56,3.09,4.46,4.24,Medical Assistants,0.3
319093,3.25,2.75,3.12,3.0,3.25,2.5,1.25,2.25,1.12,2.38,2.88,3.25,3.0,2.0,1.75,2.25,1.75,2.62,3.0,3.25,3.25,2.0,2.0,3.0,3.88,1.75,2.12,3.62,3.25,2.0,3.25,1.75,3.75,2.25,2.5,2.12,2.88,1.88,1.88,2.88,3.25,2.25,2.25,2.62,3.0,2.75,3.12,2.88,3.0,2.12,3.12,3.25,3.0,3.25,3.5,2.75,2.25,3.38,3.12,1.88,3.12,2.88,2.43,2.96,3.39,1.65,2.9,2.2,2.66,4.53,1.71,1.97,2.45,1.98,3.87,1.27,1.16,1.43,1.3,1.19,1.97,2.68,2.68,2.57,2.1,1.33,1.49,3.2,2.07,3.12,1.69,1.47,2.5,1.48,1.76,3.04,3.76,4.54,3.52,4.04,3.69,1.28,2.05,3.81,4.12,4.76,2.13,4.68,2.07,3.55,2.61,1.0,2.79,1.68,4.14,2.13,1.0,4.68,4.03,4.1,4.21,4.09,4.6,4.43,1.0,1.0,5.0,1.03,1.96,1.0,1.09,3.36,4.09,1.55,3.47,1.05,2.06,2.29,4.49,1.87,4.13,4.33,4.05,5.0,4.28,4.97,3.55,4.05,4.33,2.84,Medical Equipment Preparers,0.78
319094,2.25,2.25,3.12,2.12,3.0,1.0,1.0,1.25,1.0,1.0,2.25,3.0,2.88,1.88,1.0,1.12,1.12,1.88,3.0,3.25,2.62,1.88,2.12,1.12,3.88,1.0,2.0,4.25,3.75,1.88,3.0,1.0,3.0,1.0,1.0,1.0,3.12,1.0,1.0,3.0,4.0,2.25,1.0,1.25,1.0,2.12,1.5,1.75,1.75,2.0,4.12,3.88,2.88,4.12,3.0,2.12,1.75,3.12,4.0,1.5,3.0,3.88,2.06,4.25,1.79,1.0,1.09,1.52,3.84,2.7,1.0,1.21,1.73,1.11,4.54,1.0,1.0,1.12,1.11,1.01,1.34,1.81,1.32,3.02,1.49,1.11,1.11,1.64,1.62,1.28,1.0,1.29,2.11,1.54,1.01,2.46,2.61,4.38,3.64,3.74,2.83,1.44,2.73,4.25,4.41,1.6,2.11,3.39,1.32,1.98,1.0,1.0,1.88,1.08,2.13,1.39,1.0,4.92,3.76,3.78,3.92,3.53,4.8,4.48,1.15,1.0,4.98,1.0,2.42,1.23,1.08,1.94,3.13,1.39,1.92,1.0,1.0,1.44,2.97,3.61,2.79,4.14,2.69,4.34,4.11,1.93,1.08,3.6,4.56,3.3,"Medical Transcriptionists, label 1",0.89
319095,2.5,2.0,3.0,1.88,3.0,2.0,1.38,2.12,1.0,2.12,2.88,3.0,2.38,1.88,1.0,1.88,1.62,1.75,2.75,3.12,2.38,2.88,2.0,2.25,3.38,1.0,2.62,4.0,3.5,1.88,2.88,1.0,3.25,1.5,1.62,1.62,2.62,1.0,1.38,3.5,3.38,1.88,1.25,2.12,2.12,2.62,2.75,2.75,2.12,1.75,3.25,3.0,2.88,3.5,3.0,2.5,2.5,2.75,3.25,1.5,3.38,2.75,2.89,3.08,1.33,1.18,1.64,2.15,2.33,4.77,1.2,2.17,2.0,1.11,3.36,1.0,1.0,1.42,1.57,1.0,2.93,2.88,1.77,2.58,1.53,1.53,1.21,1.9,1.74,2.42,3.03,1.25,2.05,1.71,1.28,3.22,3.74,4.85,3.79,4.53,3.93,1.84,2.89,3.94,3.71,1.65,1.44,4.13,2.34,1.42,1.11,1.69,1.27,1.03,2.53,1.82,1.01,4.36,3.68,3.43,3.47,3.17,4.49,3.79,1.92,1.0,4.92,1.38,2.62,1.39,1.36,1.95,4.26,1.24,2.07,1.36,1.05,1.98,3.63,1.65,4.89,3.67,2.35,4.91,3.47,1.29,1.1,3.12,4.66,3.5,Pharmacy Aides,0.72
319096,3.0,2.25,2.88,2.25,3.12,2.0,1.38,2.0,1.38,3.0,2.88,3.0,3.0,2.25,1.0,2.12,2.0,2.62,3.0,3.25,3.12,2.75,2.12,3.0,3.12,1.0,2.75,3.38,3.38,2.25,2.5,1.0,3.25,2.0,2.0,1.75,3.0,1.0,1.0,3.0,3.0,2.0,2.0,2.38,2.75,2.5,3.0,2.25,2.25,2.0,3.0,3.25,2.88,3.5,3.25,2.12,2.75,3.12,3.12,2.62,3.0,3.12,2.46,3.51,3.56,1.37,2.48,2.63,3.18,4.33,1.47,1.95,2.38,1.67,3.83,1.27,1.58,1.8,1.9,1.37,2.14,2.87,2.34,3.5,1.98,1.5,1.6,2.08,2.35,2.18,2.6,1.74,2.58,2.18,1.47,3.24,3.75,4.48,3.46,3.73,3.17,1.61,1.67,3.51,3.64,4.17,3.58,4.41,2.15,2.99,1.6,1.62,4.26,3.77,4.15,1.92,1.01,4.52,3.46,4.18,3.03,3.97,4.7,4.0,1.27,1.26,4.93,1.92,2.54,2.66,2.1,1.12,4.35,2.06,3.32,1.29,2.61,3.56,3.26,1.86,4.78,3.92,4.09,4.4,3.78,4.38,3.71,3.31,4.3,3.03,Veterinary Assistants and Laboratory Animal Caretakers,0.86
331011,2.38,3.12,3.0,2.12,4.0,2.38,1.38,2.5,3.12,2.25,3.38,2.38,3.12,3.0,1.88,2.75,3.0,2.12,3.75,3.38,2.38,2.12,2.62,2.75,3.5,1.75,2.38,4.0,4.0,2.75,3.12,2.12,4.0,1.88,3.12,3.0,3.12,2.0,2.12,3.62,3.5,2.75,2.0,3.0,3.12,3.0,3.12,2.25,2.25,1.62,3.88,3.75,3.25,4.0,4.0,3.12,2.12,4.0,3.75,1.5,3.88,3.5,4.15,3.69,1.42,1.53,1.6,2.77,3.64,3.24,1.73,1.86,3.62,1.57,4.04,1.05,2.04,2.18,1.43,1.45,4.39,2.66,1.83,1.96,3.55,2.72,1.24,2.19,4.11,4.81,1.43,3.24,2.76,3.19,2.75,4.51,3.25,4.77,4.04,3.38,4.57,4.31,1.89,3.91,4.95,3.18,2.25,3.84,2.76,2.08,1.62,1.71,3.07,1.65,4.01,2.94,1.05,4.72,4.13,4.68,4.77,4.43,3.84,3.63,2.66,1.26,4.76,3.02,2.97,3.59,1.93,1.11,4.03,3.96,2.32,1.39,1.81,1.84,2.41,2.58,3.33,2.4,3.51,4.92,4.16,3.19,1.55,4.47,4.66,4.07,First-Line Supervisors of Correctional Officers,0.025
331012,3.0,2.88,3.25,2.88,3.88,2.5,1.0,2.12,2.38,2.0,3.0,2.75,3.12,3.12,1.88,2.12,2.0,2.5,3.88,3.75,3.0,2.62,3.0,2.88,3.5,1.88,2.5,4.0,4.0,3.0,3.0,2.12,4.0,2.38,2.88,2.88,3.5,1.88,2.25,3.62,3.62,3.0,2.0,2.12,2.75,2.88,2.75,2.5,2.75,2.0,4.0,3.88,3.88,4.0,4.0,3.75,2.38,4.0,4.0,1.5,4.0,3.75,3.96,2.73,1.47,1.04,1.71,2.54,2.71,4.42,1.16,1.42,3.18,1.49,3.82,1.08,1.0,2.27,2.14,1.66,4.55,2.24,1.35,2.17,3.08,2.25,1.76,1.55,3.81,4.66,1.6,3.26,2.44,3.19,2.17,4.23,3.85,4.7,4.1,4.79,4.37,3.44,1.94,4.08,4.95,3.0,2.15,3.54,3.35,2.47,3.83,2.06,2.52,1.27,3.77,3.52,1.33,4.95,4.43,4.46,4.26,4.61,4.25,3.4,4.6,1.55,4.03,3.13,3.19,4.32,2.78,1.25,4.19,3.09,2.48,1.58,1.74,2.01,2.77,3.48,2.82,3.24,2.55,5.0,3.5,3.67,3.06,4.21,4.35,3.72,First-Line Supervisors of Police Detectives,0.0044
331021,3.12,2.88,3.38,3.0,3.75,2.38,1.75,2.75,3.12,3.0,3.25,3.0,3.0,3.5,2.5,2.75,3.0,2.62,3.75,3.62,3.25,2.62,2.88,3.0,4.0,2.12,2.5,4.12,4.25,3.25,3.25,2.12,4.12,2.38,2.88,2.62,3.25,2.12,2.5,3.62,3.62,3.0,2.12,2.88,3.12,3.0,3.25,3.0,3.12,2.25,3.62,3.62,3.25,4.0,3.88,3.12,2.5,3.62,3.62,1.62,3.62,3.25,4.01,3.39,2.16,4.05,3.25,2.76,2.78,4.36,2.28,2.51,4.09,2.62,3.97,1.19,1.41,1.63,2.55,1.47,3.61,3.06,3.72,3.36,3.5,1.66,2.91,2.07,3.32,4.69,2.16,2.36,2.93,2.65,3.08,3.28,4.44,4.74,4.51,4.59,3.28,2.6,1.66,4.34,4.55,3.96,3.35,3.73,3.71,3.78,3.9,3.21,3.42,1.44,4.29,4.05,2.31,4.65,4.49,4.32,4.8,4.63,4.33,3.13,4.54,2.89,3.8,4.01,3.51,4.54,3.0,1.62,4.23,3.13,2.8,2.27,2.25,2.42,2.62,2.5,3.16,3.22,2.84,4.62,3.53,4.27,3.89,4.62,4.74,3.66,First-Line Supervisors of Fire Fighting and Prevention Workers,0.0036
332011,3.75,3.38,3.12,3.62,3.75,3.12,2.12,3.5,3.12,3.38,3.75,3.0,3.5,2.88,2.62,3.12,3.0,2.88,3.62,3.5,3.5,2.62,2.88,3.62,3.62,2.38,2.62,3.88,3.75,2.62,3.38,2.62,4.12,2.88,3.5,3.0,3.12,2.5,3.25,3.62,3.5,3.12,2.88,3.62,3.75,2.75,3.5,3.12,3.25,2.5,3.38,3.0,3.5,3.5,3.88,2.88,2.62,3.5,3.12,2.0,3.5,2.88,3.43,2.83,2.46,4.03,3.33,2.76,2.85,4.19,2.41,1.94,4.13,2.55,3.91,1.13,1.47,1.67,2.84,1.46,3.4,3.16,3.78,3.62,2.92,1.78,2.88,1.93,3.24,4.53,1.55,2.11,3.58,2.68,3.42,3.39,4.19,4.73,4.15,4.52,3.52,2.88,1.74,3.88,3.95,4.28,3.63,4.07,4.08,3.79,4.19,3.57,3.21,1.71,4.27,3.7,2.51,4.85,3.94,4.13,4.47,4.27,4.27,3.44,4.26,3.01,3.4,3.64,3.61,4.47,3.32,1.81,4.62,2.76,3.12,2.43,2.35,2.68,2.76,2.49,3.43,3.64,2.91,4.24,3.6,4.6,3.83,3.96,4.71,3.02,Firefighters,0.17
332021,2.62,2.5,3.5,2.25,3.88,2.5,1.12,2.25,2.12,2.25,3.12,2.25,3.5,3.12,2.25,1.75,2.25,2.38,3.75,3.75,2.5,2.38,2.62,2.38,3.62,2.0,2.5,4.0,3.88,3.0,2.88,2.38,4.12,1.88,2.0,2.0,3.38,2.0,2.38,3.38,3.38,2.62,1.25,2.25,2.25,2.62,2.75,3.12,2.75,2.25,4.0,4.0,3.12,3.62,3.5,3.0,2.5,3.25,3.38,1.88,3.5,3.5,3.05,2.73,1.68,4.23,2.93,2.8,2.91,4.28,2.48,1.81,3.99,2.43,3.71,1.13,1.38,1.74,2.4,1.69,4.09,2.9,2.88,2.32,2.9,2.01,2.85,1.8,2.92,4.7,1.48,2.14,2.79,1.95,2.67,3.43,3.11,4.92,3.89,4.68,3.23,1.79,2.01,4.68,4.9,3.43,2.52,2.65,3.23,2.54,2.67,2.52,2.27,1.32,3.54,3.43,1.38,4.95,4.54,4.4,3.66,4.44,4.53,3.08,4.68,1.57,4.12,3.53,3.13,4.33,3.03,1.13,3.5,2.58,2.45,2.03,1.75,1.91,2.65,2.51,3.25,2.52,3.15,4.92,3.94,3.82,2.18,3.46,4.19,3.86,Fire Inspectors and Investigators,0.48
332022,2.75,2.25,3.0,2.75,3.62,3.0,1.38,2.12,1.62,2.38,3.5,2.5,3.5,2.88,2.12,2.0,2.12,2.12,3.5,3.12,2.5,2.38,2.25,3.0,3.62,1.88,2.62,3.88,4.0,3.0,3.25,2.12,4.0,2.0,2.12,2.25,3.0,1.88,2.38,3.38,3.12,3.12,1.88,2.38,2.25,2.62,2.62,2.62,2.75,1.88,3.5,3.25,3.0,3.62,4.0,3.12,2.12,3.38,3.12,1.88,3.75,3.12,4.05,3.23,2.85,2.3,2.39,3.17,3.54,3.82,2.36,2.48,3.74,2.5,3.48,1.09,1.0,1.68,3.14,2.28,3.55,2.97,3.23,2.08,3.73,1.49,2.73,2.25,2.6,3.69,1.84,2.31,2.67,2.24,3.38,3.33,3.79,4.79,4.4,4.36,3.47,2.22,2.28,4.15,4.73,4.25,2.62,2.45,3.75,3.26,3.51,2.67,3.77,1.94,4.32,3.93,2.51,4.87,4.56,4.32,4.5,4.87,4.05,3.56,4.69,2.45,3.49,4.5,4.37,4.63,3.23,2.14,3.15,3.21,3.21,1.9,2.42,2.43,3.37,2.72,3.45,3.48,3.31,4.77,3.81,4.14,3.03,4.11,4.86,3.44,Forest Fire Inspectors and Prevention Specialists,0.048
333011,2.0,2.12,2.12,1.75,3.12,2.12,1.0,2.12,2.38,2.12,2.88,2.0,2.38,2.0,1.5,2.0,2.0,2.0,3.0,3.0,2.0,1.38,2.12,2.38,3.38,1.5,1.75,3.62,3.75,2.0,2.38,1.62,3.88,1.5,2.5,2.38,3.75,1.62,1.75,3.75,3.62,2.38,2.12,2.25,3.0,2.62,3.0,2.12,2.0,1.25,3.0,2.75,2.75,3.25,3.0,2.12,1.5,3.38,2.88,1.0,3.38,2.25,2.92,2.62,1.19,1.18,1.25,2.01,2.57,3.04,1.2,1.6,2.72,1.17,3.63,1.0,1.18,1.53,1.65,1.46,4.09,2.03,1.52,1.27,2.38,1.71,1.09,1.46,3.02,4.26,1.31,2.37,2.41,2.25,2.06,3.4,2.97,4.62,3.68,4.4,3.97,3.02,1.64,3.3,3.62,1.85,1.41,1.94,1.81,1.2,1.18,1.0,1.32,1.16,2.35,1.56,1.0,4.37,3.76,3.78,3.45,3.27,4.08,3.04,2.16,1.0,4.24,1.98,2.47,2.11,1.41,1.0,3.93,2.66,1.87,1.06,1.86,1.5,2.22,2.91,3.41,2.17,2.54,3.75,3.24,2.31,1.1,2.44,4.42,3.03,Bailiffs,0.36
333012,3.0,3.0,2.88,2.88,3.75,2.62,1.25,3.0,3.0,3.0,3.25,2.88,3.25,2.88,2.0,2.75,2.5,2.88,3.75,3.25,3.0,2.0,2.5,3.0,3.62,2.0,2.12,4.0,4.0,2.25,3.0,2.12,4.0,2.12,3.0,2.88,3.38,2.0,2.12,3.75,3.62,2.88,2.75,3.12,3.0,3.0,3.0,2.75,2.88,2.0,3.38,3.0,3.25,4.0,3.75,3.0,2.0,4.0,3.62,1.38,3.88,3.0,3.51,3.36,1.5,1.73,1.57,2.59,3.43,3.52,1.46,1.98,3.36,1.86,4.01,1.15,1.97,2.49,1.64,1.62,3.78,2.87,1.95,2.35,2.83,2.31,1.5,2.08,3.41,4.14,1.44,2.91,3.17,2.68,2.42,4.37,3.79,4.67,3.88,4.17,4.75,4.33,2.17,4.01,4.49,3.04,2.38,4.08,3.19,2.01,1.89,1.76,2.42,1.85,4.12,2.35,1.17,4.93,4.22,4.29,4.34,4.25,4.5,4.25,3.23,1.39,4.49,2.33,3.22,2.87,1.9,1.63,4.17,3.27,2.07,1.13,2.08,1.72,2.59,3.28,3.43,3.67,3.13,4.85,4.45,4.07,2.44,3.8,4.57,4.05,Correctional Officers and Jailors,0.6
333021,2.4166666666666665,2.4166666666666665,3.5,2.1266666666666665,4.0,1.9966666666666668,1.1266666666666667,1.836666666666667,1.7066666666666668,1.75,3.206666666666667,2.1633333333333336,3.6666666666666665,3.2099999999999995,1.6666666666666667,1.7066666666666668,1.6266666666666667,2.083333333333333,4.17,3.92,2.2466666666666666,2.6266666666666665,2.54,2.123333333333333,3.88,1.7933333333333332,2.46,4.126666666666666,4.0,3.0400000000000005,3.083333333333333,1.8733333333333333,3.9133333333333336,1.8333333333333333,1.8733333333333333,1.913333333333333,3.083333333333333,1.6666666666666667,1.9166666666666667,3.8333333333333335,3.8333333333333335,2.92,1.75,1.71,1.8333333333333333,2.793333333333333,2.2066666666666666,2.54,2.793333333333333,2.04,4.0,3.8333333333333335,3.373333333333333,4.126666666666666,3.956666666666667,2.833333333333333,2.333333333333333,3.2099999999999995,3.96,1.836666666666667,4.043333333333333,3.543333333333333,2.8466666666666662,3.61,1.913333333333333,1.33,1.91,2.936666666666667,3.516666666666667,3.453333333333333,1.6366666666666667,2.08,3.1166666666666667,1.96,4.066666666666666,1.25,1.1833333333333331,2.0900000000000003,2.526666666666667,1.9666666666666668,4.39,2.6300000000000003,1.606666666666667,1.7566666666666666,2.4266666666666663,2.02,1.856666666666667,2.08,2.986666666666667,4.0,1.4066666666666665,2.7,2.8866666666666667,2.056666666666666,2.49,3.063333333333333,3.276666666666667,4.276666666666666,3.6966666666666663,3.826666666666666,3.12,2.3833333333333333,2.1366666666666667,4.31,4.883333333333333,2.6,2.03,2.21,2.4933333333333336,2.12,2.06,1.53,1.9366666666666668,1.23,2.9166666666666665,2.56,1.153333333333333,4.573333333333333,4.443333333333333,3.82,3.143333333333333,3.78,4.506666666666667,3.63,3.466666666666667,1.4166666666666667,4.616666666666667,2.8000000000000003,2.966666666666667,3.053333333333333,2.4633333333333334,1.2533333333333332,3.4566666666666666,2.41,1.9266666666666667,1.28,1.5366666666666664,1.7,2.7266666666666666,3.9166666666666665,2.4433333333333334,2.83,2.1366666666666667,4.646666666666667,3.5766666666666667,2.4233333333333333,1.8666666666666665,3.1333333333333333,4.343333333333333,3.6633333333333336,Detectives and Criminal Investigators,0.34
333031,2.88,2.12,3.12,3.0,3.75,3.0,1.0,2.25,1.88,2.0,3.75,2.62,3.25,2.88,2.62,2.5,2.25,2.75,4.12,3.12,2.62,2.38,2.38,3.0,3.75,2.25,2.25,4.12,4.12,2.88,2.88,2.38,4.0,2.38,2.88,2.62,3.0,2.12,3.12,3.88,3.88,3.0,2.25,3.0,2.88,3.0,2.5,2.75,2.5,1.75,3.62,3.5,3.0,3.88,3.88,2.88,2.62,3.38,3.62,2.75,3.75,3.12,3.05,3.03,4.14,1.9,2.33,3.02,3.02,4.11,2.12,2.16,3.39,1.94,4.14,1.15,2.1,2.21,3.64,2.29,4.6,2.88,2.53,2.66,2.84,2.1,2.26,1.83,3.76,4.49,2.44,3.42,2.72,2.41,2.66,3.94,4.26,4.67,4.0,4.84,3.79,2.56,2.5,4.57,4.84,3.32,2.48,2.25,3.49,2.19,3.4,1.78,3.59,1.19,3.23,3.86,1.92,4.68,4.76,4.08,4.23,4.42,4.14,2.84,4.98,2.71,3.01,3.34,3.67,4.87,3.35,1.06,4.03,2.93,2.48,1.52,2.28,2.12,2.48,3.16,3.0,3.26,2.65,4.9,3.94,3.47,2.26,3.18,4.06,3.54,Fish and Game Wardens,0.08
333041,2.62,2.38,2.88,3.0,3.0,2.75,1.0,2.0,2.0,2.38,3.12,2.75,2.25,2.0,2.25,2.38,2.0,2.25,3.0,3.25,2.5,2.0,2.25,2.75,3.25,2.0,2.0,3.25,3.62,2.0,3.0,2.0,3.12,2.0,2.38,2.38,3.0,2.12,2.62,3.38,3.12,2.25,2.0,2.62,2.62,2.62,2.88,2.88,2.12,1.62,3.0,3.12,2.88,3.12,3.12,2.25,2.12,3.25,3.0,1.0,3.25,2.88,2.68,2.28,2.01,1.68,1.83,2.59,3.14,2.35,1.71,2.12,3.09,2.11,3.77,1.81,1.42,2.74,2.01,2.04,3.29,2.57,2.0,2.29,2.43,1.88,2.31,2.2,2.76,3.73,1.48,2.32,2.21,2.08,2.72,3.73,2.6,3.92,3.16,4.45,4.47,2.76,2.53,3.47,2.82,3.29,1.86,1.4,2.67,1.03,2.71,1.04,1.81,1.05,2.61,4.0,1.01,4.09,3.74,4.87,2.95,3.84,4.01,3.45,4.63,1.07,1.92,1.74,2.49,4.98,2.57,2.94,2.48,1.58,2.74,1.0,1.12,1.08,3.97,3.49,3.22,4.68,3.38,2.83,2.83,1.35,1.02,2.19,4.11,2.51,Parking Enforcement Workers,0.84
333051,2.75,2.815,3.13,2.56,4.065,2.75,1.25,2.5,2.625,2.5,3.435,2.75,3.44,2.94,2.31,2.375,2.31,2.435,4.125,3.565,2.815,2.315,2.875,3.0,3.875,2.19,2.315,4.25,4.0600000000000005,2.81,3.185,2.25,4.25,2.44,2.81,2.685,3.25,2.315,2.38,3.88,3.685,3.0,2.31,2.5,2.875,3.0,2.88,2.75,2.56,2.13,3.88,3.56,3.565,3.94,3.875,2.62,2.25,3.56,3.75,1.63,3.94,3.435,3.085,3.3200000000000003,1.82,1.375,2.1,2.82,3.29,3.775,1.585,2.035,3.42,1.665,4.085,1.22,1.2,2.59,3.105,1.97,4.65,2.39,1.785,1.91,2.545,2.245,1.75,1.7999999999999998,3.755,4.575,1.41,3.05,2.995,2.4450000000000003,2.96,4.125,3.92,4.795,4.015000000000001,4.824999999999999,4.484999999999999,3.475,2.65,3.965,4.609999999999999,3.78,2.905,3.46,3.87,2.905,3.655,1.79,2.965,2.45,3.82,3.79,1.2999999999999998,4.699999999999999,4.35,4.65,3.985,4.529999999999999,4.635,3.9,4.045,1.58,3.87,3.39,3.205,4.275,2.97,1.57,4.095000000000001,2.47,2.54,1.4300000000000002,2.01,2.215,3.095,3.345,3.085,3.315,2.58,4.69,3.91,3.44,2.475,3.165,4.58,3.805,Police and Sheriff's Patrol Officers,0.098
333052,3.0,3.12,3.0,2.62,3.75,2.88,1.0,2.88,3.0,2.88,3.75,2.5,3.38,3.0,2.5,2.75,2.88,3.0,3.88,3.38,3.0,2.12,2.38,3.0,3.75,2.62,2.0,4.0,4.0,3.0,3.0,2.75,4.12,2.5,2.88,3.0,3.25,2.62,2.62,3.88,3.62,3.12,2.0,3.0,3.0,3.0,3.12,2.75,2.62,2.12,3.38,3.75,3.25,4.0,3.88,2.88,2.0,3.38,3.12,1.12,4.0,3.25,3.46,2.88,1.65,1.53,2.09,3.09,3.48,4.13,1.98,1.91,3.55,2.05,4.4,1.25,1.14,2.29,3.53,2.06,4.71,2.62,1.92,2.31,2.77,2.43,1.92,1.7,3.51,4.9,1.49,2.87,3.45,2.92,3.66,4.21,3.7,4.7,4.33,4.71,4.11,3.64,1.92,4.17,4.96,4.03,2.6,3.23,2.96,3.74,3.4,2.6,2.71,1.66,3.63,3.2,1.53,4.29,4.41,4.43,4.57,3.99,4.35,3.28,4.93,1.12,2.66,4.13,3.12,4.73,2.12,1.78,4.14,2.66,2.49,1.57,1.79,2.32,2.97,3.03,3.04,3.11,2.66,4.48,3.8,4.24,2.82,3.6,4.1,3.96,Transit and Railroad Police,0.57
339011,3.0,2.0,3.0,2.62,3.62,2.25,1.25,2.0,2.0,2.12,3.0,2.5,2.75,2.75,2.0,2.0,2.0,2.0,3.25,3.0,3.0,2.0,2.0,3.0,3.0,2.0,2.0,3.88,4.0,2.62,2.12,2.12,4.0,2.0,2.0,2.0,3.0,2.0,2.25,3.25,3.0,2.0,2.0,2.12,3.0,2.88,2.75,2.0,2.0,1.88,3.0,3.0,2.88,3.75,3.5,2.75,2.0,3.0,3.0,1.12,3.62,3.0,2.96,3.64,3.08,1.31,2.23,3.08,3.04,4.23,1.35,1.8,3.28,1.58,4.25,1.2,1.15,2.19,2.96,1.31,4.46,2.46,1.81,2.31,2.46,1.85,1.92,1.52,2.84,4.52,1.85,2.69,3.08,2.23,3.08,4.35,3.96,4.58,3.27,4.77,4.64,3.0,1.35,4.27,4.92,4.58,3.5,4.42,3.85,2.96,3.12,1.96,4.19,1.15,4.58,4.0,1.31,4.96,4.54,4.58,3.69,4.31,4.08,3.54,4.96,1.4,3.96,4.15,2.27,4.92,3.81,1.15,3.81,2.69,2.88,1.38,2.62,2.54,2.81,2.92,3.15,3.77,2.81,5.0,3.96,4.44,2.42,2.8,4.0,4.38,Animal Control Workers,0.21
339021,2.12,2.12,3.12,2.38,3.88,2.25,1.0,1.38,1.25,1.5,3.12,2.25,3.25,3.0,1.88,1.38,1.38,2.25,4.12,3.5,2.0,2.5,2.12,2.12,4.0,1.5,2.38,4.0,4.0,3.0,3.0,1.75,4.0,1.62,2.0,2.0,3.38,1.75,1.88,3.62,3.62,2.75,1.0,1.12,1.38,2.75,2.25,2.12,2.25,1.75,3.88,3.88,3.38,4.12,3.88,2.5,2.25,3.38,3.88,1.5,4.0,3.62,3.5,3.55,1.3,1.43,1.3,2.78,3.56,4.16,1.36,2.45,2.65,1.41,4.21,1.33,1.07,1.71,2.07,1.61,4.02,2.35,1.45,1.6,2.56,1.96,1.2,1.58,3.31,3.44,2.54,2.4,2.41,1.49,2.18,2.82,2.83,4.33,3.09,4.19,3.02,1.69,2.01,4.39,4.8,1.48,1.63,1.3,1.9,1.29,1.35,1.22,1.43,1.0,2.0,2.23,1.09,4.16,4.61,3.98,2.3,4.13,4.74,3.43,3.25,1.39,3.87,2.23,2.88,2.72,1.94,1.41,3.05,2.0,1.76,1.05,1.37,1.47,2.74,4.2,1.9,2.66,1.83,4.93,4.32,1.27,1.05,3.18,3.31,3.9,Private Detectives and Investigators,0.31
339031,2.0,2.25,2.88,2.12,3.5,2.0,1.0,1.62,1.75,1.75,4.0,2.12,3.62,2.25,1.0,1.5,1.62,2.0,3.75,3.12,2.0,2.12,2.12,1.62,3.75,1.25,2.12,3.88,3.62,2.12,3.38,1.62,4.25,1.0,1.62,1.75,4.0,1.0,1.38,3.25,3.25,3.12,1.38,1.75,1.88,3.12,2.0,2.38,2.25,1.75,3.12,3.75,3.12,3.25,3.75,2.5,2.12,4.12,3.25,1.25,3.62,3.12,3.25,3.57,1.1,1.14,1.13,2.5,3.67,3.28,1.81,2.16,3.36,2.07,4.27,1.04,1.16,1.26,1.53,1.04,2.77,3.64,2.03,1.33,2.44,1.69,1.41,2.01,2.79,4.04,1.6,1.79,2.85,1.22,1.1,3.87,3.63,4.65,3.75,3.32,2.97,2.24,2.16,3.97,4.66,2.74,1.77,2.12,2.12,1.55,1.54,1.22,1.44,1.38,3.42,1.66,1.38,4.7,4.39,4.44,3.4,4.44,4.83,4.53,1.95,1.54,4.95,1.62,2.56,1.65,1.43,2.14,4.1,1.76,1.81,1.47,1.4,1.54,3.43,4.77,1.83,4.62,1.91,4.89,3.14,1.42,1.49,3.41,4.46,3.66,Gaming Surveillance Officers and Gaming Investigators,0.95
339032,2.38,2.88,2.25,2.25,3.25,2.12,1.0,2.12,2.12,2.0,3.75,2.0,3.12,2.25,2.12,2.12,2.0,2.88,3.0,3.0,2.12,2.0,2.25,2.25,3.38,2.12,2.0,3.62,3.38,2.25,2.88,2.12,3.88,2.25,2.25,2.38,3.38,2.0,2.38,3.25,3.38,2.5,1.75,2.75,2.75,2.88,2.88,2.88,2.38,1.88,3.0,2.88,2.88,3.75,3.12,2.62,2.0,3.38,3.0,1.5,3.25,2.75,3.99,3.74,2.53,2.47,2.01,2.96,4.09,4.54,2.57,2.74,3.83,2.36,4.32,2.28,2.29,2.97,2.79,2.62,3.55,2.37,2.4,3.05,2.95,2.65,2.08,2.78,3.09,4.74,2.0,2.82,3.81,3.15,2.96,4.04,3.2,4.89,3.5,4.91,3.28,2.35,2.2,4.37,4.33,2.38,1.35,3.34,2.06,2.49,1.4,1.32,1.16,1.07,2.22,2.76,1.07,4.42,4.44,3.68,4.95,3.44,4.41,4.42,1.31,1.04,4.36,1.37,2.33,3.3,1.4,2.53,3.38,1.96,1.9,1.09,1.48,1.67,2.17,3.21,3.42,2.32,2.6,4.63,3.05,2.4,1.21,3.48,4.21,2.9,Security Guards,0.84
339091,2.75,2.38,2.38,1.75,3.0,2.25,1.25,2.0,1.5,2.0,3.12,2.0,2.0,1.88,2.12,2.12,1.88,2.25,2.88,2.88,2.38,1.38,2.0,2.25,2.88,1.62,1.5,3.5,3.5,1.88,2.25,2.0,3.5,1.62,2.75,1.75,3.12,1.62,2.0,3.12,3.0,2.0,1.88,2.38,1.88,2.75,2.88,2.0,1.88,1.5,2.38,2.38,2.25,2.88,2.75,1.88,1.62,2.88,2.25,1.0,3.12,2.0,1.97,1.6,1.02,1.11,1.02,1.87,1.34,3.17,1.18,1.21,2.0,1.24,3.09,1.0,1.0,1.49,1.4,1.0,2.39,1.51,1.14,1.28,1.98,1.26,1.09,1.08,2.38,3.87,1.07,1.44,1.47,1.42,1.97,2.53,4.09,4.1,2.32,4.46,3.29,1.46,1.44,3.74,1.92,4.4,1.01,1.73,2.8,1.16,2.84,1.0,2.13,1.2,4.07,4.42,1.0,3.72,4.25,4.22,2.91,3.67,3.9,2.09,1.67,1.02,1.44,2.87,1.26,4.99,1.63,1.13,4.12,1.18,2.34,1.01,2.17,1.2,3.79,1.19,4.82,3.73,4.1,2.03,2.21,4.03,1.1,2.06,3.33,1.77,Crossing Guards,0.49
339092,2.5,2.5,2.5,2.0,3.12,2.38,1.38,2.12,2.0,2.5,3.5,2.0,3.12,2.25,2.0,2.88,2.38,2.12,3.0,3.0,2.12,1.5,2.25,2.75,3.0,1.25,1.75,3.25,3.5,2.0,3.0,1.88,4.0,1.75,2.12,2.25,3.25,2.0,2.12,3.25,3.12,3.0,2.0,3.0,2.88,3.0,3.0,1.88,2.0,1.0,2.75,2.62,2.75,3.12,3.0,3.12,1.38,3.75,2.88,1.5,3.5,2.5,2.68,2.24,2.09,1.55,2.48,2.18,2.13,4.0,1.42,1.5,3.08,1.51,3.45,1.35,1.0,2.35,1.74,1.25,2.29,2.06,2.09,3.02,2.27,1.64,1.82,1.58,2.95,3.64,1.76,2.18,2.18,2.44,1.95,2.98,4.06,4.5,3.21,3.94,3.42,1.43,1.99,3.67,4.18,3.14,2.46,3.49,2.98,2.75,1.81,1.93,2.89,1.7,3.38,3.54,2.06,4.55,3.82,4.11,4.24,4.08,3.65,2.77,2.35,1.7,3.89,3.4,2.43,3.69,3.08,1.64,3.99,2.4,2.19,1.19,2.17,1.85,2.56,3.2,3.08,2.6,2.97,3.54,2.98,3.33,1.44,3.35,4.59,2.35,"Lifeguards, Ski Patrol, and Other Recreational Protective Service Workers",0.67
351011,3.12,2.5,3.25,2.62,3.88,2.0,1.62,2.38,1.75,3.0,3.0,3.12,2.88,3.25,1.88,2.0,2.0,2.0,3.75,4.0,3.12,3.0,3.0,2.75,3.75,1.5,3.12,4.0,4.12,3.38,3.0,1.75,4.12,2.0,2.12,2.0,3.38,1.75,1.75,3.88,3.75,2.25,2.0,2.38,2.12,3.25,3.12,3.0,3.25,2.38,3.5,3.12,3.38,3.62,3.75,3.25,3.0,4.0,3.5,1.75,3.88,3.12,3.67,3.13,2.42,2.0,2.71,2.5,2.83,3.92,2.25,3.21,3.5,2.12,3.33,1.62,4.12,2.38,1.88,1.65,2.52,3.54,2.38,1.7,3.74,1.67,1.92,4.04,2.79,2.88,2.74,2.08,1.88,2.17,2.08,3.75,2.96,4.58,3.88,3.79,3.88,2.04,1.78,3.62,4.88,3.75,3.04,2.17,3.25,3.33,3.88,1.17,4.54,1.0,4.39,4.39,1.33,4.87,3.67,4.61,4.04,4.12,3.62,3.79,2.04,1.54,4.79,3.04,3.88,1.96,2.08,1.96,4.21,3.21,3.12,1.33,2.33,2.17,4.38,1.71,4.62,4.5,3.35,4.54,4.75,4.67,1.87,3.91,4.46,3.79,"Chefs and Head Cooks, label 0",0.1
351012,2.88,2.88,3.0,2.0,3.75,2.0,1.12,2.0,1.38,2.12,3.0,2.75,2.75,3.0,1.0,2.0,1.88,1.88,3.0,3.0,2.5,2.75,2.75,2.62,3.0,1.12,2.88,4.0,4.0,2.75,2.88,1.12,3.88,1.62,2.0,1.5,3.0,1.12,1.75,3.62,3.5,2.12,1.62,2.62,2.12,3.0,3.0,2.62,3.0,2.0,3.12,3.0,3.0,3.75,3.12,3.12,3.0,3.88,3.25,1.0,3.88,3.0,3.58,2.59,1.53,1.81,1.85,2.38,2.53,4.14,1.72,2.99,3.29,2.23,3.5,1.8,3.51,2.43,1.61,1.9,2.38,2.96,2.05,2.14,3.13,1.82,1.73,3.34,2.51,2.73,3.31,1.64,1.95,2.35,2.61,3.16,2.93,4.58,3.92,4.1,3.46,1.98,2.71,3.66,3.07,1.28,1.1,1.12,1.14,1.08,1.08,1.0,2.64,1.0,1.61,1.37,1.07,3.85,3.74,3.27,3.85,2.81,4.1,3.58,1.15,1.15,4.68,1.72,2.69,1.21,1.17,1.82,4.36,3.58,2.52,1.05,1.5,1.88,3.72,1.87,3.75,3.17,3.48,4.7,3.44,2.98,1.3,3.7,4.43,1.99, First-Line Supervisors of Food Preparation and Serving Workers,0.63
352011,2.62,2.0,2.12,1.75,2.88,1.25,1.0,2.12,2.0,2.12,2.0,2.12,2.0,2.0,1.0,2.0,2.0,1.75,2.38,3.12,2.88,2.0,2.0,2.12,3.12,1.0,2.0,3.62,2.88,2.0,2.12,1.0,2.88,1.5,1.62,1.62,2.88,1.0,1.0,2.88,3.0,2.12,1.62,2.5,2.25,2.62,2.88,2.12,2.0,1.88,2.88,2.38,2.38,3.0,2.62,2.0,2.0,2.62,2.62,1.0,2.75,2.0,3.34,2.25,1.05,1.1,1.07,3.2,2.3,3.13,1.1,2.69,1.93,1.25,3.08,1.03,2.11,1.07,1.05,1.03,1.6,1.68,1.31,1.23,1.99,1.03,1.06,2.31,1.56,3.13,2.48,1.21,1.28,1.21,3.26,2.94,3.9,3.27,3.16,3.54,3.68,2.27,2.18,2.19,1.63,1.38,1.64,1.43,1.05,1.43,1.43,1.43,2.6,1.21,2.27,3.15,1.21,4.93,3.09,3.49,3.27,3.75,3.9,2.1,1.01,1.0,2.97,1.73,2.28,1.05,1.0,2.05,3.58,3.41,1.87,1.21,1.22,1.54,2.42,1.42,4.37,2.37,2.11,3.56,3.26,2.42,1.0,3.15,3.87,1.83,"Cooks, Fast Food, label 1",0.81
352012,3.0,2.5,3.12,2.88,3.12,2.12,1.38,2.12,1.25,2.38,2.75,3.0,2.25,2.5,1.0,2.0,1.88,2.5,3.0,3.12,3.0,2.75,2.12,2.75,3.25,1.0,2.62,3.12,3.25,2.62,2.75,1.12,3.12,1.88,2.0,1.88,3.0,1.0,1.12,3.12,3.0,2.0,1.88,2.75,2.12,3.0,3.0,2.75,3.0,2.25,3.0,2.88,2.88,3.0,3.0,2.75,2.88,3.12,2.88,1.0,3.12,2.75,3.34,2.56,1.53,1.28,2.12,1.73,2.68,3.56,1.69,2.05,2.88,1.74,3.6,1.1,3.58,1.84,1.35,1.27,2.33,3.54,1.71,1.69,2.57,1.72,1.83,3.06,2.2,2.99,2.02,2.0,1.74,1.95,1.37,2.81,3.25,4.62,3.73,3.21,3.31,1.54,2.0,3.86,2.07,2.6,1.81,2.7,1.41,1.81,1.57,1.0,4.23,1.0,3.61,2.44,1.0,4.8,3.65,3.78,4.01,3.34,3.92,2.61,1.22,1.0,4.62,1.55,1.97,1.09,1.27,2.23,3.79,1.79,3.21,1.06,1.83,2.05,3.72,1.52,4.72,4.29,4.06,3.17,4.4,3.84,1.17,3.78,4.47,2.35,"Cooks, Institution and Cafeteria",0.83
352013,3.0,1.88,3.0,2.75,3.12,2.0,1.38,2.12,2.0,2.0,2.75,3.12,2.5,3.25,1.0,2.0,2.0,2.0,3.0,3.12,3.12,2.0,2.12,2.88,3.38,1.0,2.25,3.0,3.12,3.0,2.62,1.0,3.25,1.88,2.0,1.88,3.0,1.0,1.0,2.88,3.0,2.12,1.0,2.0,2.88,2.38,3.0,2.88,2.62,2.38,3.0,2.88,2.88,3.0,3.25,2.75,2.25,3.0,3.0,1.38,3.0,2.88,3.12,2.5,1.73,1.23,2.46,2.46,2.31,4.58,1.69,2.62,2.6,1.38,2.88,1.38,4.12,1.54,1.36,1.31,1.81,3.0,1.52,1.46,1.92,1.23,1.58,3.0,1.84,2.46,3.73,1.46,1.77,1.31,2.23,2.19,2.46,3.62,2.04,2.96,1.88,1.04,1.54,3.88,4.42,1.77,1.64,1.12,1.54,1.46,2.04,1.04,3.27,1.0,2.38,2.0,1.0,3.62,4.04,3.38,3.23,3.58,3.58,2.77,2.65,1.0,4.0,1.88,3.12,1.73,1.81,1.31,2.5,1.88,2.27,1.15,1.46,1.96,3.65,1.5,4.77,4.62,2.31,3.73,4.15,3.16,1.04,2.77,2.42,2.46,"Cooks, Private Household",0.3
352014,3.0,2.38,2.88,3.0,2.88,1.75,1.75,2.12,1.88,2.62,2.75,3.0,2.38,2.62,1.0,2.12,2.0,2.25,2.5,3.0,3.38,2.0,2.12,2.75,3.5,1.0,2.25,3.0,3.0,2.25,3.0,1.12,3.12,1.62,2.0,2.0,3.0,1.12,1.5,3.0,3.0,2.0,1.88,2.62,2.38,3.0,3.0,3.0,2.75,2.5,2.62,2.38,2.75,2.88,3.0,2.0,2.25,3.0,2.75,1.38,3.0,2.25,2.08,1.31,1.12,1.31,1.69,1.45,1.54,2.65,1.24,1.25,2.17,1.11,3.08,1.06,3.39,1.44,1.14,1.08,1.33,2.13,1.8,1.31,1.67,1.01,1.34,2.3,1.17,1.57,1.93,1.25,1.4,1.17,1.65,2.48,2.59,4.11,3.63,2.67,2.59,1.19,2.3,3.81,1.73,1.86,1.81,1.0,1.59,1.84,1.52,1.11,3.8,1.0,2.53,3.01,1.0,3.42,3.78,4.01,3.87,3.96,4.1,3.26,1.44,1.18,4.71,1.57,2.59,2.07,1.49,2.42,3.97,1.34,2.72,1.31,2.2,1.94,4.06,1.23,4.76,4.55,3.49,2.05,3.03,4.81,1.27,3.67,4.08,1.35,"Cooks, Restaurant",0.96
352015,3.0,2.62,2.88,3.0,2.75,1.88,1.25,2.12,1.75,2.75,2.88,3.0,2.38,2.12,1.0,2.0,2.0,2.25,2.62,3.12,3.12,2.12,2.5,2.5,3.5,1.0,2.25,3.5,2.88,2.0,2.62,1.12,3.0,1.75,2.0,1.88,3.0,1.12,1.12,2.88,2.75,2.0,1.62,2.5,2.0,3.0,3.25,2.75,2.25,1.88,2.75,2.12,2.38,3.12,2.88,2.0,2.12,2.88,3.12,1.0,3.0,2.25,1.5,1.37,1.22,1.26,2.35,2.48,1.86,3.41,1.44,1.41,1.55,1.28,3.21,1.07,3.98,2.19,1.06,1.08,1.81,2.0,1.61,1.71,1.78,1.06,1.44,2.59,1.17,2.29,1.83,1.14,1.41,1.32,1.56,2.0,1.86,3.66,3.52,2.42,2.35,1.11,1.42,3.27,1.14,2.89,2.63,1.06,1.14,2.03,1.63,1.08,4.02,1.0,2.26,3.76,1.0,4.66,4.11,3.43,3.13,3.17,3.33,2.55,1.01,1.01,4.45,2.36,2.57,1.84,1.13,1.84,4.06,1.38,2.87,1.59,1.86,2.16,3.81,1.3,4.75,3.25,3.48,2.59,3.52,3.34,1.1,3.31,3.92,2.0,"Cooks, Short Order",0.94
352021,2.88,2.0,2.62,2.0,2.62,2.0,1.25,2.0,1.75,2.5,2.38,2.88,2.0,1.88,1.0,2.0,1.88,1.88,2.5,2.75,2.88,1.88,1.88,2.12,3.0,1.0,2.0,3.0,2.88,1.88,2.0,1.12,2.62,1.38,1.62,1.25,2.62,1.0,1.75,2.88,2.88,2.0,1.5,2.5,2.25,2.12,3.0,2.25,2.0,1.88,2.25,1.88,2.0,3.0,2.75,2.0,2.0,2.5,2.62,1.0,2.88,1.88,2.34,1.69,1.34,1.21,1.62,1.62,1.47,3.27,1.4,1.62,1.78,1.33,2.44,1.31,2.94,1.57,1.17,1.39,1.48,1.57,1.46,1.43,1.67,1.62,1.53,2.69,1.81,1.76,1.45,1.31,1.45,1.49,1.53,1.65,3.11,4.18,3.61,2.27,1.94,1.28,2.5,2.74,1.99,1.37,1.22,1.81,1.21,2.27,1.3,1.17,2.6,1.17,1.36,1.96,1.21,4.1,2.93,3.17,3.36,3.01,4.15,3.27,1.17,1.21,4.68,1.26,1.95,1.7,1.61,2.17,3.29,1.78,2.5,1.37,1.8,1.69,3.25,1.59,4.42,3.59,3.43,3.01,3.91,4.18,1.34,2.74,3.89,2.13,Food Preparation Workers,0.87
353011,3.12,3.0,2.88,2.5,3.0,2.12,1.0,2.12,1.38,2.62,2.88,3.0,2.75,2.75,1.0,2.75,2.12,2.0,3.0,3.25,3.12,2.25,3.0,2.75,3.25,1.0,2.5,3.75,3.88,2.88,2.75,1.12,3.0,1.75,1.75,1.75,3.0,1.12,1.25,3.12,3.25,2.12,1.75,2.5,2.25,2.88,3.0,2.62,2.5,2.0,3.0,3.0,3.0,3.75,3.12,2.88,2.25,3.0,3.0,1.0,3.12,2.75,2.99,2.13,1.29,1.34,1.54,2.28,2.35,4.44,1.38,2.42,3.16,1.71,3.63,1.38,2.46,1.74,1.79,1.37,2.66,2.96,1.38,1.39,2.79,1.43,1.44,2.28,2.39,2.98,3.14,2.47,2.1,1.9,1.22,2.89,1.42,4.7,3.21,4.25,3.93,2.31,2.03,3.46,1.97,1.94,2.08,1.14,2.16,1.43,1.04,1.34,2.71,1.0,2.7,1.56,1.0,4.2,4.03,3.65,2.78,3.28,3.88,3.09,1.02,1.02,3.95,1.43,2.36,1.19,1.18,1.16,4.14,1.69,3.23,1.11,1.45,2.17,3.73,1.44,4.57,3.69,3.7,2.87,1.75,1.16,1.0,2.11,3.64,2.86,Bartenders,0.77
353031,3.0,2.62,2.62,2.12,3.0,1.75,1.38,2.5,1.88,2.75,2.75,2.88,2.25,2.12,1.0,2.88,2.12,2.0,2.75,3.0,3.0,2.12,2.62,2.5,3.0,1.0,2.0,3.88,3.75,2.0,2.0,1.12,3.12,1.12,1.5,1.0,2.88,1.12,1.75,3.75,3.75,2.0,1.62,3.25,2.75,3.25,3.25,2.25,2.25,1.12,2.88,2.62,2.5,3.5,2.88,2.0,2.12,3.0,2.75,1.0,3.5,2.12,2.51,2.05,1.13,1.16,1.61,2.12,2.38,3.94,1.37,2.06,2.41,1.64,3.62,1.13,2.62,1.52,1.31,1.02,1.83,2.61,1.59,1.38,1.82,1.11,1.39,1.81,2.43,2.12,3.27,2.34,2.27,1.19,1.61,2.65,1.72,4.82,3.91,3.46,3.12,1.23,2.64,3.45,1.81,1.63,1.32,1.09,1.23,1.08,1.0,1.09,1.64,1.0,1.92,1.37,1.0,4.52,3.4,3.39,3.9,3.05,3.54,3.05,1.0,1.02,4.3,1.49,2.45,2.31,1.51,1.24,3.91,2.83,2.29,1.02,1.86,1.64,3.63,1.27,4.67,3.77,4.47,3.61,2.79,3.38,1.0,3.08,4.46,1.79,"Waiters and Waitresses, label 0",0.94
353041,2.88,2.12,2.25,2.0,2.88,2.0,1.0,2.12,1.38,2.38,2.62,2.25,2.12,2.0,1.0,2.38,2.38,2.0,2.88,2.88,2.88,2.0,2.12,2.25,3.12,1.0,2.12,3.5,3.12,2.0,2.12,1.0,2.88,2.0,2.0,1.62,3.0,1.0,1.5,3.0,3.0,2.0,1.75,2.25,2.38,2.25,2.88,2.12,2.12,1.88,2.75,2.5,2.0,3.0,2.88,2.0,2.0,2.75,2.88,1.0,3.0,2.0,2.97,2.31,1.71,1.6,2.07,2.22,2.33,3.65,1.74,2.25,2.88,1.76,3.65,1.18,3.0,1.59,1.53,1.27,2.36,2.76,2.0,2.07,2.14,1.55,1.56,2.26,2.51,2.86,2.05,1.88,2.26,1.68,1.57,2.9,2.64,4.31,3.92,3.66,3.83,1.97,2.09,3.89,2.73,1.85,1.59,2.48,1.48,1.34,1.16,1.27,2.28,1.0,3.18,2.96,1.12,4.68,3.78,3.91,3.99,3.65,3.93,3.67,1.09,1.0,3.52,1.52,3.23,1.38,1.35,2.55,4.41,2.45,4.21,1.81,2.53,2.5,3.59,1.37,4.7,4.14,4.56,3.32,4.43,3.06,1.12,3.64,4.36,2.36,"Food Servers, Non restaurant",0.86
359011,3.12,2.12,2.5,2.0,2.62,2.0,1.88,2.88,1.5,3.0,2.88,2.88,2.0,2.0,1.0,2.62,2.25,2.12,2.5,3.0,3.12,2.0,2.0,2.88,3.0,1.0,2.0,3.0,3.0,2.0,2.0,1.12,2.5,1.12,1.38,1.75,2.38,1.0,1.5,3.0,3.0,1.88,1.88,3.12,3.0,2.25,3.5,2.12,2.25,1.88,2.12,2.0,2.12,3.0,2.75,2.0,1.88,2.88,2.38,1.0,2.88,2.0,2.75,1.98,1.16,1.03,1.46,1.89,2.01,4.34,1.25,1.84,2.06,1.15,3.25,1.04,3.25,1.65,1.32,1.13,1.82,1.81,1.48,1.57,2.54,1.38,1.32,2.19,2.04,2.32,3.04,1.7,1.4,1.32,1.9,2.96,1.88,4.76,2.78,3.94,3.57,1.52,1.69,3.14,1.77,1.67,1.31,1.73,1.86,1.14,1.02,1.0,2.71,1.0,1.88,2.26,1.0,4.46,3.12,3.28,3.41,3.6,3.88,2.25,1.0,1.0,3.8,1.2,2.83,1.31,1.24,1.66,4.42,2.71,3.62,1.04,2.73,1.89,4.15,1.27,4.84,4.52,4.86,3.57,2.87,3.46,1.04,2.79,4.62,1.82,Dining Room and Cafeteria Attendants and Bartender Helpers,0.91
359021,3.0,2.0,2.62,2.75,2.0,1.88,1.12,2.0,1.75,3.0,2.5,2.75,2.0,2.0,1.38,2.62,1.88,1.75,2.0,2.88,3.62,1.62,1.88,2.88,3.0,1.38,1.75,2.88,2.75,1.88,2.0,1.62,2.75,2.25,2.0,1.88,2.62,1.5,1.75,2.62,2.75,1.62,2.25,2.75,2.75,2.0,3.0,1.88,1.88,1.5,2.0,1.88,1.88,2.62,2.5,2.0,1.5,2.5,2.0,1.0,2.5,1.75,1.95,1.43,1.07,1.06,1.6,1.86,1.21,2.42,1.07,1.14,2.46,1.22,3.2,1.04,2.76,1.71,1.19,1.1,1.29,1.68,1.28,1.46,1.51,1.28,1.21,1.71,1.37,2.31,1.62,1.21,1.42,1.25,1.72,2.09,1.81,3.85,3.38,2.3,1.54,1.28,1.6,3.38,2.14,1.42,1.98,1.38,1.31,1.29,1.22,1.24,2.48,1.21,1.84,1.77,1.25,4.39,2.69,2.34,4.08,2.31,3.24,1.89,1.38,1.22,4.64,1.75,2.01,1.93,1.84,2.68,3.38,1.96,2.29,1.4,1.48,1.55,3.38,1.86,4.2,3.61,3.16,2.22,3.35,3.45,1.21,2.49,3.77,1.79,"Dishwashers, label 1",0.77
359031,2.0,2.12,2.62,1.88,3.0,1.88,1.0,1.75,1.25,1.88,2.88,2.25,2.12,2.0,1.0,2.12,2.0,1.88,3.0,2.88,2.12,2.0,2.12,2.0,3.0,1.0,2.0,4.0,4.0,1.88,2.0,1.25,3.0,1.12,1.12,1.12,2.88,1.0,1.38,3.12,3.25,2.12,1.5,2.0,2.0,2.88,2.88,1.88,2.0,1.12,3.0,2.38,2.62,3.5,2.75,2.0,1.88,2.88,2.88,1.0,3.12,2.12,2.37,2.03,1.12,1.08,1.57,2.19,2.44,4.5,1.91,1.89,2.28,1.27,3.69,1.3,2.99,2.42,1.17,1.33,1.47,2.25,1.46,1.28,2.43,1.57,1.43,2.18,2.47,2.36,2.36,2.07,1.89,1.1,1.67,2.97,2.05,4.81,3.61,3.93,3.6,1.4,2.08,3.73,1.58,1.67,1.42,1.03,1.13,1.07,1.0,1.07,2.53,1.0,2.35,1.48,1.0,4.72,4.16,4.19,3.03,3.48,3.84,2.71,1.11,1.0,4.67,1.16,2.2,1.48,1.45,1.23,4.21,2.1,2.49,1.04,1.16,2.12,4.2,1.74,4.82,3.42,4.47,4.24,2.18,3.01,1.0,2.8,4.66,2.38,"Hosts and Hostesses, Restaurant, Lounge, and Coffee Shop",0.97
371011,2.75,1.88,3.12,2.5,3.12,2.0,1.12,2.25,1.38,2.25,3.0,2.5,2.62,2.75,1.25,2.12,2.0,1.88,3.0,3.25,3.0,2.12,2.12,2.5,3.25,1.5,2.5,3.62,3.88,2.62,2.5,1.5,3.25,1.75,1.88,1.75,2.62,1.38,1.75,3.25,3.25,2.12,1.75,2.5,2.75,2.25,2.88,2.5,2.12,1.88,3.0,3.0,2.88,3.12,3.12,3.12,2.12,3.25,3.0,1.0,3.25,2.88,3.69,3.11,1.82,1.66,2.1,1.84,2.38,4.41,1.65,2.72,3.35,2.2,3.93,1.44,1.83,2.17,1.34,1.24,1.97,2.51,1.79,1.85,3.19,1.34,1.49,2.81,2.45,3.29,1.92,1.64,1.87,1.8,1.57,3.19,2.87,4.45,4.07,3.08,2.41,1.65,2.13,3.76,4.61,2.91,2.12,2.82,2.0,3.3,1.56,1.59,2.14,1.05,3.46,1.67,1.19,4.81,3.63,3.75,4.33,3.78,4.01,3.43,1.73,1.65,4.59,2.39,3.0,2.38,1.63,2.44,3.07,3.0,3.14,1.33,1.55,2.86,3.33,2.41,3.76,3.24,3.7,4.54,4.36,3.39,1.2,4.52,4.62,3.06,First-Line Supervisors of Housekeeping and Janitorial Workers,0.94
371012,3.12,2.88,2.88,3.0,3.12,2.62,1.62,2.12,1.88,2.38,3.12,3.0,3.12,3.0,2.0,2.25,2.0,2.38,3.12,3.12,3.0,2.38,2.38,3.0,3.38,2.12,2.62,4.0,3.88,2.88,3.12,2.0,3.75,2.38,2.38,2.12,3.0,2.0,2.0,3.25,3.25,2.25,1.62,2.25,3.0,3.12,2.88,2.88,3.25,2.0,3.25,3.12,3.12,3.88,3.75,3.12,2.88,4.0,3.12,1.62,3.75,3.0,3.85,3.04,2.97,3.19,3.24,2.11,2.99,4.0,3.06,2.37,3.29,2.69,3.92,1.29,1.34,2.29,2.73,1.45,2.77,3.71,3.45,1.67,3.51,1.56,2.27,2.72,2.85,3.7,2.15,2.09,2.2,1.95,2.67,3.51,3.53,4.57,4.53,4.1,3.29,1.79,2.37,4.33,4.1,3.94,2.55,1.51,2.43,2.89,4.13,2.12,4.45,1.11,4.33,4.18,2.41,4.78,4.11,4.44,4.49,4.13,4.01,2.95,4.23,3.36,2.86,3.44,3.45,4.95,3.09,2.67,3.52,1.91,3.39,1.94,2.44,2.74,2.76,2.34,3.72,4.08,3.67,4.53,4.29,4.31,2.45,4.43,4.65,3.42,"First-Line Supervisors of Landscaping, Lawn Service, and Groundskeeping Workers",0.57
372011,3.0,2.0,2.62,2.62,2.75,2.0,1.25,2.12,1.5,3.0,2.75,2.75,2.12,2.12,1.5,2.75,2.25,2.0,2.5,2.88,3.0,1.5,1.88,2.88,3.25,1.0,1.5,3.0,3.0,2.12,2.12,1.0,3.0,2.0,2.0,1.75,2.88,1.0,1.25,2.88,2.75,2.0,1.75,2.75,3.0,2.12,3.25,2.12,2.25,1.88,2.25,2.25,2.62,3.0,2.75,2.12,1.38,2.75,2.5,1.0,3.0,2.38,3.15,1.91,1.01,1.16,1.76,1.97,1.62,2.68,1.13,1.8,1.89,1.35,2.94,1.01,1.34,1.29,1.24,1.01,2.28,1.61,1.8,1.22,2.06,1.67,1.9,1.76,1.29,3.36,1.08,1.02,2.2,1.17,2.31,1.98,2.38,3.71,3.02,2.22,2.7,1.79,1.8,4.52,3.37,2.88,2.02,3.22,1.74,1.71,1.6,1.55,2.29,1.0,2.32,2.64,1.02,4.4,4.43,3.03,3.9,2.72,3.23,2.84,1.66,1.57,4.23,2.18,1.85,2.68,1.71,1.64,3.0,1.54,2.96,1.55,2.47,3.0,3.29,1.81,4.03,4.11,4.52,2.91,2.96,4.63,2.11,2.9,3.15,2.73,"Janitors and Cleaners, Except Maids and Housekeeping Cleaners",0.66
372012,2.38,2.0,2.12,2.0,2.62,2.0,1.62,2.88,1.25,3.0,2.75,2.5,2.0,2.0,1.0,2.75,2.25,2.0,2.62,2.88,2.75,2.0,2.0,2.5,3.0,1.0,2.0,3.0,3.0,2.0,2.0,1.0,2.88,1.5,1.38,1.5,2.88,1.0,1.0,2.88,2.88,2.0,1.88,3.0,2.88,2.0,3.12,2.62,2.0,1.88,2.5,2.0,2.12,2.75,2.75,2.12,1.88,2.75,2.62,1.0,2.75,2.12,2.91,1.7,1.4,1.5,2.45,2.06,2.01,4.04,1.5,1.85,2.35,1.57,3.22,1.16,1.76,1.95,1.46,1.37,1.88,1.85,1.77,1.65,2.05,1.66,1.53,2.21,1.87,3.18,1.86,1.63,2.03,1.63,1.62,2.06,1.76,3.76,2.9,3.29,2.97,1.44,2.06,3.34,1.59,3.74,1.26,2.79,1.26,2.2,1.29,1.18,1.6,1.04,1.83,1.1,1.11,4.41,3.21,2.67,3.17,2.52,3.63,2.74,1.2,1.04,4.29,1.31,2.62,1.31,1.38,1.8,3.01,1.5,4.49,1.15,1.95,3.57,4.77,1.31,4.79,4.04,4.49,2.48,3.9,4.09,1.52,2.6,3.91,1.88,"Maids and Housekeeping Cleaners, label 0",0.69
372021,3.0,2.5,3.25,3.0,3.62,2.88,1.25,2.25,1.62,3.0,3.5,2.88,3.25,2.88,2.12,2.88,2.88,2.88,3.5,3.25,3.0,2.75,2.12,2.88,4.0,2.25,2.75,3.75,3.75,2.75,2.88,2.25,3.62,2.25,2.5,2.25,3.0,2.12,2.62,3.75,3.62,2.38,2.0,2.62,2.88,3.0,3.0,3.0,3.0,2.12,3.25,3.62,3.12,3.75,3.75,2.75,2.62,3.62,3.0,2.0,3.62,3.62,2.43,2.43,2.94,2.42,2.96,1.7,1.97,3.82,1.74,2.19,2.29,1.74,3.08,1.07,1.92,1.64,2.33,1.28,2.89,2.55,2.62,1.2,2.06,1.29,1.95,2.3,1.91,3.11,2.87,1.43,1.65,1.13,2.17,2.72,3.27,4.38,2.48,4.0,2.89,1.52,2.04,4.35,1.66,4.54,3.52,2.05,3.2,3.49,2.09,2.62,3.6,1.47,2.93,3.62,1.46,4.7,4.48,4.38,2.84,4.19,4.11,3.42,4.95,1.3,3.21,3.18,3.04,4.67,2.88,1.87,2.88,1.56,3.19,2.02,2.41,2.86,3.72,2.31,3.85,4.13,3.97,4.64,4.14,4.06,2.99,2.15,3.17,2.67,Pest Control Workers,0.66
373011,3.12,2.25,2.38,3.12,2.75,2.62,1.75,2.75,2.12,3.12,2.88,2.75,2.62,2.0,2.0,2.75,2.5,2.12,2.75,2.88,3.38,1.5,2.0,3.62,3.0,1.75,1.88,2.88,2.75,2.0,2.38,2.0,3.0,2.62,2.5,2.25,2.88,1.88,2.12,2.88,2.88,2.12,2.12,3.0,3.12,2.0,3.25,2.38,3.0,1.62,2.25,1.75,2.25,2.75,2.88,2.12,1.75,2.5,2.25,1.62,2.88,1.75,2.67,2.05,2.59,2.18,2.99,1.92,2.03,3.24,2.34,1.86,1.9,2.03,3.4,1.26,1.52,1.37,1.73,1.15,1.6,2.52,2.93,1.17,1.85,1.09,1.51,2.22,1.32,2.75,1.77,1.17,1.45,1.26,2.28,3.2,2.91,3.19,2.89,2.26,3.3,1.77,2.49,3.17,1.5,4.2,2.67,1.34,1.92,2.12,4.47,2.1,3.51,1.68,4.74,4.74,2.36,3.98,2.53,2.72,3.31,3.17,3.19,2.28,3.22,3.86,1.58,2.01,2.75,4.98,1.65,3.85,4.03,1.29,3.01,1.71,2.12,2.71,3.18,1.83,4.33,4.27,4.01,2.41,3.28,4.54,2.05,3.16,3.98,1.72,Landscaping and Groundskeeping Workers,0.95
373012,3.38,2.38,3.0,3.38,3.25,3.0,1.12,2.25,1.5,2.38,2.88,2.88,2.5,2.5,2.0,2.25,2.0,2.38,3.0,3.0,3.12,2.25,2.0,3.12,3.5,1.88,2.88,3.25,3.12,2.38,2.5,1.88,3.25,2.75,2.5,2.25,3.0,2.0,2.12,3.0,3.25,2.25,1.88,2.12,3.0,2.62,2.88,2.88,2.75,2.0,3.12,2.62,2.88,3.25,3.12,2.25,2.25,2.88,3.0,2.0,3.12,2.5,3.35,2.61,3.54,1.15,3.04,2.26,2.37,3.56,2.08,2.06,3.12,2.15,3.47,1.06,1.25,1.57,2.44,1.21,3.1,3.1,3.02,1.52,2.46,1.22,2.19,3.51,1.55,3.14,2.72,1.35,2.27,1.29,3.05,2.77,3.82,3.62,3.58,3.99,3.04,1.51,1.7,3.79,2.64,4.39,2.77,1.36,2.72,4.12,3.5,1.81,3.86,1.28,3.67,3.61,2.51,4.23,4.28,4.53,3.3,4.37,4.21,3.16,4.67,2.83,2.14,3.19,2.91,4.76,1.29,2.34,2.14,2.0,2.86,1.43,2.07,1.81,3.42,2.53,3.37,4.21,3.2,4.2,4.17,4.66,2.37,3.12,3.6,2.87,"Pesticide Handlers, Sprayers, and Applicators, Vegetation",0.97
373013,3.75,3.0,2.88,4.0,3.25,3.12,1.75,3.38,1.75,3.75,3.25,3.12,3.0,2.5,2.0,3.0,3.25,2.62,3.12,3.0,3.88,2.0,1.88,3.88,3.5,1.75,1.88,3.62,3.12,2.25,2.5,2.5,3.88,3.0,3.88,2.88,3.38,2.12,3.0,3.0,3.0,2.0,2.88,3.25,3.75,2.88,3.5,2.75,3.12,2.62,2.62,2.5,2.62,2.88,3.25,2.25,1.88,3.12,2.62,1.75,3.0,2.5,2.46,2.02,2.13,1.69,1.48,1.4,1.58,3.58,1.45,2.03,2.7,1.9,2.64,1.34,1.17,1.42,1.91,1.5,2.46,2.26,3.31,1.39,1.81,1.36,2.3,2.78,1.79,2.88,1.98,1.56,1.49,1.31,2.71,2.52,3.79,4.22,3.04,3.43,2.38,1.56,1.43,4.37,1.93,3.56,2.66,1.02,2.9,2.92,4.41,3.82,3.73,1.08,4.67,4.19,1.71,4.72,4.39,4.49,3.96,4.32,3.82,3.02,4.19,3.05,1.08,2.14,3.51,4.91,1.83,2.03,3.36,1.46,3.57,2.74,2.52,2.59,3.53,2.03,4.22,3.75,3.38,3.9,3.71,5.0,2.96,3.95,4.23,1.83,Tree Trimmers and Pruners,0.77
392011,2.88,2.62,3.0,2.75,3.12,2.88,1.12,2.62,1.38,2.88,3.0,2.88,2.88,3.12,1.75,3.0,2.12,2.62,3.0,3.25,3.0,2.0,2.38,3.0,3.0,1.75,2.0,3.38,3.62,3.12,2.88,2.0,3.75,2.25,2.62,2.75,3.0,2.0,2.0,3.25,3.12,2.62,2.5,3.0,2.88,2.75,3.0,2.38,2.62,2.12,3.0,3.0,3.25,3.12,3.38,3.5,1.88,3.12,2.88,1.75,3.5,2.88,3.12,2.74,2.59,1.73,1.45,2.0,2.4,4.05,1.64,2.47,3.6,1.81,3.11,1.18,1.16,1.48,1.75,1.3,2.31,2.15,1.93,2.07,2.67,1.42,1.28,2.01,3.19,2.52,2.82,2.36,1.68,2.05,1.77,2.97,2.75,4.23,3.73,3.9,2.71,1.5,1.34,4.51,3.81,2.53,1.58,1.73,1.94,1.5,1.75,1.18,3.23,1.37,3.19,3.48,1.28,4.52,4.78,3.72,3.6,4.0,3.45,2.57,2.57,2.07,2.96,3.15,2.81,4.19,3.5,1.06,3.48,2.87,3.21,1.04,1.93,2.21,3.4,1.86,4.3,3.15,3.63,4.03,2.89,2.43,1.1,3.31,3.62,2.99,Animal Trainers,0.1
392021,2.88,2.38,2.62,2.0,3.0,2.0,1.25,2.12,1.5,2.88,2.88,2.62,2.62,2.12,1.0,2.12,1.88,1.88,3.0,3.12,2.75,2.0,2.12,2.25,3.12,1.0,2.0,3.25,3.12,2.0,2.12,1.12,3.12,1.0,1.5,1.62,2.62,1.75,1.5,3.0,3.0,2.0,1.88,2.75,3.12,2.12,3.0,2.0,2.0,1.38,2.88,2.5,2.38,3.0,2.75,2.0,2.0,3.12,3.0,1.5,2.88,2.75,2.54,3.13,2.38,1.4,2.39,2.23,2.25,4.2,1.52,1.78,2.62,1.59,3.07,1.45,1.68,1.5,1.64,1.39,1.59,2.45,1.99,2.12,2.15,1.5,1.47,1.95,2.52,2.42,2.11,1.69,1.73,1.82,1.71,3.21,3.32,4.76,3.36,3.62,3.23,1.37,1.12,3.79,3.37,3.89,2.93,3.57,1.89,2.32,1.7,1.51,3.87,1.04,4.6,3.04,1.13,4.88,3.64,4.19,3.2,3.86,3.53,3.15,3.07,1.11,4.77,2.86,2.2,4.03,2.66,1.08,3.65,2.28,3.28,1.49,2.29,2.73,3.1,1.54,4.31,3.46,3.52,3.98,3.32,2.89,1.32,2.98,4.56,3.08,Nonfarm Animal Caretakers,0.82
393011,2.88,2.62,2.75,2.12,3.12,1.88,1.38,2.0,1.12,2.12,2.88,3.12,2.75,2.12,1.0,1.88,1.75,1.88,2.88,3.12,3.0,2.88,2.25,2.12,3.38,1.0,2.88,3.75,3.75,2.12,2.88,1.25,3.25,1.0,1.25,1.38,3.0,1.12,1.12,3.5,3.5,2.75,1.12,2.0,1.88,2.75,2.75,2.62,2.38,2.0,2.62,2.25,2.25,3.38,2.75,2.0,2.75,3.0,3.0,1.0,3.38,2.25,2.86,1.87,1.07,1.19,1.11,1.97,2.18,4.23,1.32,1.91,2.27,1.21,3.27,1.18,1.35,1.79,1.3,1.25,2.75,3.86,1.36,1.33,1.82,1.5,1.18,1.51,2.03,2.77,2.72,1.68,1.63,1.46,1.84,3.1,2.53,4.62,3.2,4.41,4.33,2.16,1.43,2.56,2.01,2.82,1.39,2.06,1.9,1.07,1.0,1.0,1.0,1.0,3.62,1.44,1.0,4.53,2.38,4.25,2.57,3.63,4.65,3.72,1.0,1.0,4.63,1.1,3.53,1.0,1.01,1.78,4.51,2.76,3.1,1.0,2.27,1.13,4.14,1.67,4.57,4.54,2.42,1.41,2.32,1.07,1.0,2.32,4.39,1.91,"Gaming Dealers, label 1",0.96
393012,2.38,2.25,2.62,1.88,3.12,2.0,1.12,1.38,1.0,1.5,3.12,2.75,2.38,2.12,1.0,1.75,1.0,1.88,3.0,3.25,2.62,3.0,2.25,2.0,3.62,1.0,3.0,4.0,3.75,2.0,2.75,1.12,3.38,2.0,2.0,1.25,2.88,1.0,1.12,3.38,3.38,2.38,2.0,2.12,1.5,2.88,2.25,2.38,2.0,1.25,3.0,3.0,2.62,3.5,2.88,2.25,3.0,3.12,2.75,1.25,3.12,2.88,2.42,2.29,1.21,1.06,1.04,2.1,2.58,4.1,1.41,2.67,2.17,1.5,2.98,1.25,1.46,1.5,1.47,1.11,1.93,3.92,1.4,1.12,2.43,1.42,1.18,2.14,2.01,2.34,2.57,1.63,1.74,1.28,1.67,2.45,2.1,4.62,3.15,4.14,3.34,1.41,2.76,3.23,1.51,3.22,1.3,1.49,2.24,1.0,1.12,1.05,1.14,1.0,3.68,1.21,1.0,4.21,3.06,3.3,2.98,3.53,4.34,4.28,1.0,1.0,4.71,1.33,3.09,1.0,1.0,2.57,4.4,2.82,2.42,1.08,1.6,1.36,4.04,2.07,3.96,3.96,3.23,2.74,2.71,1.78,1.0,2.69,4.44,2.06,Gaming and Sports Book Writers and Runners,0.91
393021,3.0,2.75,2.88,3.12,2.75,1.88,1.0,1.88,1.25,2.0,4.0,3.0,2.75,2.0,1.75,2.0,1.38,2.75,2.75,3.0,3.0,1.38,1.88,2.62,3.88,1.88,1.75,3.12,3.12,2.0,3.0,1.62,3.12,2.62,3.0,1.75,3.0,1.75,1.5,3.0,3.0,2.0,1.5,1.88,2.0,2.75,2.0,3.0,2.62,1.62,3.0,2.62,2.12,3.0,2.88,2.0,1.5,2.88,3.0,1.0,3.0,2.12,2.8,2.37,1.09,1.45,1.43,2.67,4.06,3.29,1.47,1.64,2.3,2.49,3.17,1.49,1.55,1.24,1.24,1.31,1.57,2.41,3.18,1.26,1.97,1.4,1.34,1.95,1.78,2.5,1.89,1.34,2.23,1.11,1.63,2.55,2.5,3.52,2.56,2.87,2.47,1.13,3.34,3.55,3.55,2.21,1.66,1.06,2.39,1.35,1.33,1.6,1.57,1.01,2.56,1.46,1.01,4.33,3.98,3.68,2.36,3.42,4.3,2.61,1.46,1.11,4.73,1.39,2.13,1.81,1.17,2.7,2.36,1.53,1.45,1.44,1.4,1.5,2.57,2.86,2.84,3.39,2.52,3.85,3.56,1.52,1.12,2.71,3.46,2.8,Motion Picture Projectionists,0.97
393031,2.25,2.25,2.5,2.0,2.88,2.0,1.0,2.0,1.38,2.0,2.75,2.5,2.5,2.25,1.0,2.0,2.0,2.12,2.75,2.75,2.5,1.88,2.12,2.0,3.12,1.38,1.88,3.25,3.25,2.25,2.62,1.12,3.0,1.62,1.62,1.5,2.88,1.0,1.5,3.38,3.0,2.12,1.38,2.12,2.12,2.5,2.62,2.5,2.0,1.62,2.88,2.25,2.62,3.12,2.75,1.62,1.88,2.75,2.75,1.0,3.25,2.25,2.65,2.23,1.24,1.15,1.24,3.07,2.47,4.25,1.22,2.37,2.41,1.56,3.39,1.67,2.09,1.29,1.84,1.92,1.67,2.32,1.55,1.17,1.94,1.51,1.39,1.57,2.18,3.24,2.9,1.59,1.96,1.19,1.64,3.32,1.72,4.86,3.14,4.54,3.93,2.61,2.19,2.67,2.28,2.19,1.22,1.64,2.03,1.08,1.13,1.85,1.97,1.53,3.89,1.96,1.01,4.69,3.68,3.28,1.84,3.08,3.74,2.91,1.17,1.0,4.78,1.4,1.8,1.63,1.28,1.88,4.26,1.97,2.05,1.07,1.24,1.3,3.31,2.04,4.12,2.95,3.19,3.7,2.46,1.65,1.0,1.96,3.95,2.37,"Ushers, Lobby Attendants, and Ticket Takers",0.96
393091,2.75,2.25,2.25,2.62,2.75,2.0,1.0,1.88,2.0,2.0,2.75,2.0,2.0,2.0,1.62,2.0,2.0,2.12,2.75,2.88,2.62,2.12,2.0,2.5,3.0,1.0,2.12,3.75,3.75,2.0,2.12,1.12,3.5,1.5,1.5,1.75,2.88,1.12,1.5,3.88,3.38,2.12,1.38,2.12,2.0,2.25,2.75,2.0,2.12,1.88,2.75,2.62,2.38,3.0,2.75,2.12,2.0,2.88,2.38,1.0,3.25,2.5,2.98,1.88,1.14,1.28,1.28,2.47,2.67,4.14,1.21,1.56,2.41,1.55,3.51,1.26,1.15,2.15,1.91,1.24,1.59,2.45,2.15,1.78,1.86,1.11,1.07,1.76,1.98,3.24,2.68,1.85,1.31,1.72,1.32,2.82,2.12,4.94,3.64,4.85,3.48,1.61,1.79,3.11,2.45,1.96,1.58,1.3,1.94,1.11,1.16,1.32,1.66,1.0,2.87,3.09,1.14,4.99,3.47,3.2,2.87,3.31,2.89,3.09,1.18,2.11,2.64,3.17,1.3,3.78,3.33,1.78,3.86,3.47,2.77,1.07,1.73,1.9,3.39,2.26,4.1,3.2,3.55,2.33,1.98,1.62,1.17,2.51,4.18,1.84,Amusement and Recreation Attendants,0.72
393092,3.0,2.25,3.12,2.25,3.0,2.0,1.0,2.12,1.62,2.25,2.5,3.0,2.5,3.12,1.5,2.0,1.88,2.12,3.0,3.12,2.88,1.62,1.62,2.25,3.25,1.0,1.75,3.62,3.62,3.0,2.25,1.0,3.25,1.62,2.0,1.5,3.0,1.0,1.0,3.12,3.0,2.0,1.38,2.12,2.25,2.0,2.38,2.75,2.5,2.0,3.0,2.88,2.5,3.12,2.88,1.88,1.5,3.12,2.88,1.0,3.12,2.5,2.96,2.43,1.35,2.23,1.81,2.17,2.23,3.15,3.23,2.19,2.63,2.42,3.13,3.65,1.51,1.86,1.17,1.96,1.5,2.76,2.81,1.23,2.62,1.74,1.92,3.21,3.08,2.32,1.73,2.4,1.9,1.62,1.89,2.59,2.18,4.47,3.82,2.75,2.42,1.29,1.51,4.14,3.84,3.39,2.58,1.3,2.78,1.77,1.8,1.44,2.81,1.0,3.06,1.24,1.05,4.73,4.2,3.53,2.87,3.33,4.08,3.18,2.01,1.0,4.78,2.11,2.52,1.46,1.39,1.72,4.05,1.76,2.76,1.46,1.33,2.17,3.67,3.02,3.16,4.86,2.51,3.48,4.21,1.98,1.53,3.68,4.83,2.63,Costume Attendants,0.61
393093,2.12,1.5,2.0,2.0,2.75,1.0,1.0,1.5,1.0,2.25,2.12,2.0,1.75,2.0,1.0,2.0,1.88,1.25,2.62,2.75,2.0,1.25,1.62,2.0,2.88,1.0,1.38,3.38,3.25,1.75,1.75,1.0,2.88,1.0,1.0,1.0,2.25,1.0,1.12,3.38,3.5,1.75,1.5,2.12,2.0,2.0,2.88,2.0,1.5,1.0,2.75,2.75,2.12,3.5,2.5,1.38,1.38,2.75,2.62,1.0,3.62,2.25,2.13,1.98,1.2,1.15,1.58,2.13,1.73,3.68,1.22,1.77,2.2,1.32,3.42,1.23,1.72,1.39,1.43,1.34,1.52,2.13,1.45,1.69,1.56,1.25,1.33,1.52,1.92,2.3,2.15,1.52,2.11,1.65,1.72,2.76,1.69,4.73,3.06,4.42,3.46,1.39,1.65,3.63,1.18,2.82,1.22,1.5,1.25,1.17,1.28,1.01,1.57,1.2,1.99,1.69,1.02,4.43,3.87,3.31,3.31,2.88,3.22,2.78,1.06,1.14,4.7,1.47,1.56,1.65,1.3,1.25,3.56,1.19,2.63,1.1,1.53,1.89,3.38,1.96,4.16,3.97,3.25,3.54,3.24,1.78,1.15,2.98,3.95,2.11,"Locker Room, Coatroom, and Dressing Room Attendants",0.43
394011,3.38,2.12,2.75,3.0,3.25,2.5,1.0,1.88,1.5,2.25,2.88,3.0,2.75,2.75,2.0,2.0,2.0,2.12,3.12,3.25,3.12,2.0,2.0,2.88,4.0,2.0,2.0,3.62,3.38,2.38,2.38,2.0,3.62,2.0,2.0,2.0,2.88,2.0,2.0,3.25,3.38,2.0,1.62,2.0,2.88,2.38,3.0,3.0,3.12,2.0,3.0,3.0,3.0,3.75,3.12,2.12,2.0,3.0,3.0,2.62,3.88,3.12,3.2,3.15,3.23,1.41,3.62,2.25,2.85,4.68,1.33,2.21,2.99,2.02,3.49,1.22,1.0,1.66,1.58,1.15,3.4,2.51,1.73,2.75,2.02,3.07,1.84,2.14,3.59,2.81,2.11,2.63,2.24,2.96,2.43,4.02,4.06,4.56,4.39,4.62,3.38,1.67,1.73,4.31,4.65,4.34,2.1,4.4,2.36,4.27,1.96,1.28,1.59,1.14,2.49,3.0,1.0,4.97,4.49,4.68,3.74,4.66,4.57,3.54,4.07,1.26,4.86,2.7,2.57,3.7,2.69,1.58,4.25,3.39,2.77,1.26,1.02,1.79,2.59,2.56,3.32,3.67,2.69,4.94,4.74,3.93,3.05,3.73,4.14,4.23,Embalmers,0.54
394021,2.25,1.75,2.0,2.12,2.88,2.12,1.12,2.0,1.62,2.0,2.75,2.0,2.0,2.25,1.75,2.0,1.75,1.88,2.62,2.88,2.0,1.88,2.12,2.5,3.12,1.62,2.0,3.25,3.25,1.88,1.88,1.75,2.88,1.88,1.88,1.88,2.25,1.5,2.0,3.12,3.0,2.0,1.38,2.0,2.75,2.25,2.5,2.0,2.12,1.5,3.0,2.75,2.0,3.12,2.62,2.0,1.75,3.0,2.75,1.25,3.0,2.25,2.46,3.39,1.92,1.42,2.06,2.66,2.89,4.41,1.56,2.02,2.29,1.76,3.86,1.44,1.21,1.64,1.57,1.53,2.67,2.45,1.74,1.8,2.16,1.99,1.46,2.3,2.25,2.32,2.48,2.03,2.29,2.13,3.05,2.02,2.55,4.21,3.21,4.0,2.2,1.31,1.68,3.16,3.28,1.71,1.06,2.07,1.18,1.52,1.01,1.05,1.15,1.0,1.57,2.1,1.0,4.53,3.6,3.52,2.0,3.26,4.05,2.5,3.59,1.04,3.8,2.32,1.47,3.23,2.0,1.27,3.25,2.2,1.65,1.13,1.3,1.51,2.06,2.76,3.3,1.91,2.56,3.75,3.66,1.63,1.47,2.11,4.22,2.67,Funeral Attendants,0.37
394031,2.88,2.38,3.0,2.88,3.12,2.25,1.12,2.12,1.75,2.25,2.75,2.62,2.75,3.12,1.75,2.0,1.75,2.12,3.0,3.25,2.88,2.62,2.25,2.75,3.25,1.75,2.62,3.75,4.0,3.0,2.12,2.0,3.62,1.88,1.88,2.0,3.12,1.75,2.12,3.75,3.75,2.12,1.38,2.12,2.62,2.88,2.38,2.12,2.75,2.12,3.12,3.12,3.0,4.12,3.12,2.75,2.75,3.0,3.25,1.75,3.75,3.25,3.64,3.73,3.08,1.33,2.61,2.59,3.19,4.72,1.68,2.74,2.77,1.89,3.82,1.34,1.08,1.65,1.75,1.71,2.87,2.84,1.46,1.92,3.21,3.06,1.68,2.04,3.41,3.06,3.08,2.61,2.22,2.94,2.89,2.85,3.28,4.73,3.85,4.56,2.89,1.65,1.28,4.27,3.67,3.84,1.67,3.19,1.58,2.8,1.25,1.06,1.2,1.01,2.01,2.64,1.01,4.78,4.24,4.4,3.74,4.65,4.54,3.41,4.05,1.04,4.56,2.48,2.54,3.49,2.46,1.08,3.76,2.9,1.82,1.14,1.15,1.64,2.02,2.81,3.12,2.99,2.31,4.79,3.74,3.26,1.87,3.8,4.25,3.72,"Funeral Service Managers, Directors, Morticians, and Undertakers",0.2
395011,3.88,2.0,2.25,3.0,2.88,2.12,1.12,2.25,1.25,2.25,2.12,3.38,2.0,2.75,1.0,1.62,1.62,1.75,2.75,2.75,3.38,1.75,2.0,2.38,3.62,1.0,1.88,3.62,3.25,2.5,2.0,1.0,3.0,1.38,1.5,1.25,3.12,1.0,1.0,3.12,3.25,1.88,1.0,2.12,1.88,2.75,3.0,2.5,3.0,2.25,2.75,2.25,2.5,3.38,2.88,1.88,1.88,2.88,2.75,1.25,3.12,2.0,3.16,2.4,1.46,1.0,2.31,2.3,2.17,4.42,2.37,3.03,2.56,1.61,3.14,1.27,1.45,1.68,1.27,1.07,2.27,2.82,2.11,1.25,2.24,1.16,1.23,2.71,3.0,2.39,2.65,1.1,1.86,1.71,1.96,2.24,2.44,4.81,2.94,3.37,2.56,1.68,2.12,4.24,1.6,2.64,1.54,3.35,1.49,1.0,1.04,1.0,3.31,1.0,2.53,1.03,1.07,4.29,4.79,2.92,3.33,4.36,4.37,2.83,1.34,1.0,3.66,1.05,4.37,1.0,1.0,1.69,4.79,2.28,3.02,1.0,2.93,1.51,4.38,1.88,4.62,4.92,2.44,4.59,2.39,2.48,1.02,2.53,3.23,1.73,Barbers,0.8
395012,3.88,2.25,3.0,2.88,3.0,2.0,1.12,2.25,1.38,2.75,2.38,3.88,2.88,3.25,1.0,1.88,1.62,2.0,3.0,3.0,3.88,2.38,2.0,2.88,4.0,1.0,2.12,3.75,3.75,3.75,2.62,1.0,3.12,1.0,1.0,1.0,3.0,1.0,1.0,3.25,3.62,2.5,1.0,2.12,2.0,2.88,2.88,3.12,3.5,2.0,3.0,2.88,3.25,3.88,3.38,2.88,2.38,3.0,3.0,1.62,3.75,2.88,3.01,2.54,1.61,1.18,2.79,1.93,2.09,4.43,1.64,2.53,2.97,1.72,2.87,1.18,1.29,1.27,1.0,1.02,2.01,2.19,1.87,1.12,2.53,1.03,1.22,2.15,2.0,2.0,3.67,1.36,1.29,1.42,1.75,2.64,2.26,4.82,3.42,4.48,2.71,1.07,1.6,4.7,2.2,3.19,1.07,2.28,1.22,2.26,1.18,1.0,2.94,1.0,2.23,1.18,1.08,4.83,4.76,3.86,3.52,3.72,4.27,3.61,1.0,1.0,4.41,1.2,3.57,1.0,1.0,1.49,4.69,1.85,3.97,1.0,2.21,1.88,4.71,1.77,4.61,5.0,2.63,4.97,3.41,3.45,1.0,2.94,3.91,2.19,"Hairdressers, Hairstylists, and Cosmetologists, label 0",0.11
395091,3.88,2.38,3.25,2.38,3.25,2.12,1.5,2.25,1.5,2.5,3.12,3.75,2.75,3.5,2.12,1.88,2.0,1.88,3.0,3.38,3.62,2.25,2.25,2.38,4.12,1.0,2.25,4.0,3.88,3.5,2.75,1.0,3.38,1.0,1.0,1.0,3.38,1.0,1.0,3.12,3.38,2.38,1.62,2.0,2.0,2.5,2.88,3.88,3.62,2.12,3.5,3.12,3.12,3.5,3.25,2.75,2.12,3.12,3.62,1.5,3.75,2.88,2.9,2.19,2.0,1.33,2.52,3.48,2.33,4.43,3.48,2.33,2.76,1.52,4.1,3.71,1.19,1.71,1.95,2.24,1.65,2.29,1.52,1.62,2.43,1.52,1.38,2.33,2.9,2.29,2.76,2.35,2.29,2.29,2.48,2.48,2.43,4.62,3.19,3.05,2.67,1.33,1.29,4.15,4.79,2.67,3.25,1.81,3.6,1.86,1.95,1.48,2.19,1.0,3.29,3.19,1.15,4.86,4.15,3.19,4.48,3.3,3.9,2.38,2.1,1.38,4.29,3.52,4.3,3.67,3.57,1.33,4.95,1.95,3.24,1.33,2.1,1.86,3.76,2.29,4.05,4.48,2.62,4.2,4.5,2.38,1.7,3.19,4.57,3.05,"Makeup Artists, Theatrical Performance",0.01
395092,3.12,2.0,2.5,2.88,2.5,1.62,1.0,1.5,1.0,1.0,2.38,3.12,2.12,2.25,1.0,1.0,1.0,2.0,2.62,2.62,3.0,1.38,1.75,2.25,3.5,1.0,1.75,2.88,3.0,2.62,2.0,1.0,2.75,1.25,1.12,1.12,2.88,1.0,1.0,2.88,3.0,2.0,1.0,1.12,1.38,2.62,1.5,2.75,2.5,1.38,2.5,2.12,2.75,3.0,2.5,2.12,1.88,2.62,2.75,1.0,3.0,2.12,2.59,2.08,1.85,1.41,2.03,1.57,1.97,3.37,2.22,1.5,2.05,1.54,2.64,1.62,1.42,1.81,1.69,1.42,1.75,2.38,1.96,1.68,2.47,1.75,1.72,2.41,2.29,1.93,2.44,2.29,1.36,1.53,1.81,1.44,1.69,4.5,2.88,2.4,1.95,1.18,1.07,3.46,1.25,4.65,1.24,2.07,1.23,1.82,1.0,1.0,2.49,1.0,1.28,1.01,1.0,3.84,3.9,2.03,3.55,1.96,3.78,1.85,1.0,1.0,4.17,1.0,2.56,1.0,1.0,1.68,4.58,1.11,2.42,1.0,1.09,1.35,4.54,4.05,2.1,4.04,1.59,2.9,2.23,3.45,1.08,2.91,3.47,1.64,Manicurists and Pedicurists,0.95
395093,3.12,1.62,2.5,2.38,2.75,1.5,1.25,2.38,1.0,2.38,2.25,2.88,2.25,1.88,1.0,1.5,1.38,1.75,2.62,2.62,3.0,1.62,1.62,2.25,3.12,1.0,1.62,3.62,3.38,2.0,1.88,1.0,2.75,1.0,1.0,1.0,2.75,1.0,1.0,3.25,2.88,1.75,1.25,2.25,2.25,2.5,2.75,2.38,2.0,1.75,2.62,2.5,2.25,3.12,2.5,2.0,1.62,2.75,2.5,1.0,3.25,2.38,2.24,1.64,1.56,1.08,2.73,1.97,1.51,4.23,1.6,1.4,2.73,1.17,4.09,1.32,1.08,1.46,1.04,1.11,1.33,2.0,1.18,1.34,1.66,1.32,1.44,2.2,2.59,2.74,3.22,1.88,1.31,1.46,1.21,1.9,1.82,4.92,3.38,4.03,2.89,1.24,1.8,3.42,1.29,2.49,1.78,1.4,1.09,1.42,1.07,1.02,1.45,1.05,1.54,1.21,1.03,4.54,3.62,4.11,2.98,4.36,4.73,2.54,1.21,1.02,4.95,1.51,2.71,1.32,1.18,1.79,4.63,1.38,2.66,1.04,1.62,1.43,4.42,1.46,4.79,4.57,3.16,3.88,3.33,3.04,1.06,2.8,4.45,2.33,Shampooers,0.79
395094,3.25,2.12,3.0,2.88,3.5,2.0,1.0,2.0,1.12,2.25,2.38,3.12,2.75,3.0,1.12,1.5,1.25,1.88,3.0,3.0,3.0,1.62,2.0,2.38,3.88,1.0,1.75,3.88,3.88,2.88,2.38,1.0,3.25,1.25,1.38,1.25,3.12,1.0,1.0,3.5,3.5,2.12,1.0,2.0,2.0,2.38,2.25,2.88,2.62,2.12,3.25,3.0,3.0,3.5,3.12,2.75,2.0,3.25,3.12,1.38,3.75,2.88,3.62,3.41,2.03,1.0,2.73,3.07,2.44,4.3,2.16,2.78,3.61,2.28,3.5,1.26,1.25,1.72,1.01,1.45,2.38,1.95,2.23,2.65,2.69,1.26,1.61,2.62,2.75,2.14,3.66,1.96,2.28,2.81,1.01,2.45,2.49,4.99,3.3,4.58,2.41,1.25,1.42,3.97,3.29,2.49,2.22,3.62,1.66,2.13,1.44,1.01,2.15,1.24,1.48,1.0,1.11,5.0,4.34,4.68,3.26,4.05,3.86,3.14,1.01,1.01,4.99,1.12,3.59,1.01,1.01,2.18,4.67,1.71,2.65,1.01,1.23,1.92,3.49,2.83,3.2,4.15,1.94,4.1,2.59,3.9,1.76,2.65,3.9,2.61,Skincare Specialists,0.29
396011,2.75,2.88,2.75,2.88,2.88,2.5,1.12,2.62,1.88,3.0,2.75,2.62,2.25,2.38,1.88,2.62,2.12,2.0,2.88,2.88,2.88,2.0,2.0,3.25,3.0,1.75,2.12,3.75,3.75,2.38,2.62,1.88,3.0,2.12,2.12,2.0,3.0,2.0,2.62,3.12,3.5,2.0,2.0,3.0,3.5,3.0,3.75,2.0,2.25,1.75,2.88,2.75,2.25,3.62,3.0,2.25,2.0,2.88,2.88,1.0,3.62,2.75,2.35,2.37,1.02,1.65,1.46,2.32,2.67,4.58,1.44,2.07,2.68,1.56,3.69,1.38,1.83,2.14,2.4,1.56,2.37,2.45,1.88,1.65,2.05,1.44,1.48,1.93,1.98,3.41,2.78,1.71,2.55,1.4,3.39,2.98,3.01,4.41,3.27,4.35,3.64,1.67,1.91,3.83,2.71,2.66,1.6,1.38,2.36,1.0,1.49,1.35,2.01,1.0,2.77,2.95,1.42,4.15,4.33,3.9,3.72,3.51,3.29,3.12,4.75,1.48,4.73,2.57,1.98,4.78,3.48,1.99,4.13,1.55,2.58,1.1,2.34,1.7,2.54,1.79,4.18,3.06,4.01,4.23,2.38,1.54,1.3,3.28,4.28,1.95,Baggage Porters and Bellhops,0.83
396012,1.5,2.12,2.88,1.0,3.5,1.5,1.0,1.25,1.38,1.0,2.62,1.5,2.38,3.0,1.0,1.5,1.38,2.0,3.0,3.12,1.12,2.0,2.62,1.38,3.0,1.0,2.0,4.12,4.12,3.0,2.0,1.12,3.5,1.0,1.0,1.0,2.88,1.0,1.38,3.88,3.88,2.25,1.0,1.38,1.62,2.75,2.0,2.0,1.88,1.75,3.0,3.0,2.88,4.0,3.0,2.0,2.0,3.0,3.0,1.0,4.0,2.75,2.91,3.27,1.33,1.23,1.41,2.64,2.86,4.73,1.5,2.36,2.41,1.5,4.41,2.43,1.59,2.32,2.59,2.0,2.36,2.14,1.32,1.59,2.45,1.86,1.36,1.91,2.64,2.82,2.68,2.27,2.23,1.73,3.14,3.14,1.95,4.73,3.5,4.27,3.27,1.82,2.0,4.5,5.0,1.76,1.36,1.29,1.41,1.18,1.09,1.23,1.32,1.0,2.73,1.55,1.05,4.82,4.41,3.23,3.05,3.27,3.76,2.45,2.05,1.27,4.64,1.77,2.77,1.57,1.64,1.09,3.64,2.91,1.77,1.23,1.68,1.68,2.24,2.91,3.36,2.18,2.45,4.91,3.86,1.41,1.09,3.18,4.0,3.81,"Concierges, label 0",0.21
397011,1.5,2.0,2.38,1.38,2.88,1.62,1.0,1.5,1.12,1.25,3.12,1.38,2.25,2.25,1.25,1.88,1.75,1.88,2.88,2.88,1.5,2.0,2.75,1.38,3.0,1.12,2.0,4.0,4.12,2.25,2.0,1.0,3.0,1.0,1.0,1.0,2.88,1.12,1.88,3.88,3.12,2.0,1.38,2.0,1.5,2.75,2.25,2.0,2.0,1.25,3.12,2.88,2.25,3.25,2.88,2.25,2.0,3.0,3.0,1.0,3.88,2.25,2.48,2.1,1.96,1.85,1.31,3.23,2.17,4.42,1.82,1.36,3.18,1.43,4.13,2.83,1.6,1.87,2.88,3.63,1.73,1.7,1.8,1.35,1.77,1.98,1.45,1.39,2.62,2.8,2.23,2.6,1.9,1.53,2.71,2.3,1.9,4.45,3.99,4.37,2.34,1.4,1.42,3.91,3.27,1.92,1.75,1.07,1.5,1.65,1.65,1.27,1.94,1.04,2.12,2.45,1.12,4.49,4.06,3.64,2.54,3.25,3.82,2.09,2.29,1.71,3.43,2.09,2.2,2.76,2.19,1.59,4.14,4.49,1.85,1.28,1.7,1.32,1.96,2.05,3.8,2.14,3.55,3.09,3.41,1.36,1.04,2.38,4.21,2.41,Tour Guides and Escorts,0.91
397012,2.38,2.38,3.12,2.12,3.25,2.25,1.0,1.62,1.62,1.5,3.0,2.12,2.75,2.88,1.75,1.62,1.5,2.25,3.12,3.25,2.12,2.25,2.38,2.12,3.38,1.75,2.5,4.0,4.0,3.0,2.75,2.0,3.38,1.62,2.12,2.0,3.0,1.75,2.62,3.88,3.88,2.62,1.0,1.88,1.62,3.0,2.12,2.12,2.62,1.5,3.88,3.12,3.12,3.88,3.12,2.75,2.5,3.0,3.25,1.0,4.0,3.12,2.91,3.0,1.84,1.22,1.14,2.06,2.3,4.33,1.18,2.74,2.71,1.25,3.27,1.07,1.23,1.73,2.86,1.64,1.86,2.37,1.31,1.78,2.62,1.23,1.24,1.4,2.15,2.68,3.19,1.76,2.04,1.4,2.94,2.76,2.49,4.81,4.16,4.34,2.96,1.61,2.29,4.88,4.72,1.79,1.62,1.77,1.72,1.59,1.87,1.75,1.99,1.28,2.36,2.44,1.57,4.41,4.77,4.61,4.01,4.2,4.29,3.15,3.07,2.32,3.69,2.41,2.67,3.2,2.4,2.01,3.38,2.87,1.85,1.3,1.69,1.75,2.51,3.54,2.8,2.87,2.4,4.91,4.07,2.03,1.97,4.06,4.38,3.7,Travel Guides,0.057
399011,2.56,2.315,2.94,1.56,3.37,2.125,1.185,2.31,1.69,2.75,2.935,2.56,2.88,3.06,1.5,2.435,2.0,2.125,3.25,3.0,2.37,1.81,2.62,2.5,3.06,1.5,2.0,3.94,3.875,3.0,2.5,1.5,3.75,1.5,1.56,1.87,3.06,1.62,1.625,3.375,3.435,2.62,1.685,2.435,2.565,2.94,2.69,2.25,2.685,1.63,3.25,3.0,3.0,3.5,3.37,3.125,1.87,3.69,3.0,1.37,3.435,3.0,2.395,2.04,1.725,1.135,1.725,2.175,2.05,3.645,1.415,1.745,3.305,1.51,3.635,1.935,2.3,1.91,1.91,1.79,1.91,2.405,1.235,2.35,2.3,2.05,1.37,1.61,3.2350000000000003,3.215,1.5949999999999998,2.46,1.98,2.205,2.005,3.29,3.065,4.57,3.285,2.675,2.925,1.99,1.495,4.175000000000001,3.02,1.975,1.79,2.79,1.475,1.35,1.0,1.02,2.51,1.0,3.145,1.905,1.015,4.609999999999999,4.255000000000001,3.4,3.575,3.4850000000000003,3.27,2.565,2.785,1.02,3.92,1.41,2.45,3.08,2.4400000000000004,1.13,4.414999999999999,1.585,3.19,1.06,1.995,3.2,2.9,2.495,3.715,2.86,3.105,3.4000000000000004,3.185,2.08,1.0,3.095,3.85,2.965,"Childcare Workers, label 0",0.084
399031,2.75,2.0,3.0,1.88,3.0,1.75,3.0,3.12,3.0,3.88,3.0,2.0,2.12,3.0,1.0,3.88,3.0,1.88,3.0,3.0,3.0,1.88,2.25,3.0,3.0,1.0,2.0,3.0,3.88,3.0,2.0,1.62,3.0,1.5,1.38,1.38,3.0,1.0,1.75,3.62,3.0,2.0,1.88,3.88,3.12,2.88,3.62,1.88,2.0,1.75,3.0,2.88,3.0,3.25,3.0,3.12,1.75,3.0,3.0,1.75,3.62,2.62,2.76,2.38,2.86,1.1,1.43,2.71,2.67,4.3,1.67,1.86,3.81,1.52,3.67,1.9,1.43,1.43,1.29,1.19,1.81,2.52,1.38,2.52,2.19,1.62,2.05,1.29,3.62,2.43,2.76,2.52,2.15,2.48,1.29,2.67,2.48,4.76,3.71,4.38,2.95,1.45,1.48,4.33,4.14,2.19,1.7,2.05,2.14,1.0,1.14,1.1,1.71,1.0,3.62,2.1,1.14,4.76,4.62,3.76,3.57,3.75,2.95,3.1,1.52,1.33,5.0,2.29,3.57,2.29,1.86,1.43,4.19,3.67,3.76,1.05,3.35,2.52,3.62,1.86,4.45,3.48,3.52,3.62,2.95,1.43,1.21,2.33,3.52,2.57,Fitness Trainers and Aerobics Instructors,0.085
399032,2.0,2.25,3.12,1.62,3.25,2.0,1.12,2.12,1.88,2.12,3.12,2.0,2.62,3.12,1.25,2.88,2.12,2.0,3.0,3.12,1.75,2.25,2.0,2.5,3.62,1.0,2.12,4.0,4.0,3.12,2.62,1.0,3.62,1.0,1.62,1.38,3.0,1.0,1.0,3.88,3.62,2.62,1.62,2.88,2.38,3.0,2.75,2.12,2.62,1.62,3.38,3.12,3.12,4.0,3.25,3.12,2.12,3.75,3.12,1.62,4.0,3.12,2.97,3.14,1.49,1.3,1.31,2.74,3.04,3.65,1.81,1.82,3.52,1.42,4.11,2.37,1.32,1.41,1.87,1.84,3.43,3.0,1.85,1.84,2.4,2.53,1.29,2.02,3.17,3.82,2.07,2.57,2.23,2.67,2.66,3.02,3.4,4.81,3.88,3.54,3.54,2.28,1.77,4.34,3.47,2.59,2.04,2.47,1.45,1.51,1.14,1.14,1.64,1.0,3.56,1.45,1.0,4.59,4.1,3.65,3.59,3.57,3.29,3.44,2.28,1.06,4.32,1.85,2.38,2.18,1.75,1.08,3.86,2.94,2.19,1.18,1.72,1.66,2.24,2.91,2.94,2.24,2.58,4.54,3.3,2.27,1.44,2.85,4.49,3.21,Recreation Workers,0.0061
399041,1.88,2.12,2.75,1.38,3.38,1.88,1.0,1.88,1.25,1.88,3.0,2.0,2.62,2.88,1.38,1.88,1.88,2.25,3.12,3.0,2.0,2.0,2.0,2.0,3.12,1.38,2.0,4.0,4.0,2.88,2.5,1.38,4.0,1.38,1.75,1.75,3.0,1.38,1.62,3.75,3.62,2.5,1.62,2.0,2.0,2.88,2.0,2.12,2.5,1.25,3.38,3.12,3.0,3.88,3.62,2.75,2.0,3.75,3.12,1.38,3.75,3.0,4.21,3.51,1.59,1.59,1.51,3.1,3.07,4.45,1.97,2.47,3.99,1.79,3.92,1.74,2.28,1.75,1.66,1.54,3.01,2.25,1.8,2.79,3.48,2.38,1.5,2.0,3.17,4.05,1.83,3.74,2.79,3.45,2.53,4.13,3.48,4.57,3.62,3.43,3.42,2.55,1.55,4.09,4.6,1.52,1.38,1.97,1.81,1.11,1.03,1.03,1.53,1.02,2.77,2.04,1.02,4.49,3.85,3.55,4.18,3.67,3.52,3.24,2.78,1.25,3.81,1.59,2.32,2.86,2.19,1.02,3.46,2.81,1.45,1.03,1.41,1.38,1.84,3.19,2.75,1.94,2.83,4.19,3.67,2.48,1.37,3.78,4.33,2.9,Residential Advisors,0.064
411011,2.25,2.12,3.0,1.88,3.12,1.5,1.0,2.12,1.5,2.0,2.88,2.5,2.88,3.0,1.0,2.0,2.0,2.38,3.0,3.12,2.38,2.62,2.75,2.38,3.12,1.0,2.88,3.88,3.88,3.0,2.62,1.0,3.25,1.38,1.38,1.5,3.0,1.12,1.25,3.88,3.75,2.62,1.5,2.0,2.0,2.75,2.5,2.5,2.38,2.0,3.0,3.0,3.0,3.88,3.5,3.0,2.75,3.5,3.0,1.0,3.75,3.0,4.48,3.18,1.07,1.16,1.19,2.45,3.31,4.82,1.38,3.21,3.6,1.46,3.86,1.26,1.9,2.58,1.21,1.15,2.16,3.31,1.34,1.73,3.33,1.42,1.16,2.78,2.17,2.88,3.93,1.62,1.85,2.14,1.34,3.55,1.67,4.85,4.38,4.55,3.59,1.37,1.95,4.15,4.09,2.38,1.82,1.38,1.2,1.4,1.27,2.15,1.78,1.0,2.46,1.84,1.0,4.95,4.3,4.22,3.79,3.95,3.99,3.59,1.62,1.17,4.68,1.77,2.86,2.05,1.38,1.22,3.63,1.95,2.34,1.41,1.38,2.49,2.71,2.31,3.86,3.49,3.11,4.74,4.22,1.67,1.0,3.71,4.76,3.58,First-Line Supervisors of Retail Sales Workers,0.28
411012,1.38,2.0,3.5,1.5,3.75,1.75,1.0,1.25,1.12,1.0,2.88,2.12,2.75,3.5,1.0,1.0,1.0,1.88,3.75,3.62,1.5,3.12,2.62,1.0,3.62,1.0,3.0,4.0,4.0,2.88,2.62,1.0,3.5,1.12,1.25,1.0,2.75,1.0,1.12,3.88,4.0,2.38,1.0,1.25,1.0,2.62,1.75,1.75,2.75,1.38,3.75,3.5,3.5,4.0,3.62,3.25,3.0,4.0,3.62,1.0,4.0,3.62,3.91,2.6,1.06,1.25,1.11,2.53,2.8,4.05,1.5,3.36,3.06,1.56,3.77,1.13,1.35,1.74,1.71,1.08,2.42,3.1,1.62,1.01,3.54,1.08,1.23,2.48,1.95,2.24,3.32,1.33,2.06,1.34,2.35,3.51,2.24,4.7,4.56,4.23,3.14,1.25,2.11,4.19,5.0,2.07,1.86,1.02,2.09,1.23,1.54,1.51,1.55,1.0,3.15,2.7,1.05,4.91,4.05,4.54,3.55,4.61,4.22,3.69,3.33,1.29,4.65,2.37,3.54,2.87,2.33,1.78,3.05,3.45,2.24,1.34,1.37,1.88,3.23,3.71,2.49,2.96,2.57,4.97,4.64,1.54,1.11,4.44,4.66,3.91,First-Line Supervisors of Non-Retail Sales Workers,0.075
412011,2.5,2.0,2.75,2.38,2.62,1.5,1.0,2.0,1.88,2.12,2.12,2.62,2.0,2.0,1.0,2.0,2.0,2.0,2.62,3.0,2.5,2.38,2.62,2.12,3.25,1.0,2.62,3.5,3.5,2.0,2.38,1.0,3.0,1.5,1.5,1.75,2.88,1.0,1.0,3.12,3.0,2.0,1.0,2.12,2.12,2.88,2.5,2.12,1.88,1.75,3.12,2.38,2.0,3.0,2.75,2.0,2.62,2.62,2.75,1.25,3.0,2.12,2.87,2.84,1.09,1.34,1.55,2.09,2.69,4.05,1.31,2.38,2.37,1.49,3.37,1.0,1.52,1.74,1.31,1.01,2.52,2.86,1.71,1.44,2.09,1.42,1.36,1.82,1.9,2.62,3.07,1.6,2.14,1.47,1.94,2.43,1.93,4.96,3.51,3.72,4.11,1.74,1.82,3.2,2.76,2.19,1.74,1.72,1.61,1.0,1.43,1.13,1.28,1.0,2.94,1.8,1.03,4.56,3.45,4.06,2.68,3.09,3.9,3.34,1.5,1.0,3.92,1.61,2.29,2.21,1.92,1.86,3.35,2.83,2.73,1.16,1.76,2.23,3.22,1.98,4.08,3.55,2.6,4.53,3.06,1.66,1.0,2.82,4.02,2.17,"Cashiers, label 1",0.97
412012,3.0,2.75,2.88,2.12,3.0,2.0,1.12,2.0,1.12,2.12,2.88,3.0,2.62,2.25,1.0,2.0,2.0,2.5,3.0,3.25,2.88,3.12,2.25,2.0,3.38,1.0,3.12,3.5,3.38,2.0,3.0,1.0,3.25,2.0,2.0,1.75,2.88,1.62,1.12,3.12,3.25,2.12,1.62,2.0,2.0,2.75,2.5,2.25,2.12,2.12,3.12,2.88,2.0,3.0,2.88,2.0,2.88,2.88,3.12,1.0,3.0,2.75,1.68,2.72,1.0,1.0,1.17,2.06,2.63,4.15,1.08,2.24,2.16,1.14,2.97,1.0,1.0,1.39,1.29,1.04,2.59,3.73,1.36,1.1,1.35,1.3,1.08,1.34,2.46,2.75,1.68,1.75,2.24,1.35,1.13,3.35,2.55,4.87,2.82,4.28,4.61,2.27,2.03,3.26,1.85,3.56,1.61,2.08,2.1,1.48,1.36,1.0,1.66,1.0,4.55,1.25,1.2,4.71,3.11,4.23,2.58,4.23,4.84,4.46,1.0,1.36,4.05,1.14,2.86,1.36,1.37,1.99,3.8,1.86,2.76,1.01,1.81,1.62,4.56,1.85,4.43,3.17,2.72,4.0,3.38,1.5,1.0,2.63,3.67,2.99,Gaming Change Persons and Booth Cashiers,0.83
412021,2.12,2.25,2.75,2.38,2.88,2.0,1.0,2.0,1.38,2.12,2.88,2.38,2.75,2.62,1.5,2.0,2.0,2.12,2.88,3.12,2.0,2.62,2.38,2.38,3.38,1.5,2.88,4.0,3.88,2.25,2.75,1.62,3.12,2.0,2.0,2.0,3.0,1.62,1.5,3.62,3.62,2.12,1.5,2.0,2.0,2.12,2.38,2.0,2.0,2.12,3.25,3.0,2.75,3.75,3.12,2.12,2.25,3.0,3.25,1.0,3.38,3.0,3.05,3.5,1.22,1.18,1.62,2.41,2.65,4.45,1.88,2.33,2.31,1.4,3.72,1.31,1.4,1.64,1.85,1.05,1.83,3.01,1.76,1.26,2.08,1.64,1.33,2.5,2.06,2.5,3.42,1.7,2.16,1.28,2.74,3.8,1.93,4.91,3.53,4.43,4.03,1.63,2.12,3.61,3.99,3.4,1.52,1.41,1.56,1.37,1.16,1.01,2.07,1.0,3.63,2.45,1.0,5.0,3.94,4.04,2.64,3.36,4.0,3.68,2.94,1.0,4.64,1.85,2.66,2.83,1.96,1.45,3.7,1.66,1.61,1.13,1.28,1.65,2.82,3.06,3.19,3.12,2.44,5.0,3.27,1.67,1.0,3.33,4.52,2.48,Counter and Rental Clerks,0.97
412022,2.88,2.62,3.12,2.12,3.0,1.75,1.0,1.88,1.62,2.25,2.88,3.0,3.0,2.75,1.75,2.0,1.88,2.12,3.25,3.5,2.88,2.75,2.62,2.75,3.88,1.5,2.88,4.0,4.0,2.75,3.0,1.62,3.25,1.75,1.75,1.88,3.0,1.62,1.88,3.62,3.75,2.88,1.12,2.0,2.62,2.75,2.75,2.75,2.75,1.75,3.75,3.38,2.88,4.0,3.25,2.38,2.75,3.12,3.62,1.0,4.0,3.0,3.98,3.87,1.08,1.63,1.48,2.35,3.81,4.44,2.16,3.46,2.89,2.63,3.57,1.0,1.09,1.97,1.82,1.04,2.11,3.22,3.12,1.08,3.27,1.1,1.37,3.34,2.47,2.88,4.1,1.56,2.87,1.54,2.81,3.72,2.54,5.0,3.96,4.84,3.99,1.97,1.8,4.13,4.45,3.92,2.87,1.04,3.11,1.86,2.56,2.22,2.16,1.0,4.28,3.81,1.01,4.24,4.55,3.99,3.33,4.12,4.02,4.01,2.52,2.75,4.24,4.38,2.57,3.3,2.03,1.36,3.95,1.91,2.64,1.92,1.58,1.83,3.1,2.6,3.83,2.48,3.35,4.78,4.07,2.9,1.01,4.16,4.88,2.92,Parts Salespersons,0.98
412031,2.25,2.12,2.88,2.0,2.88,1.88,1.0,1.88,1.5,1.88,2.38,2.38,2.25,2.88,1.0,2.0,2.0,2.0,2.88,3.0,2.0,2.62,2.75,2.0,3.0,1.0,2.62,3.88,4.0,2.88,2.5,1.0,3.12,1.38,1.5,1.0,2.88,1.0,1.0,3.62,3.62,2.12,1.5,2.0,1.88,2.75,2.5,2.12,2.5,1.38,3.0,3.0,3.0,3.75,3.12,2.62,2.62,3.0,3.0,1.0,3.75,3.0,3.04,3.01,1.17,1.43,1.39,2.45,2.75,4.34,1.99,2.28,2.69,1.89,3.67,1.7,1.36,1.74,1.61,1.26,1.96,3.03,1.81,1.75,1.85,1.48,1.37,2.25,2.89,2.35,4.52,1.87,2.05,1.63,1.95,3.08,2.36,4.89,3.61,4.6,3.88,1.55,2.16,4.08,3.89,2.26,1.43,1.76,1.78,1.22,1.34,1.56,1.7,1.0,2.12,1.94,1.0,4.88,3.43,4.15,2.7,4.03,4.15,3.53,2.37,1.24,4.16,1.61,3.7,2.58,1.7,1.14,3.74,1.98,2.12,1.45,1.33,1.78,2.76,2.14,4.07,3.12,3.76,4.61,3.42,1.5,1.0,2.85,4.35,2.66,Retail Salespersons,0.92
413011,1.38,2.0,3.0,1.88,3.12,2.0,1.0,1.0,1.0,1.0,2.75,1.62,2.88,3.25,1.25,1.0,1.0,2.0,3.12,3.0,1.0,2.75,2.38,1.88,3.38,1.25,2.75,4.0,4.12,3.25,2.75,1.25,3.12,1.38,1.38,1.38,3.0,1.5,1.38,4.12,4.0,2.75,1.0,1.0,1.0,2.88,2.0,2.5,2.88,1.12,3.88,3.5,2.88,3.75,3.25,2.62,2.75,3.0,3.38,1.0,4.12,3.12,3.13,3.35,1.01,1.12,1.01,3.84,3.29,4.53,1.77,2.64,2.69,1.77,3.96,1.88,1.01,1.51,1.9,1.38,2.29,3.56,1.26,1.16,2.5,1.62,1.24,2.66,2.15,1.84,4.86,1.55,2.51,1.24,1.74,3.01,2.0,4.79,3.04,4.81,3.15,1.08,1.7,4.66,5.0,1.2,1.24,1.13,1.52,1.0,1.0,1.11,1.04,1.0,2.23,2.39,1.0,4.71,4.55,4.33,1.51,4.19,4.03,2.67,4.06,1.06,3.37,1.93,4.49,2.74,1.64,1.28,3.2,2.91,1.11,1.0,1.08,1.13,1.99,3.59,2.4,1.99,2.15,5.0,4.46,1.02,1.01,2.4,4.34,4.12,Advertising Sales Agent,0.54
413021,1.0,1.88,3.12,1.5,3.25,1.38,1.0,1.0,1.0,1.0,2.38,1.75,2.88,2.88,1.0,1.0,1.0,1.75,3.12,3.12,1.0,3.12,2.25,1.38,3.5,1.0,3.0,4.0,4.0,2.75,2.62,1.0,3.25,1.0,1.0,1.0,2.75,1.0,1.0,3.75,3.62,2.5,1.0,1.0,1.0,2.62,1.75,1.75,2.0,1.5,4.0,3.62,3.0,3.88,3.75,2.75,3.0,2.88,4.0,1.12,3.88,3.62,3.39,2.56,1.01,1.18,1.15,3.07,2.9,4.69,1.04,2.69,3.09,1.07,4.1,1.03,1.09,1.05,1.81,1.62,3.54,3.58,1.03,1.56,2.83,1.21,1.01,2.27,2.39,2.47,4.62,1.58,2.45,1.57,3.46,3.45,2.98,4.73,3.26,4.97,3.14,1.13,2.76,4.11,5.0,1.71,1.77,1.38,1.69,1.06,1.0,1.12,1.18,1.13,2.14,1.39,1.0,4.93,3.88,4.81,1.82,4.43,4.7,3.79,3.5,1.0,4.06,2.06,3.85,2.35,1.64,1.0,3.44,2.22,1.25,1.0,1.19,1.19,2.16,4.6,1.92,1.91,1.74,5.0,4.52,1.37,1.0,2.14,3.67,3.87,Insurance Sales Agents,0.92
413031,1.12,2.25,3.25,1.12,3.75,1.25,1.0,1.0,1.0,1.12,2.5,1.0,2.88,3.25,1.12,1.0,1.0,2.0,3.38,3.38,1.12,3.25,2.5,1.12,3.38,1.12,3.12,4.12,3.88,3.0,2.75,1.12,3.5,1.0,1.12,1.12,2.88,1.12,1.38,3.62,3.5,2.75,1.0,1.0,1.0,2.38,1.88,1.62,2.0,1.88,3.62,3.5,3.5,3.75,3.75,2.62,3.12,3.62,3.5,1.25,3.5,3.38,3.42,3.0,1.3,1.47,1.2,2.68,3.5,4.32,1.34,3.93,2.65,1.75,3.82,1.19,1.4,1.54,1.76,1.7,3.11,3.73,1.36,1.19,2.63,1.67,1.14,2.03,2.59,1.87,3.71,1.83,2.35,1.55,2.04,2.9,3.33,4.69,3.07,4.28,2.81,1.23,2.59,4.43,4.96,1.14,1.0,1.04,1.16,1.0,1.0,1.03,1.05,1.0,2.14,1.2,1.01,4.71,4.33,4.3,2.1,4.3,4.55,3.17,1.96,1.01,4.16,1.57,3.9,1.19,1.26,1.24,2.98,2.27,1.2,1.03,1.0,1.11,2.2,4.27,1.95,2.31,1.55,4.93,3.86,1.03,1.01,3.01,4.11,3.35,"Securities, Commodities, and Financial Services Sales Agents",0.016
413041,1.62,2.62,3.0,1.5,3.12,1.62,1.0,1.38,1.0,1.0,2.12,2.25,2.5,3.0,1.0,1.0,1.0,1.75,3.0,3.25,1.75,2.88,2.88,1.0,3.88,1.0,3.0,4.0,3.88,3.0,2.12,1.0,3.5,1.0,1.0,1.12,3.12,1.0,1.0,4.0,4.12,2.25,1.0,1.0,1.0,2.88,2.12,1.75,2.25,2.12,3.88,3.12,3.12,4.12,3.12,2.5,2.88,3.0,4.0,1.25,4.0,3.12,2.89,3.17,1.01,1.01,1.01,2.85,3.36,4.25,1.17,2.72,2.63,1.87,3.97,1.02,1.08,2.28,3.43,1.6,1.72,2.06,1.02,1.0,1.95,1.36,1.01,1.81,1.7,1.89,3.88,1.52,3.17,1.03,3.09,3.07,3.38,4.45,3.19,4.43,2.6,1.31,3.8,4.32,4.98,1.16,1.0,1.01,1.11,1.0,1.0,1.0,1.0,1.0,2.17,1.04,1.0,4.05,4.03,3.74,2.55,3.88,4.78,3.12,1.11,1.0,3.13,1.06,3.87,1.06,1.0,1.22,3.19,1.54,1.6,1.0,1.14,1.2,3.08,4.86,1.67,3.71,1.02,5.0,3.73,1.0,1.0,3.41,3.43,4.06,Travel Agents,0.099
414011,1.375,1.81,3.0,1.625,3.44,1.94,1.0,1.06,1.0,1.19,3.0,2.065,2.875,3.06,1.06,1.06,1.06,1.81,3.06,3.06,1.25,2.88,2.69,1.56,3.25,1.0,2.88,4.0,4.25,3.0,2.56,1.06,3.25,1.0,1.0,1.0,2.815,1.0,1.375,3.81,3.75,2.815,1.0,1.125,1.125,2.37,1.94,2.185,2.69,1.19,3.75,3.565,3.31,3.81,3.44,2.75,2.815,3.06,3.685,1.44,4.125,3.25,3.12,3.015,1.21,2.41,1.69,2.5700000000000003,3.05,4.455,3.0,2.67,2.345,2.705,3.665,1.09,1.14,1.385,2.17,1.15,2.27,3.375,1.97,1.285,2.125,1.19,2.015,2.635,2.25,1.96,4.385,1.61,2.275,1.28,2.2,2.9850000000000003,2.635,4.76,3.82,4.375,2.925,1.265,2.14,4.62,4.99,2.225,1.62,1.115,1.82,1.735,1.755,1.74,1.41,1.13,2.8550000000000004,1.92,1.1,4.17,4.145,4.24,2.395,4.005,4.26,2.885,3.385,1.67,3.76,2.61,3.835,2.425,1.58,1.46,2.83,1.91,1.5550000000000002,1.29,1.19,1.275,2.055,3.815,2.425,2.03,1.955,4.995,3.575,1.955,1.145,2.845,4.415,3.305,"Sales Representatives, Wholesale and Manufacturing, Technical and Scientific Products",0.25
414012,2.0,1.88,3.12,2.12,3.12,1.88,1.12,1.38,1.38,1.62,2.25,2.12,2.38,3.12,1.62,1.5,1.38,1.62,3.0,3.12,2.12,2.38,2.25,2.0,3.12,1.5,2.38,3.88,4.0,3.0,2.12,1.62,3.12,1.5,1.62,1.75,2.38,1.38,1.5,3.88,3.75,2.12,1.25,1.5,1.38,2.25,2.0,1.88,2.12,1.5,3.75,3.62,3.12,4.0,3.5,2.25,2.25,3.12,3.38,1.0,4.0,3.25,2.91,2.17,1.0,1.11,1.03,2.77,3.17,4.84,2.04,2.37,1.36,1.32,4.36,1.81,1.91,1.62,1.31,1.05,1.48,3.94,1.24,1.0,1.55,1.04,1.06,2.33,2.57,1.44,4.92,1.89,2.65,1.01,3.7,3.31,1.88,5.0,4.32,4.91,3.58,1.11,2.43,4.61,4.77,3.03,1.66,1.07,1.74,1.07,1.33,1.09,1.52,1.0,2.17,2.53,1.0,4.65,4.51,4.72,2.29,4.32,3.75,3.44,4.33,1.5,4.63,1.69,4.04,2.74,1.17,1.14,3.07,2.08,2.31,1.17,1.4,1.88,2.49,3.35,2.74,2.38,2.52,4.99,3.78,1.82,1.0,3.22,4.91,3.37,"Sales Representatives, Wholesale and Manufacturing, Except Technical and Scientific Products",0.85
419011,2.12,2.75,3.0,1.75,3.12,2.0,1.0,2.12,1.5,2.12,2.88,2.38,2.62,2.75,1.0,2.0,2.0,2.62,3.0,3.0,2.0,2.12,2.62,2.25,3.12,1.0,2.12,3.88,3.88,2.88,2.75,1.0,3.0,1.62,1.62,1.0,3.0,1.0,1.38,3.88,3.75,2.25,1.0,2.12,2.25,2.75,2.75,2.75,2.88,1.5,3.0,3.0,2.88,3.88,3.0,2.75,2.12,3.0,3.25,1.0,3.88,3.0,2.27,2.5,1.43,1.0,1.5,2.45,2.44,4.02,1.63,1.61,2.29,1.38,3.7,1.12,3.29,1.5,1.32,1.03,1.51,2.13,1.5,1.27,1.95,1.2,1.02,1.73,2.54,3.0,3.7,2.06,2.12,1.22,2.06,2.87,2.19,4.82,3.2,4.44,3.45,1.14,1.45,3.62,3.64,1.79,1.86,1.0,1.35,1.0,1.41,1.12,1.72,1.0,2.31,1.41,1.0,4.27,4.04,3.77,2.78,3.69,3.34,2.91,1.3,1.01,4.11,1.24,3.1,1.32,1.41,1.48,3.69,3.0,2.77,1.11,1.91,2.01,3.68,1.6,4.51,4.06,2.11,3.33,3.82,2.56,1.0,2.4,3.85,3.17,Demonstrators and Product Promoters,0.51
419012,1.88,1.38,2.38,1.0,2.0,1.38,1.5,2.0,1.25,2.62,2.25,1.38,1.62,2.25,1.5,2.75,2.75,1.25,2.25,2.12,1.5,1.62,1.75,2.62,2.38,1.0,1.62,2.88,2.75,2.5,1.38,1.25,2.25,1.12,1.25,1.5,2.62,1.0,1.62,2.75,2.75,1.25,1.25,2.25,1.88,2.12,2.75,2.25,2.12,1.0,2.25,2.38,1.88,2.75,2.62,1.12,1.25,1.88,2.5,1.0,2.75,2.0,1.77,1.47,1.34,1.11,1.12,1.78,1.63,2.72,1.47,1.2,1.38,1.01,2.48,2.38,1.02,1.19,1.18,1.32,1.36,1.23,1.2,1.19,1.41,1.16,1.2,1.09,1.49,1.51,1.25,1.34,1.39,1.11,1.84,1.73,2.22,4.69,2.66,2.16,1.6,1.17,1.33,2.67,3.45,2.49,2.3,1.07,3.0,1.23,1.01,1.02,1.17,1.07,1.71,1.42,1.0,3.98,3.73,2.94,1.2,2.95,2.76,2.57,1.34,1.01,4.77,1.44,1.65,1.38,1.47,1.09,3.34,2.12,2.83,1.02,3.04,1.74,1.93,3.38,2.6,1.51,1.14,3.0,1.67,1.02,1.01,1.95,3.32,1.77,Models,0.98
419021,1.12,1.75,2.62,1.38,3.62,1.75,1.0,1.0,1.0,1.0,2.62,1.25,2.25,2.75,1.0,1.0,1.0,1.5,3.25,3.0,1.12,2.88,2.0,1.38,3.62,1.0,2.12,4.0,4.0,2.5,2.12,1.0,3.38,1.0,1.12,1.12,2.38,1.0,1.38,3.62,3.62,2.0,1.0,1.0,1.0,2.12,2.12,1.75,2.0,1.75,4.0,3.5,3.62,3.88,3.88,2.5,2.88,3.12,3.88,1.12,4.0,3.38,3.94,3.18,1.13,3.2,1.53,3.23,3.38,4.26,2.01,3.52,3.16,1.45,4.13,1.2,1.02,2.18,2.67,1.34,4.0,3.31,1.77,1.02,2.87,1.77,1.26,1.62,3.12,2.57,4.49,2.43,2.52,1.22,2.11,3.14,3.15,4.69,3.9,4.46,3.2,1.24,2.7,4.84,5.0,1.48,1.16,1.22,1.6,1.29,1.03,1.33,1.07,1.0,2.06,2.51,1.03,4.78,4.89,4.59,2.23,4.39,4.03,3.04,4.63,1.21,4.75,2.27,4.6,3.87,2.01,1.37,3.16,2.76,1.11,1.03,1.08,1.1,1.92,3.67,2.37,1.92,1.93,5.0,3.92,1.13,1.0,3.16,4.26,4.16,Real Estate Brokers,0.97
419022,1.62,1.88,3.12,1.75,3.25,2.25,1.12,1.38,1.25,1.25,3.12,1.75,3.0,3.0,1.75,1.25,1.25,1.88,3.12,3.12,1.5,3.0,2.62,1.88,3.0,1.75,2.88,4.0,4.0,2.88,2.5,1.88,3.0,1.75,1.75,1.75,2.62,1.88,1.88,3.88,3.88,2.75,1.5,1.38,1.38,2.5,2.25,2.62,2.75,1.5,3.88,3.38,3.12,4.0,3.62,2.5,3.12,3.0,3.38,1.12,4.0,3.38,3.7,3.75,1.45,3.4,1.3,3.42,3.45,4.84,2.25,3.25,3.1,2.0,4.35,1.5,1.15,1.9,2.65,1.55,3.95,3.45,2.1,1.2,2.45,1.75,1.4,1.89,3.1,2.84,4.7,2.45,2.65,2.11,2.7,3.29,3.4,4.95,3.84,3.86,3.21,1.62,2.25,4.71,5.0,1.79,1.43,1.16,1.76,1.16,1.14,1.24,1.47,1.0,2.14,2.37,1.0,4.72,4.57,4.35,2.14,4.43,4.05,2.9,4.48,1.05,3.95,2.29,4.85,3.32,2.95,1.15,3.84,2.67,1.42,1.33,1.11,1.67,1.95,3.24,2.74,1.9,2.32,4.95,4.52,1.3,1.24,2.89,3.63,4.26,Real Estate Sales Agents,0.86
419031,1.88,2.0,3.62,1.75,4.0,2.12,1.0,1.0,1.0,1.0,2.75,2.12,2.88,3.62,1.0,1.0,1.0,1.88,4.0,3.75,1.88,3.12,3.0,1.38,3.62,1.0,3.25,4.0,4.12,3.38,2.75,1.0,3.75,1.0,1.0,1.0,2.88,1.0,1.0,4.12,4.0,3.0,1.0,1.0,1.0,2.62,1.75,2.5,2.88,1.5,4.0,3.88,3.75,4.0,4.0,3.0,3.0,2.88,4.0,2.12,4.12,3.75,3.67,3.21,1.17,1.47,1.81,2.38,2.93,4.54,3.37,2.9,2.74,4.3,4.28,1.03,1.11,1.38,1.6,1.07,1.66,3.79,2.99,1.09,2.85,1.27,2.86,2.53,1.91,1.51,4.34,1.25,1.72,1.19,1.69,2.95,2.66,4.56,4.01,4.57,2.31,1.0,1.62,4.42,5.0,1.35,1.06,1.0,1.16,1.39,1.68,1.03,1.0,1.0,1.87,1.18,1.06,4.46,4.46,4.56,2.69,4.48,3.97,2.93,1.89,1.18,4.65,1.57,3.72,1.18,1.4,1.11,2.13,2.69,1.08,1.0,1.06,1.06,2.06,3.72,2.05,1.56,1.53,4.87,4.02,1.82,1.03,3.56,4.19,2.76,Sales Engineers,0.0041
419041,1.62,2.12,2.25,1.5,2.75,1.25,1.0,1.0,1.0,1.0,1.62,1.75,1.88,2.25,1.0,1.0,1.0,1.75,2.62,2.62,1.5,1.62,1.88,1.0,2.88,1.0,1.75,4.0,4.0,2.25,1.5,1.0,2.88,1.0,1.0,1.0,3.12,1.0,1.0,3.75,3.62,1.75,1.0,1.0,1.0,2.12,1.62,1.5,1.62,1.62,3.12,2.75,2.0,4.0,3.0,1.5,1.38,2.25,3.25,1.0,4.12,2.5,3.12,2.73,1.11,1.05,1.25,3.06,3.12,4.02,1.37,2.3,2.23,1.45,3.77,1.85,1.23,1.41,2.0,1.79,2.53,2.33,1.23,1.06,1.61,1.99,1.46,1.53,2.09,1.8,4.32,1.56,2.48,1.31,1.85,2.51,1.88,4.88,2.54,4.45,4.17,1.25,3.09,3.43,3.82,1.34,1.22,1.0,1.4,1.0,1.0,1.05,1.0,1.0,3.86,1.4,1.0,3.62,3.53,3.25,2.2,3.2,4.58,4.17,1.14,1.05,4.51,1.21,3.94,1.28,1.09,1.94,3.38,1.79,1.23,1.0,1.0,1.02,3.54,4.85,1.54,3.47,1.29,4.93,3.74,1.0,1.0,2.44,3.28,2.49,Telemarketers,0.99
419091,1.12,1.5,2.5,1.12,2.88,1.0,1.0,1.0,1.0,1.0,2.38,1.62,2.12,2.88,1.0,1.0,1.0,1.5,2.75,3.0,1.25,2.12,2.25,1.12,2.88,1.12,2.0,3.88,4.0,2.88,1.5,1.0,2.88,1.0,1.0,1.0,2.5,1.0,1.25,3.5,3.5,1.75,1.0,1.25,1.38,2.5,2.12,1.75,2.0,1.5,3.0,3.12,2.62,3.38,2.88,2.25,1.88,2.75,3.0,1.0,4.0,2.88,3.0,3.04,1.04,1.08,1.21,2.33,2.29,4.38,1.08,2.17,2.62,1.21,3.29,1.08,1.38,1.38,1.33,1.04,1.54,2.25,1.04,1.0,2.5,1.38,1.04,1.62,2.42,1.54,4.17,1.67,2.21,1.29,2.04,2.54,1.46,4.48,2.92,4.7,2.71,1.25,1.88,4.75,4.48,1.46,1.46,1.29,1.62,1.17,1.17,1.08,1.5,1.04,1.83,1.71,1.0,4.14,4.79,2.92,1.67,2.58,2.96,2.04,2.79,1.0,2.83,1.83,3.21,1.62,1.79,1.04,3.67,3.7,1.54,1.04,1.26,1.25,1.79,2.96,3.08,2.43,1.71,4.55,3.04,1.38,1.0,2.21,3.05,3.14,"Door-to-Door Sales Workers, News and Street Vendors, and Related Workers",0.94
431011,1.38,2.75,3.25,1.0,3.62,1.88,1.0,1.5,1.25,1.5,2.88,2.62,2.75,3.38,1.0,1.38,1.25,2.5,3.5,3.62,1.5,2.75,2.5,1.75,3.5,1.0,2.62,4.12,4.0,3.38,2.62,1.0,3.75,1.0,1.0,1.0,3.0,1.0,1.0,3.88,3.88,2.62,1.0,1.38,1.5,2.88,1.62,2.12,2.62,1.5,4.0,3.88,3.75,4.0,3.88,3.62,2.75,4.0,4.0,1.0,4.0,3.75,4.48,3.7,1.09,1.23,1.09,2.33,3.28,4.23,1.41,3.1,2.96,1.69,3.71,1.04,1.15,1.3,1.37,1.03,2.6,2.91,1.45,1.48,3.17,1.4,1.37,2.33,2.03,2.55,2.31,1.49,2.22,1.62,1.68,3.44,2.92,4.7,4.07,4.0,3.15,1.24,2.33,4.41,4.55,1.73,1.11,1.37,1.12,1.16,1.15,1.18,1.14,1.0,2.39,1.21,1.03,4.93,4.03,3.96,2.61,3.97,4.23,3.07,1.3,1.01,3.83,1.35,2.94,1.21,1.09,1.1,2.89,2.04,1.5,1.05,1.11,1.22,3.17,4.3,2.14,2.39,1.68,4.93,4.04,1.4,1.04,4.36,4.53,3.6,First-Line Supervisors of Office Administrative Support Workers,0.014
432011,2.12,2.75,2.5,2.0,3.0,1.12,1.0,1.38,1.0,1.0,2.75,2.38,2.25,2.0,1.0,1.0,1.0,2.12,3.0,3.0,2.0,1.88,2.25,1.5,3.38,1.0,1.88,4.12,4.12,2.0,2.75,1.0,2.88,1.0,1.12,1.62,3.12,1.0,1.0,4.0,4.0,2.38,1.0,1.0,1.0,2.62,1.75,2.0,1.88,1.88,3.0,3.0,2.5,4.0,2.75,2.0,1.88,2.88,3.0,1.0,3.88,2.75,2.79,3.68,1.0,1.01,1.05,2.73,3.49,4.34,1.0,1.96,1.94,1.49,3.85,1.01,1.08,1.49,1.3,1.06,1.94,2.45,1.77,1.19,2.52,1.49,1.01,1.33,2.33,2.54,1.47,1.47,3.34,1.77,1.16,3.59,2.03,4.98,3.31,4.39,4.34,1.75,2.31,3.55,4.61,2.06,1.28,1.67,1.47,1.01,1.06,1.0,1.13,1.28,2.54,1.08,1.0,4.6,3.71,4.49,2.72,3.48,3.93,3.58,1.23,1.04,4.33,1.22,2.44,1.3,1.05,1.08,3.75,1.61,1.88,1.0,1.0,1.33,3.61,3.69,2.34,2.92,2.21,5.0,3.22,1.06,1.0,2.55,4.35,3.8,"Switchboard Operators, Including Answering Service, label 1",0.96
432021,2.0,2.5,2.5,2.0,2.88,1.5,1.0,1.5,1.0,1.0,2.0,2.62,2.5,1.88,1.0,1.0,1.0,2.12,2.88,2.75,2.0,2.0,2.0,1.0,3.0,1.0,1.88,4.0,4.12,1.88,2.25,1.0,3.0,1.62,1.88,1.5,3.0,1.0,1.0,4.0,4.0,2.12,1.0,1.0,1.0,2.0,1.88,1.88,1.62,1.62,3.0,2.75,2.25,4.0,3.0,2.0,1.88,2.75,3.0,1.0,4.0,2.25,2.59,3.59,1.11,1.1,1.22,2.13,3.11,4.24,1.23,1.6,2.31,1.44,3.2,1.18,1.27,1.72,1.56,1.33,1.59,1.7,1.17,1.61,2.24,1.48,1.16,1.79,1.65,2.43,1.79,1.54,3.75,1.16,1.3,3.14,2.32,5.0,3.92,4.68,3.9,1.72,2.63,3.69,4.48,1.68,1.06,1.42,1.65,1.0,1.0,1.0,1.0,1.42,3.52,1.61,1.42,4.6,3.72,4.18,3.27,3.74,4.17,3.86,1.0,1.0,4.27,1.02,2.7,1.0,1.08,2.69,2.9,2.69,2.28,1.0,1.44,1.0,4.11,3.82,2.46,3.48,1.7,5.0,3.69,1.64,1.08,3.12,4.67,2.97,Telephone Operators,0.97
433011,1.38,2.12,3.0,1.38,2.88,1.5,1.0,1.12,1.0,1.0,2.5,2.12,2.38,2.5,1.0,1.0,1.0,2.12,2.88,2.88,1.38,2.62,2.12,1.0,3.25,1.0,2.75,3.75,3.75,2.5,2.62,1.0,3.0,1.0,1.0,1.0,3.0,1.0,1.0,3.62,3.62,2.0,1.0,1.0,1.0,2.25,1.38,2.0,2.12,1.25,3.62,3.5,2.88,3.88,3.12,2.12,2.62,3.0,3.12,1.0,3.88,3.25,3.07,3.07,1.0,1.14,1.0,2.23,3.12,3.77,1.13,3.26,2.24,1.27,4.09,1.0,1.06,2.04,1.26,1.02,3.25,3.31,1.08,1.1,1.74,1.08,1.0,2.35,1.85,1.57,2.14,1.59,1.91,1.12,1.08,3.57,3.1,4.9,3.34,3.97,4.63,1.38,2.86,3.37,3.96,1.46,1.0,1.31,1.06,1.0,1.03,1.01,1.17,1.0,2.96,1.12,1.0,3.8,3.24,4.27,2.25,4.16,4.04,4.3,1.5,1.0,4.83,1.09,3.52,1.17,1.0,1.09,2.79,1.77,1.29,1.0,1.0,1.01,2.66,4.64,1.76,2.12,1.69,4.62,3.9,1.0,1.0,2.61,3.5,3.75,Bill and Account Collectors,0.95
433021,1.88,2.12,3.12,1.75,3.12,1.0,1.0,1.62,1.0,1.0,2.12,1.88,2.88,2.12,1.0,1.0,1.0,1.62,3.0,3.5,1.88,2.88,2.5,1.0,3.62,1.0,3.12,3.38,3.5,2.0,2.62,1.0,3.25,1.0,1.0,1.12,2.75,1.12,1.0,3.25,3.38,2.38,1.0,1.0,1.0,2.12,2.25,1.75,1.88,2.38,3.62,3.38,2.75,3.12,3.12,2.38,3.25,3.12,3.62,1.12,3.12,3.0,3.41,4.41,1.77,1.17,1.2,2.1,3.42,4.24,1.59,3.53,2.44,1.7,3.72,1.11,1.33,1.38,1.42,1.08,2.46,3.49,1.26,2.33,2.79,1.41,1.25,2.28,2.48,2.49,2.33,1.52,2.28,1.54,1.83,2.26,1.93,4.32,2.58,3.33,2.96,1.26,2.19,4.18,4.73,2.5,1.06,1.59,2.08,1.02,1.0,1.0,1.05,1.05,3.25,1.21,1.0,4.0,4.09,3.61,1.81,3.37,4.29,4.34,1.88,1.0,4.1,1.0,2.02,1.27,1.05,1.65,2.59,1.07,1.51,1.05,1.31,1.28,3.45,4.63,2.07,3.09,1.82,4.72,3.93,1.21,1.0,2.3,4.03,3.71,Billing and Posting Clerks,0.96
433031,2.0,1.88,3.12,2.0,3.0,1.0,1.0,1.38,1.0,1.0,2.62,2.5,2.75,2.12,1.0,1.0,1.0,1.75,3.12,3.12,2.0,3.88,2.38,1.0,3.88,1.0,3.5,4.0,3.5,1.88,2.88,1.0,3.5,1.0,1.0,1.0,3.0,1.0,1.0,3.0,3.12,2.25,1.0,1.0,1.0,2.0,1.75,1.75,2.0,1.62,3.88,3.62,2.75,3.25,3.25,2.0,3.38,3.0,3.25,1.12,3.12,3.12,2.87,3.89,1.0,1.1,1.11,1.74,3.17,4.18,1.1,3.35,2.66,1.1,3.36,1.0,1.19,1.14,1.57,1.0,2.05,3.82,1.48,1.19,2.15,1.14,1.12,1.68,1.78,1.71,1.85,1.39,2.01,1.22,1.26,2.99,2.44,4.48,3.38,3.61,2.68,1.09,2.36,3.8,4.92,1.5,1.45,1.17,1.44,1.0,1.01,1.02,1.02,1.0,3.21,1.54,1.0,4.55,3.75,3.92,2.05,3.68,4.68,4.65,1.53,1.0,4.81,1.34,2.76,1.4,1.11,1.28,2.77,1.89,1.51,1.0,1.02,1.21,4.14,4.46,2.07,2.96,1.98,4.79,3.87,1.11,1.0,2.97,3.92,3.79,"Bookkeeping, Accounting, and Auditing Clerk",0.98
433041,2.12,2.38,2.88,2.0,3.25,1.38,1.0,2.0,1.38,2.25,2.12,2.25,2.5,2.12,1.0,2.0,1.62,1.62,3.0,3.25,2.12,3.62,2.62,2.0,3.88,1.0,3.62,3.88,3.88,2.12,2.88,1.0,3.62,1.25,1.12,1.12,3.12,1.0,1.12,3.75,3.25,2.0,1.25,2.12,2.0,2.38,2.88,2.0,2.0,1.5,3.12,3.0,2.38,3.25,3.0,2.38,3.25,3.0,3.0,1.0,3.5,3.0,3.08,3.05,1.0,1.03,1.0,2.0,2.61,4.73,1.15,2.82,1.87,1.2,3.19,1.11,1.0,1.36,1.16,1.14,2.0,3.76,1.57,1.04,2.05,1.14,1.02,1.21,1.75,2.26,2.19,1.57,1.31,1.13,1.15,3.22,3.98,4.96,3.63,4.6,4.07,1.63,2.36,3.0,2.4,2.78,1.34,1.6,2.0,1.0,1.0,1.0,1.11,1.0,3.73,1.51,1.0,3.88,3.26,3.98,3.01,3.86,4.97,4.84,1.0,1.0,4.93,1.25,2.94,1.29,1.02,2.34,4.06,1.95,2.55,1.04,1.56,1.67,4.11,2.33,4.05,4.23,2.72,3.34,4.07,1.14,1.0,3.05,4.28,2.97,Gaming Cage Workers,0.39
433051,1.88,2.0,2.88,1.5,3.12,1.0,1.0,1.38,1.0,1.0,2.12,2.0,2.75,2.12,1.0,1.0,1.0,2.0,3.12,3.38,2.0,3.5,2.12,1.0,3.75,1.0,3.38,3.88,3.62,2.12,2.88,1.0,3.25,1.0,1.0,1.0,3.0,1.0,1.0,3.0,3.0,2.0,1.0,1.0,1.0,2.0,2.0,2.0,2.0,1.75,3.88,3.75,2.75,3.75,3.12,2.25,3.25,3.0,3.88,1.0,3.12,3.12,3.83,4.49,1.01,1.0,1.0,2.59,3.15,3.21,1.06,4.07,2.2,1.08,4.19,1.0,1.0,1.46,1.25,1.38,1.93,4.21,1.02,1.08,3.9,1.36,1.0,1.39,1.77,1.79,1.38,1.51,1.44,1.25,1.06,2.35,2.25,3.82,2.36,2.29,2.73,1.32,2.79,3.64,4.65,1.41,1.1,1.23,1.12,1.0,1.0,1.02,1.03,1.0,2.33,1.03,1.0,4.83,3.49,3.86,1.81,3.88,4.91,4.57,1.28,1.0,4.43,1.14,2.42,1.12,1.06,1.32,2.7,1.88,1.39,1.04,1.17,1.15,3.0,4.79,1.99,2.98,1.63,4.69,4.25,1.23,1.0,2.23,4.5,4.0,Payroll and Timekeeping Clerks,0.97
433061,1.62,2.0,3.0,1.0,3.5,1.0,1.0,1.5,1.25,1.5,2.12,1.62,2.25,2.88,1.0,1.0,1.0,1.88,3.5,3.75,1.62,3.12,2.0,1.5,3.88,1.0,2.5,4.0,4.0,2.38,2.75,1.0,3.5,1.0,1.0,1.0,2.88,1.0,1.0,3.62,3.38,2.12,1.0,1.0,1.5,2.5,1.75,2.0,2.0,1.5,3.88,3.75,3.25,3.88,3.75,2.38,3.0,3.62,4.0,1.0,4.0,3.62,3.44,3.78,1.6,1.75,2.16,2.55,3.18,3.76,1.65,3.47,2.72,2.32,3.95,1.4,1.38,1.44,2.17,1.37,2.46,3.43,2.18,1.56,2.39,1.79,1.49,2.72,1.72,2.99,2.14,1.66,2.62,1.66,3.13,2.55,2.08,4.58,3.13,3.4,2.37,1.0,1.99,4.36,5.0,2.46,1.4,1.12,1.38,1.02,1.01,1.01,1.06,1.05,2.79,2.25,1.0,4.29,4.35,4.46,2.47,3.98,4.85,4.57,1.48,1.15,3.8,2.13,1.76,1.33,1.29,1.18,3.01,1.22,1.38,1.14,1.39,1.36,2.62,4.23,2.07,1.75,2.03,4.94,3.42,1.7,1.01,2.61,4.26,3.14,Procurement Clerks,0.98
433071,2.75,2.12,3.0,2.38,3.12,1.62,1.0,1.62,1.25,1.62,2.75,2.75,2.88,2.88,1.0,1.75,1.25,2.0,3.0,3.62,2.12,3.12,2.12,2.0,3.5,1.0,3.88,4.0,3.88,2.25,3.0,1.0,3.62,1.88,1.88,1.5,3.25,1.0,1.0,3.75,3.88,2.5,1.5,1.62,2.0,2.88,2.25,2.25,2.12,2.0,3.25,3.25,2.88,3.5,3.12,2.25,3.0,3.12,3.12,1.0,3.25,3.0,2.91,2.85,1.05,1.05,1.17,1.95,2.63,3.88,1.09,3.11,2.35,1.48,3.63,1.11,1.08,1.59,1.33,1.11,2.45,3.47,1.16,1.24,2.02,1.14,1.14,1.78,1.88,3.0,2.85,1.36,1.78,1.47,1.61,3.36,3.2,4.96,3.8,4.06,3.91,2.29,2.45,3.77,4.83,1.75,1.55,2.35,1.74,1.22,1.11,1.38,1.2,1.18,2.38,1.08,1.07,4.88,3.67,4.33,3.56,4.15,4.8,4.72,1.25,1.1,4.69,1.16,3.31,1.22,1.19,1.86,4.02,2.42,2.2,1.02,1.54,1.5,4.57,3.13,3.55,4.11,2.26,4.88,3.53,1.05,1.06,3.2,4.53,3.42,Tellers,0.98
434011,2.0,2.12,2.88,2.0,3.25,1.62,1.0,1.0,1.0,1.0,2.62,2.88,2.88,2.62,1.0,1.0,1.0,2.0,3.12,3.5,2.0,3.12,2.5,1.0,3.75,1.0,3.12,4.0,3.88,2.62,2.75,1.0,3.38,1.0,1.0,1.0,3.12,1.0,1.0,3.62,3.62,2.62,1.0,1.0,1.0,2.75,1.12,2.0,2.12,1.25,3.75,3.62,3.0,3.88,3.38,2.62,3.0,3.12,3.75,1.0,3.88,3.12,1.98,3.07,1.0,1.0,1.0,2.41,3.32,3.82,1.31,3.2,2.23,1.52,4.09,1.0,1.0,2.18,1.38,1.37,2.66,3.52,1.07,1.06,2.07,1.14,1.11,1.53,1.92,2.08,2.83,1.37,2.16,1.3,1.56,3.21,3.16,4.84,3.12,4.44,2.82,1.11,3.28,4.11,5.0,1.74,1.28,1.03,1.31,1.0,1.0,1.0,1.0,1.11,3.43,1.15,1.0,4.67,3.88,3.89,1.41,3.87,4.73,4.51,1.0,1.0,4.54,1.0,2.81,1.0,1.0,1.71,3.71,1.32,1.31,1.0,1.11,1.08,3.44,4.11,2.36,3.21,1.73,5.0,4.61,1.0,1.0,2.69,4.35,2.76,Brokerage Clerks,0.98
434021,1.12,1.88,3.0,1.0,3.25,1.25,1.0,1.12,1.0,1.0,2.5,1.75,2.75,3.0,1.0,1.0,1.0,1.62,3.12,3.25,1.12,2.62,2.12,1.0,3.62,1.0,2.75,3.75,3.62,2.88,2.5,1.0,3.38,1.0,1.0,1.0,3.0,1.0,1.0,3.38,3.12,2.62,1.0,1.0,1.0,2.25,1.75,1.75,2.0,2.0,4.0,4.12,2.75,3.75,3.38,2.62,2.75,2.88,3.75,1.25,3.5,4.0,2.92,4.43,1.1,1.15,1.22,2.56,3.37,3.77,1.34,3.63,2.39,1.26,3.95,1.0,1.14,1.68,1.33,1.15,2.76,3.47,1.38,1.05,2.39,1.19,1.22,2.39,1.64,2.81,1.8,1.2,2.2,1.23,1.95,3.17,2.39,4.79,3.32,3.82,3.04,1.17,3.04,4.59,5.0,1.24,1.1,1.21,1.1,1.0,1.0,1.0,1.0,1.05,3.29,1.0,1.0,4.76,4.16,3.94,2.61,4.0,4.52,4.6,1.19,1.0,4.3,1.0,2.41,1.05,1.0,1.84,2.96,1.49,1.67,1.0,1.36,1.21,3.62,4.63,1.97,2.45,1.98,4.74,3.83,1.19,1.0,3.15,4.38,4.04,Correspondence Clerks,0.86
434031,2.12,2.0,3.12,1.88,3.38,1.0,1.0,1.75,1.0,1.0,2.5,2.12,2.88,2.5,1.0,1.0,1.0,1.88,3.25,3.38,2.12,2.5,2.5,1.0,3.62,1.0,2.5,3.88,3.75,2.25,2.38,1.0,3.38,1.0,1.12,1.25,2.88,1.0,1.0,3.38,3.5,2.38,1.0,1.0,1.0,2.5,2.25,1.88,1.88,2.75,3.5,3.38,2.62,3.62,3.25,2.5,2.38,3.0,3.38,1.12,3.62,3.38,3.46,4.3,1.1,1.15,1.08,2.32,3.4,4.47,1.22,2.68,2.63,1.54,4.05,1.06,1.04,1.67,1.48,1.41,4.1,2.89,1.2,1.24,2.83,1.29,1.08,1.92,2.07,2.73,1.35,1.71,2.37,1.54,1.74,3.2,2.62,4.79,3.44,4.41,3.88,2.02,2.57,4.21,4.65,1.66,1.59,1.29,1.46,1.03,1.01,1.0,1.17,1.01,2.49,1.31,1.01,4.74,3.88,3.63,2.65,3.49,4.36,4.24,1.26,1.02,4.21,1.2,2.05,1.19,1.13,1.43,3.27,2.34,2.04,1.08,1.28,1.41,3.53,4.24,2.26,3.04,1.81,4.85,4.08,1.12,1.0,2.62,4.2,4.24,"Court, Municipal, License Clerks",0.46
434041,1.12,2.12,2.75,1.0,3.25,1.5,1.0,1.75,1.0,1.0,2.12,1.12,2.75,2.25,1.75,1.0,1.0,1.62,3.25,3.0,1.25,2.62,2.12,1.0,3.5,1.0,2.62,3.62,3.5,2.12,2.38,1.0,3.5,1.0,1.0,1.0,2.62,1.0,1.12,3.25,3.25,2.5,1.0,1.0,1.0,2.25,2.12,1.62,1.88,2.12,3.5,3.12,2.62,3.62,3.25,2.5,2.5,3.0,3.62,1.12,3.62,3.12,3.13,3.34,1.0,1.48,1.01,2.21,3.19,4.06,1.27,3.33,2.36,1.47,3.67,1.0,1.3,1.13,1.73,1.1,3.37,3.61,1.54,1.04,2.3,1.08,1.08,1.81,2.37,1.81,2.7,1.29,2.12,1.21,2.35,4.13,3.16,4.88,3.77,4.66,3.84,1.4,2.97,4.53,4.82,1.71,1.58,1.01,2.94,1.0,1.17,1.0,1.26,1.0,3.15,1.8,1.07,4.7,4.38,4.51,2.58,4.52,4.7,4.33,1.42,1.0,4.12,2.04,3.24,1.15,1.14,1.33,3.48,1.63,1.59,1.0,1.06,1.28,3.88,4.67,1.86,2.34,1.88,5.0,4.67,1.02,1.0,3.73,4.63,4.5,"Credit Authorizers, Checkers, and Clerks, label 1",0.97
434051,2.0,2.25,2.75,1.88,3.25,1.25,1.0,1.38,1.25,1.38,2.25,2.38,2.75,2.75,1.0,1.25,1.12,2.0,3.12,3.12,2.0,2.75,2.5,1.25,3.62,1.0,2.38,4.12,4.12,2.75,2.38,1.0,3.88,1.0,1.0,1.0,2.88,1.0,1.0,4.0,4.0,2.38,1.0,1.25,1.38,2.25,1.38,2.0,2.12,1.5,3.38,3.62,2.88,4.0,3.25,2.62,2.25,3.0,3.38,1.0,3.88,3.0,3.51,3.29,1.25,1.31,1.3,2.13,3.28,4.7,1.29,2.91,2.55,1.6,3.92,1.07,1.14,1.45,1.63,1.08,1.99,3.34,1.34,1.69,2.46,1.44,1.29,2.01,2.22,2.82,3.45,1.75,2.39,1.58,2.13,3.32,2.16,4.85,3.6,4.79,4.21,1.71,2.26,3.37,4.33,1.44,1.08,1.68,1.11,1.25,1.16,1.43,1.26,1.0,2.65,1.21,1.02,3.61,3.05,3.89,2.36,3.86,4.53,4.45,1.15,1.12,4.83,1.2,2.91,1.29,1.12,1.4,3.24,1.65,2.12,1.08,1.13,1.52,4.2,4.0,3.23,3.99,1.94,5.0,4.55,1.48,1.06,2.91,4.03,2.57,Customer Service Representatives,0.55
434061,1.88,1.88,3.12,1.88,3.62,1.0,1.0,1.12,1.0,1.0,2.25,1.88,2.62,2.75,1.0,1.0,1.0,1.75,3.62,3.38,1.88,2.62,2.12,1.0,3.25,1.0,2.25,4.0,4.25,2.5,2.25,1.0,3.38,1.0,1.0,1.0,2.88,1.0,1.0,3.88,3.75,2.12,1.0,1.0,1.0,2.25,1.75,1.75,2.12,1.62,3.88,3.88,3.12,4.0,3.5,2.5,2.25,3.12,3.88,1.25,4.25,3.75,3.84,3.77,1.04,1.17,1.1,2.77,3.35,4.91,1.18,2.49,3.44,1.58,4.36,1.07,1.32,2.15,1.35,1.15,3.1,3.34,1.12,1.2,3.53,1.55,1.09,2.39,2.46,3.01,1.69,2.48,2.15,2.1,2.13,2.38,2.67,4.42,3.01,4.28,2.96,1.63,1.96,3.65,5.0,1.35,1.0,1.17,1.08,1.05,1.0,1.0,1.0,1.0,2.41,1.15,1.0,3.95,3.63,4.37,2.71,3.77,4.64,4.36,1.61,1.0,3.96,1.26,2.26,1.38,1.16,1.16,2.6,1.83,1.53,1.0,1.09,1.18,3.54,4.68,1.88,3.02,1.63,4.75,4.28,1.36,1.38,2.76,4.25,4.08,"Eligibility Interviewers, Government Programs",0.7
434071,2.62,1.75,4.0,2.0,3.12,1.38,1.12,1.88,1.25,2.0,2.88,2.62,3.0,3.0,1.0,2.0,2.0,1.62,3.0,4.25,2.5,2.12,2.38,2.12,4.0,1.12,2.25,3.88,3.75,2.88,3.38,1.0,3.0,1.12,1.25,1.0,3.38,1.0,1.0,3.25,3.12,2.5,1.12,2.0,2.0,2.38,2.38,2.0,2.0,2.25,4.12,3.5,2.88,3.38,3.0,2.25,2.12,3.12,3.88,1.0,3.25,3.12,2.88,4.51,1.5,1.49,1.5,2.51,3.33,4.24,1.67,2.35,2.66,1.88,4.32,1.46,1.5,2.2,2.06,1.6,3.36,3.21,1.76,1.6,2.5,1.59,1.5,2.15,2.06,3.12,1.84,1.7,3.28,1.59,2.2,2.86,2.91,4.65,3.19,3.89,2.88,1.43,2.02,3.76,4.21,1.44,1.14,1.58,1.06,1.09,1.0,1.07,1.24,1.19,1.98,1.12,1.0,4.78,3.43,3.2,2.45,2.92,4.16,4.06,1.19,1.05,4.02,1.22,1.9,1.19,1.16,1.83,2.97,1.66,1.77,1.09,1.1,1.79,3.06,4.18,2.37,2.58,2.49,5.0,4.15,1.52,1.17,2.63,4.11,3.39,"File Clerks, label 1",0.97
434081,2.12,2.25,3.0,2.0,3.0,1.38,1.0,1.5,1.5,1.38,2.75,2.5,2.25,2.88,1.0,1.38,1.5,2.0,2.88,3.0,2.12,2.75,2.12,1.5,3.25,1.0,2.75,3.88,3.88,2.88,2.12,1.0,3.25,1.0,1.0,1.0,2.88,1.0,1.75,3.38,3.38,2.12,1.0,1.38,1.62,2.25,2.12,2.12,2.0,1.25,3.0,3.0,2.75,3.38,2.88,2.62,2.62,3.0,3.0,1.0,3.75,2.88,3.18,3.64,1.27,1.47,1.9,2.46,3.35,4.35,1.41,2.82,2.53,2.02,4.19,1.24,1.88,2.03,1.89,1.37,2.31,3.05,2.03,1.72,2.55,1.61,1.6,2.06,2.16,3.67,2.87,1.79,2.59,1.69,2.15,3.81,2.3,4.95,3.97,4.72,4.27,1.84,2.64,3.98,4.67,1.56,1.15,1.1,1.22,1.0,1.15,1.15,1.17,1.17,2.56,1.31,1.16,4.84,4.2,4.31,3.29,3.95,4.14,3.88,1.42,1.2,4.37,1.16,2.63,1.42,1.25,1.45,3.54,2.43,2.15,1.05,1.69,1.34,3.79,2.26,3.95,3.28,2.3,4.84,3.2,1.38,1.0,3.77,4.8,3.73,"Hotel, Motel, and Resort Desk Clerks",0.94
434111,2.0,2.12,3.12,2.0,3.25,1.12,1.0,1.12,1.0,1.0,2.25,2.0,2.25,2.38,1.5,1.0,1.0,2.0,3.25,3.38,2.0,2.25,2.25,1.12,3.38,1.0,2.25,3.88,4.0,2.5,2.0,1.0,3.25,1.0,1.0,1.12,3.25,1.0,1.0,3.88,3.88,2.12,1.0,1.0,1.0,2.25,1.62,2.0,2.12,1.38,3.5,3.38,2.88,4.0,3.25,2.88,2.25,3.0,3.5,1.0,3.88,3.25,3.08,3.69,1.0,1.0,1.15,2.69,3.47,4.48,1.16,2.42,2.45,1.17,3.72,1.33,1.0,1.87,1.37,1.0,2.47,3.26,1.09,1.86,2.54,1.6,1.0,1.43,2.21,2.5,1.59,1.92,2.29,2.54,1.5,3.8,2.34,5.0,3.85,4.36,3.97,1.98,2.63,3.76,4.92,2.74,2.5,3.48,2.5,1.41,1.03,1.0,1.28,1.01,4.14,1.27,1.13,4.78,3.76,4.13,3.53,4.14,4.67,4.63,1.42,1.0,4.23,1.33,3.08,1.28,1.28,1.93,4.16,2.14,1.87,1.0,1.24,1.75,3.91,4.59,1.81,2.92,2.0,4.73,4.2,1.16,1.09,3.55,4.92,3.36,"Interviewers, Except Eligibility and Loan",0.94
434121,2.25,2.12,3.0,2.0,2.88,1.38,1.0,2.0,1.12,2.12,2.62,2.5,2.75,2.12,1.0,2.0,2.0,2.0,2.88,3.38,2.0,2.0,2.5,2.0,3.25,1.12,2.0,3.38,3.62,2.12,3.0,1.12,3.12,1.0,1.0,1.0,3.0,1.0,1.88,3.12,3.12,2.12,1.0,2.0,2.12,2.88,2.62,2.0,2.38,1.62,3.62,3.0,2.25,3.25,3.0,2.5,2.12,2.88,3.25,1.0,3.0,3.0,2.34,3.7,1.06,1.09,1.31,2.32,2.97,3.74,1.37,1.63,3.03,1.25,3.57,1.48,1.0,1.81,2.16,2.37,1.74,2.31,1.32,1.68,1.68,2.05,1.16,1.73,2.99,2.92,2.19,2.36,2.07,1.65,1.47,3.12,1.55,4.54,3.28,3.84,3.15,1.37,2.26,4.0,4.77,1.86,1.23,2.35,2.0,1.01,1.0,1.13,1.63,1.0,3.05,1.31,1.0,4.82,3.9,3.9,2.65,3.49,4.17,3.7,1.1,1.01,4.44,1.67,2.44,1.45,1.3,1.49,3.9,2.78,2.76,1.35,1.33,2.16,3.52,3.12,2.78,3.51,2.5,4.58,3.38,1.43,1.1,2.68,4.35,3.38,"Library Assistants, Clerical",0.95
434131,1.38,2.0,3.0,1.5,3.62,1.38,1.0,1.25,1.0,1.0,2.75,2.62,2.88,3.0,1.0,1.0,1.0,2.12,3.62,3.75,1.38,3.12,2.12,1.0,3.75,1.0,3.0,4.12,4.0,2.62,2.75,1.0,3.75,1.0,1.0,1.0,3.12,1.0,1.0,4.0,4.0,2.75,1.0,1.0,1.0,2.88,1.62,2.12,2.62,1.38,4.12,3.62,3.38,4.12,3.75,2.62,3.12,3.0,3.88,1.12,4.0,3.62,2.88,3.71,1.0,1.27,1.0,2.19,3.42,4.39,1.26,2.75,2.85,1.53,4.2,1.0,1.0,1.26,1.8,1.0,3.41,3.37,1.08,1.0,2.17,1.07,1.0,2.26,1.43,1.72,2.8,1.06,2.18,1.0,1.14,3.63,2.43,4.97,3.74,4.73,3.72,1.27,2.96,4.46,4.32,1.85,1.12,1.66,1.08,1.0,1.03,1.0,1.01,1.02,2.73,1.01,1.0,4.64,4.42,4.62,2.25,4.07,4.7,4.31,1.91,1.0,4.91,1.25,3.99,1.05,1.04,1.51,2.78,2.16,1.52,1.0,1.0,1.24,3.15,4.69,2.0,2.85,1.82,5.0,4.53,1.0,1.0,3.6,4.11,4.53,Loan Interviewers and Clerks,0.92
434141,1.88,2.12,2.88,1.88,3.25,1.0,1.0,1.38,1.25,1.0,2.25,2.38,2.5,2.62,1.0,1.25,1.12,1.75,3.12,3.12,1.88,3.0,2.62,1.0,3.75,1.0,2.88,4.0,4.0,2.12,2.75,1.0,3.12,1.0,1.0,1.0,2.75,1.0,1.0,3.62,3.62,2.5,1.0,1.25,1.0,2.5,1.88,1.62,2.0,1.5,3.75,3.0,2.75,4.0,3.12,2.5,2.88,3.12,3.5,1.0,4.0,3.0,2.96,4.12,1.0,1.0,1.03,2.11,3.53,4.78,1.06,3.34,3.1,1.31,3.96,1.0,1.0,1.92,1.13,1.02,2.86,3.47,1.18,1.0,2.02,1.26,1.06,2.06,2.13,3.14,4.4,1.54,1.83,1.2,1.03,3.08,3.07,4.89,3.83,4.47,3.25,1.31,3.05,3.46,4.87,1.75,1.34,1.1,1.63,1.0,1.0,1.0,1.0,1.0,2.54,1.0,1.0,4.69,3.32,3.96,2.41,3.85,4.67,4.43,1.0,1.0,4.16,1.14,3.02,1.46,1.16,1.1,3.86,1.8,2.46,1.0,1.08,1.49,3.58,3.42,2.97,3.32,2.62,4.9,3.97,1.0,1.0,2.68,4.1,3.48,New Accounts Clerks,0.99
434151,1.88,2.38,3.12,1.62,3.12,1.5,1.0,1.62,1.0,1.38,2.62,1.88,3.0,2.5,1.0,1.0,1.12,1.75,3.12,3.25,1.75,2.62,2.25,1.25,4.0,1.0,2.88,4.0,4.0,2.25,3.12,1.0,3.5,1.12,1.38,1.12,3.0,1.0,1.0,3.88,4.0,2.88,1.0,1.12,1.0,2.75,2.0,2.5,2.12,2.0,3.75,3.38,3.0,4.0,3.12,2.38,3.0,3.12,3.5,1.0,3.88,3.12,3.18,3.74,1.02,1.49,1.26,2.35,4.05,4.36,1.83,2.66,3.92,3.1,3.81,1.03,1.7,1.5,1.4,1.01,2.21,3.67,2.18,1.02,3.22,1.01,1.55,4.16,1.76,3.31,3.61,1.49,1.65,1.03,3.42,2.81,1.61,4.32,3.67,4.01,2.96,1.21,2.48,4.39,4.78,2.27,1.42,1.0,1.88,1.63,1.25,1.47,1.02,1.0,3.46,1.49,1.0,4.6,3.81,3.52,2.61,3.34,4.11,3.47,1.93,1.04,4.98,1.56,2.54,1.65,1.0,1.61,3.48,1.32,2.05,1.02,1.17,1.13,3.14,4.19,2.45,1.64,2.33,4.53,4.16,2.32,1.45,3.39,4.01,3.1,Order Clerks,0.98
434161,1.0,1.88,3.12,1.0,3.25,1.25,1.0,1.38,1.0,1.0,2.75,1.75,2.75,2.88,1.0,1.0,1.0,1.75,3.0,3.25,1.0,2.0,2.12,1.0,3.62,1.0,2.0,4.0,4.0,2.5,2.5,1.0,3.38,1.0,1.0,1.0,2.62,1.0,1.0,3.75,3.5,2.25,1.0,1.0,1.0,2.62,1.62,1.75,2.0,1.38,3.88,3.75,3.0,4.0,3.38,2.5,2.0,3.38,4.0,1.12,3.75,3.5,3.47,4.11,1.0,1.05,1.03,2.24,2.87,3.74,1.14,2.2,2.65,1.09,3.44,1.01,1.03,1.37,1.22,1.04,2.21,2.44,1.01,1.04,4.41,1.3,1.0,1.33,1.56,2.34,1.36,1.48,1.89,1.62,1.36,3.76,2.27,4.91,3.89,3.99,3.5,1.94,2.55,4.22,5.0,1.84,1.28,1.54,1.45,1.05,1.05,1.03,1.29,1.0,2.29,1.22,1.02,4.53,3.98,3.41,2.91,3.73,4.72,4.36,1.33,1.0,3.75,1.38,2.91,1.06,1.02,1.13,3.13,1.77,1.63,1.02,1.04,1.52,3.46,4.27,2.08,2.44,2.1,4.93,4.27,1.12,1.0,3.12,4.63,3.51,"Human Resources Assistants, Except Payroll and Timekeeping, label 1",0.9
434171,2.0,2.25,2.62,2.0,2.62,1.25,1.0,1.12,1.0,1.0,2.75,2.25,2.38,2.5,1.12,1.0,1.0,2.12,2.75,2.75,2.0,2.38,2.5,1.5,3.12,1.0,2.5,3.88,4.0,2.38,2.62,1.0,2.75,1.0,1.0,1.0,3.0,1.0,1.12,3.75,3.88,2.12,1.0,1.0,1.25,2.88,1.38,2.0,2.12,1.25,3.62,3.38,2.75,3.75,3.12,2.12,2.0,2.88,3.12,1.0,3.88,3.0,2.67,3.87,1.13,1.19,1.24,2.5,3.4,4.21,1.25,1.72,2.47,1.45,3.73,1.18,1.2,1.87,1.25,1.19,2.32,2.73,1.19,2.01,2.55,1.26,1.33,1.92,1.79,2.72,1.65,1.84,2.66,1.26,1.48,3.25,1.96,4.88,2.67,4.32,3.45,1.57,2.32,3.86,4.49,2.43,1.08,2.88,1.01,1.0,1.0,1.0,1.32,1.0,2.82,1.21,1.0,4.38,3.95,4.56,1.92,4.3,3.72,3.74,1.02,1.0,4.34,1.12,1.51,1.02,1.01,1.47,3.3,2.05,1.93,1.0,1.3,1.48,3.79,4.06,2.39,3.64,2.05,5.0,2.71,1.27,1.07,2.16,4.13,2.99,Receptionists and Information Clerks,0.96
434181,2.38,2.25,3.0,2.12,3.12,1.38,1.0,2.0,1.25,1.75,2.88,2.88,2.88,2.88,1.62,2.0,1.88,2.25,3.0,3.62,2.12,2.62,2.38,2.12,3.38,1.0,2.38,4.0,4.12,2.75,2.75,1.0,3.12,2.0,2.0,1.38,3.0,1.0,1.12,4.0,4.0,2.62,1.12,2.12,2.38,2.88,2.25,2.25,2.12,1.5,3.62,3.12,3.0,4.0,3.38,2.62,2.62,3.0,3.5,1.0,4.0,3.12,2.13,2.58,1.34,1.0,1.52,2.78,3.75,4.84,1.09,1.78,2.55,1.56,3.8,1.78,1.01,2.87,3.44,1.71,2.53,2.82,1.47,1.43,2.28,1.9,1.17,1.93,3.09,3.74,2.69,1.78,2.08,2.15,3.55,3.64,3.45,4.99,3.23,4.62,4.02,1.54,3.61,2.68,3.13,3.04,1.24,1.49,1.54,1.04,1.21,1.16,1.82,1.06,3.82,2.04,1.0,4.6,4.05,4.61,2.64,3.97,4.68,4.92,2.17,1.71,4.75,1.15,2.24,2.94,1.12,2.62,4.24,3.47,1.89,1.0,1.9,1.44,3.52,3.03,3.26,3.04,2.56,4.56,4.49,2.76,1.16,2.35,4.44,2.7,Reservation and Transportation Ticket Agents and Travel Clerks,0.61
435011,1.88,2.25,3.06,1.75,3.19,1.94,1.0,1.5,1.56,1.62,2.63,2.06,3.0,2.69,1.5,1.5,1.5,2.125,3.06,3.25,1.75,2.69,2.435,1.625,3.375,1.5,2.935,3.94,3.94,2.5,3.0,1.56,3.31,1.56,1.625,1.56,2.94,1.5,1.62,3.0,3.0,2.56,1.0,1.56,1.625,2.815,1.685,2.31,2.565,1.56,3.88,3.25,2.935,3.44,3.315,2.375,2.625,3.25,3.5,1.0,3.435,3.125,4.09,3.985,1.62,1.705,1.62,3.2350000000000003,3.245,3.945,1.635,3.155,3.2,2.2350000000000003,4.085,1.425,1.48,2.355,4.1850000000000005,1.69,3.385,3.155,2.18,1.28,3.1,1.56,1.3450000000000002,3.02,2.205,3.965,2.915,1.865,3.495,1.54,4.6850000000000005,3.35,3.01,4.585000000000001,3.235,3.935,3.545,1.5499999999999998,2.03,3.97,4.62,1.925,1.295,1.185,1.6800000000000002,1.42,1.76,1.39,1.33,1.25,2.56,2.05,1.62,4.455,3.865,3.975,2.545,3.83,4.0,3.58,1.93,1.51,4.21,1.935,3.465,1.7599999999999998,1.51,1.985,3.08,2.1,1.735,1.4449999999999998,1.335,1.625,2.59,4.355,1.94,2.795,1.73,4.775,4.455,2.13,1.69,3.5,4.01,3.42,Cargo and Freight Agent,0.99
435021,3.0,2.5,3.12,3.0,3.0,3.0,1.62,2.38,1.75,2.75,3.25,3.12,2.25,2.12,2.5,2.62,2.0,2.12,3.0,3.12,3.12,2.12,2.12,3.25,3.25,2.0,2.0,3.62,3.62,2.25,3.0,2.12,3.12,2.75,2.75,3.0,2.88,1.88,2.75,3.12,3.25,2.0,2.25,2.75,2.88,2.88,2.88,2.25,2.38,1.88,3.25,3.12,2.62,3.25,3.0,2.12,2.5,2.75,3.0,1.12,3.25,3.0,1.86,2.28,1.09,1.11,1.6,1.6,1.86,3.81,1.14,1.43,1.6,1.0,3.49,1.0,1.27,1.01,2.23,1.0,2.11,1.86,1.46,1.95,1.48,1.09,1.22,1.64,1.36,2.4,1.59,1.0,1.75,1.09,3.8,2.98,2.73,4.69,3.01,3.37,3.42,2.35,2.37,4.15,4.42,3.81,1.85,3.92,3.01,2.0,1.4,1.2,2.69,1.82,2.86,2.76,1.18,4.72,4.79,3.44,3.52,3.33,4.14,3.48,4.07,2.21,3.93,2.49,2.98,3.65,1.63,1.44,2.81,1.62,2.07,1.21,1.38,1.85,3.7,4.23,2.43,3.64,2.68,4.96,4.71,3.47,1.0,3.44,4.11,3.14,"Couriers and Messengers, label 1",0.94
435031,2.12,3.12,3.0,2.12,3.75,2.0,1.0,1.38,1.38,1.88,2.62,2.5,3.0,3.0,1.12,1.5,1.5,2.75,3.5,3.75,2.25,2.0,2.88,2.0,3.25,1.0,2.0,4.25,4.38,2.75,3.0,1.0,4.0,1.38,2.5,2.12,3.88,1.0,1.25,4.12,3.88,3.0,1.38,1.5,1.62,3.25,2.12,2.25,2.25,2.0,3.75,3.25,3.12,4.38,3.75,2.75,2.0,3.12,3.62,1.38,4.12,3.0,3.12,3.85,1.2,1.27,1.61,4.17,4.03,4.4,1.5,1.81,3.52,1.46,4.48,1.0,1.01,2.01,4.25,1.46,4.55,1.86,1.71,2.44,3.26,2.19,1.31,2.61,3.37,4.93,1.42,2.65,4.45,3.21,2.38,4.68,3.81,4.99,3.95,4.99,4.71,3.33,2.13,3.8,4.71,2.7,1.04,1.38,2.26,1.03,1.01,1.01,1.02,1.02,3.59,1.04,1.0,4.17,4.33,4.78,3.72,4.73,4.82,4.87,1.06,1.02,5.0,1.16,2.41,1.03,1.03,1.79,2.78,1.18,1.14,1.01,1.01,1.02,4.38,4.99,1.74,4.61,1.41,5.0,4.22,1.02,1.0,3.66,4.82,3.5,"Police, Fire, and Ambulance Dispatchers",0.49
435032,1.75,2.5,3.0,2.0,3.75,1.62,1.0,1.12,1.0,1.0,2.88,2.62,2.75,2.88,1.0,1.0,1.0,2.25,3.0,3.12,2.0,2.25,2.62,1.0,3.75,1.0,2.25,4.0,4.0,2.75,2.88,1.0,3.62,1.0,1.0,1.12,3.25,1.0,1.12,4.0,4.0,2.88,1.0,1.0,1.0,2.88,1.62,1.75,2.25,1.5,3.62,3.62,3.0,4.0,3.12,2.75,2.12,3.88,3.75,1.12,4.0,3.12,3.86,3.74,1.13,1.31,1.35,2.1,3.07,4.34,1.6,2.01,2.77,1.64,3.53,1.0,1.0,1.81,2.18,1.15,2.19,2.41,1.74,1.07,3.25,1.43,1.48,1.97,2.52,4.02,1.91,2.04,2.06,1.23,3.46,3.86,2.3,4.92,4.79,3.86,4.44,1.91,2.43,4.29,4.61,2.21,1.46,1.11,1.5,1.34,1.37,1.28,1.34,1.01,2.62,1.76,1.27,4.97,4.51,4.85,4.25,4.7,4.58,4.5,3.25,1.34,3.72,2.03,3.01,2.12,1.39,2.0,3.48,1.7,1.73,1.17,1.32,1.4,3.83,4.18,2.29,3.38,2.14,5.0,4.48,1.71,1.31,4.69,4.69,3.93,"Dispatchers, Except Police, Fire, and Ambulance",0.96
435041,3.0,2.25,2.88,3.0,2.75,2.75,1.0,2.12,1.75,3.0,3.0,2.75,2.5,2.12,2.38,2.88,2.38,2.12,2.88,3.12,2.88,2.62,2.12,3.0,3.5,2.0,2.62,3.25,3.25,2.25,3.12,2.0,3.0,2.5,2.38,2.5,2.88,2.0,2.25,3.0,3.0,2.25,2.5,2.75,2.88,2.25,3.12,2.75,2.25,2.25,3.0,2.75,2.75,3.0,3.0,2.38,2.38,2.88,3.0,1.12,3.0,2.62,2.58,2.51,1.75,2.34,2.02,1.84,2.85,3.71,2.11,1.68,2.2,2.11,3.35,1.05,1.31,1.74,1.71,1.01,2.19,3.07,2.92,1.39,1.95,1.18,2.19,1.95,1.47,3.47,1.42,1.1,2.09,1.19,2.34,3.26,3.0,3.76,3.4,4.06,3.92,2.44,2.63,3.57,2.18,4.18,3.52,2.08,4.0,2.7,3.54,1.88,3.49,1.65,3.77,4.64,2.2,3.58,3.82,3.83,3.63,3.61,4.33,3.9,4.39,2.24,1.62,3.03,2.42,5.0,1.37,3.12,2.46,1.39,3.82,1.73,2.83,3.42,4.09,2.42,3.79,4.57,3.64,3.77,3.97,3.86,1.28,3.42,3.91,2.4,"Meter Readers, Utilities",0.85
435051,3.0,2.5,3.12,2.25,3.12,2.0,1.0,2.12,1.62,2.75,2.88,3.0,2.62,2.0,1.25,2.12,1.88,2.12,3.0,3.12,3.12,3.0,2.25,2.5,3.5,1.0,3.0,4.0,3.88,2.0,3.0,1.0,3.0,1.62,1.62,1.25,3.0,1.0,1.12,3.38,3.38,2.75,1.88,2.5,2.75,2.75,3.12,2.12,2.12,1.88,3.38,2.88,2.62,3.38,3.0,2.12,2.75,3.0,3.12,1.0,3.25,2.88,2.94,3.02,1.12,1.34,1.44,2.16,3.0,3.96,1.6,2.33,2.66,1.84,3.4,1.11,1.17,1.44,1.75,1.18,2.03,3.35,2.2,1.43,2.39,1.53,1.51,2.82,2.37,2.92,3.03,1.86,2.12,1.55,3.0,3.45,2.28,4.61,2.98,4.43,3.96,2.1,2.57,2.91,2.69,3.19,2.71,1.69,2.16,1.56,1.79,1.21,2.07,1.13,3.8,1.69,1.29,3.73,3.13,3.48,2.96,3.58,4.28,3.96,1.63,1.36,4.44,2.07,2.17,1.8,1.75,1.77,4.28,1.92,3.34,1.08,1.49,2.04,3.97,1.84,4.34,3.86,2.83,3.89,3.67,2.05,1.01,3.0,4.06,2.55,Postal Service Clerks,0.95
435052,3.0,2.38,3.0,2.88,2.75,2.38,1.5,2.12,1.75,2.88,2.75,2.88,2.75,2.0,2.0,2.25,2.0,2.0,2.75,3.12,2.88,1.62,2.12,2.88,3.12,2.0,1.75,3.0,2.88,2.0,2.75,2.0,3.0,2.12,2.0,2.12,2.88,2.0,2.25,3.0,3.0,2.0,1.75,2.75,2.88,2.5,3.0,2.0,2.0,2.0,3.0,2.25,2.0,3.0,3.0,1.75,1.62,2.62,2.62,1.0,3.0,2.12,2.86,2.47,1.03,1.16,1.45,2.0,2.06,4.25,1.4,1.57,2.65,1.28,3.25,1.01,1.04,1.6,2.27,1.13,2.14,2.35,1.61,1.24,2.18,1.22,1.21,2.73,2.13,3.21,3.15,1.5,1.81,1.37,2.96,2.73,2.93,3.78,1.96,4.05,3.01,1.44,2.42,2.67,1.22,3.18,1.78,1.33,2.75,1.33,1.83,1.01,3.16,1.04,3.07,4.06,1.0,4.24,3.38,3.93,2.69,3.73,4.5,4.26,4.77,2.15,4.1,2.99,2.24,4.91,2.31,1.13,3.29,1.5,3.36,1.01,1.85,1.71,4.64,2.71,3.48,4.18,3.12,2.6,4.12,2.06,1.0,1.75,2.87,2.47,Postal Service Mail Carriers,0.68
435053,2.88,2.25,3.12,2.88,3.0,2.0,1.75,2.38,1.5,2.88,2.62,3.0,2.38,2.0,1.0,2.0,1.88,2.25,2.88,3.12,3.38,2.0,2.12,3.12,3.75,1.12,2.0,3.0,3.0,1.88,3.12,1.12,3.0,2.25,2.5,2.0,2.88,1.0,1.25,3.0,3.0,2.12,1.88,2.38,3.12,2.0,3.0,2.0,2.0,2.38,3.12,2.5,2.12,2.88,3.0,2.12,2.0,3.12,3.0,1.0,3.0,2.25,2.17,2.25,1.11,1.09,1.11,1.68,1.93,2.4,1.08,1.59,1.78,1.27,3.04,1.0,1.13,1.12,1.45,1.09,1.56,1.74,1.36,1.17,1.71,1.23,1.1,2.46,1.45,2.07,1.18,1.43,1.65,1.31,2.07,2.95,2.33,3.8,3.02,1.41,3.43,1.47,3.73,3.1,1.74,4.11,2.45,1.19,2.16,1.21,2.51,1.05,2.6,1.02,4.4,1.77,1.0,4.25,3.24,3.36,3.11,3.09,4.04,3.66,1.14,1.07,4.99,2.02,2.57,1.37,1.26,3.93,3.5,1.29,3.66,1.08,1.78,2.49,4.54,1.85,4.31,4.51,3.75,1.93,4.69,3.6,1.01,2.55,4.04,2.09,"Postal Service Mail Sorters, Processors, and Processing Machine Operators",0.79
435061,2.0,2.12,3.12,2.0,3.5,2.0,1.0,1.75,1.0,1.5,2.88,2.25,2.75,2.75,1.0,1.38,1.38,2.12,3.0,3.88,2.0,2.62,1.75,1.5,3.62,1.0,2.75,3.88,3.75,2.5,3.0,1.0,3.75,2.0,1.75,1.5,3.25,1.0,1.12,3.0,3.38,2.38,1.5,1.5,1.5,2.62,2.0,2.12,2.5,1.88,3.62,3.5,2.75,3.5,3.38,2.38,2.62,3.12,3.62,1.12,3.62,3.12,3.51,3.56,1.05,1.14,1.1,1.47,3.26,3.76,1.7,1.99,2.13,2.06,3.63,1.0,1.0,1.22,1.18,1.0,1.32,2.84,1.98,1.02,2.15,1.05,1.1,4.31,1.43,2.31,2.01,1.08,1.44,1.02,2.57,3.07,3.19,4.29,3.56,3.46,2.91,1.4,1.91,4.41,4.52,2.31,1.12,1.04,1.61,1.29,1.69,1.05,1.08,1.42,3.52,2.12,1.08,4.92,4.59,4.23,3.07,4.03,4.46,3.48,1.44,1.61,4.25,2.33,2.42,1.9,1.27,3.39,2.75,2.18,1.63,1.16,1.04,1.27,3.19,4.15,2.19,2.83,2.17,4.76,4.55,4.23,1.19,3.34,4.72,2.98,"Production, Planning, and Expediting Clerks",0.88
435071,3.12,2.25,3.0,2.62,3.0,2.25,1.25,1.88,1.75,2.75,2.88,2.88,2.5,2.75,2.0,2.0,1.88,2.0,3.0,3.25,3.0,2.25,2.12,2.75,3.75,2.0,2.38,3.12,3.25,2.12,3.0,2.0,3.25,2.12,2.0,2.0,3.0,2.0,2.0,3.0,3.0,2.12,1.88,2.25,2.75,2.12,2.88,2.75,2.38,2.12,3.0,3.0,2.38,3.12,3.0,2.12,2.25,3.0,3.12,1.0,3.25,2.62,2.99,3.44,1.33,1.68,1.49,2.1,3.14,2.9,1.63,2.47,2.89,2.14,3.03,1.32,1.59,1.54,1.8,1.32,1.67,3.04,2.52,1.48,2.23,1.31,1.54,3.08,1.87,2.7,2.12,1.75,2.39,1.61,2.84,3.32,2.46,4.48,3.96,4.19,2.86,1.25,2.74,4.37,4.83,2.47,1.74,1.17,1.97,1.9,1.63,1.62,2.77,1.02,2.96,2.79,1.49,4.86,4.14,3.48,4.07,3.36,4.44,4.37,1.82,1.58,2.61,4.55,3.03,2.17,1.46,3.08,2.82,1.64,2.73,1.89,1.58,2.25,2.7,2.91,3.25,3.2,3.05,4.45,4.57,3.54,1.73,4.02,4.26,3.27,"Shipping, Receiving, and Traffic Clerks",0.98
435111,2.88,2.5,3.38,2.62,3.12,1.88,1.0,2.0,1.62,2.38,3.0,3.0,3.12,2.12,1.5,2.0,2.0,2.25,3.0,3.25,2.75,3.0,2.5,2.25,4.0,1.5,3.0,3.25,3.25,2.25,3.25,1.62,3.38,1.88,2.38,1.62,3.25,1.62,1.62,3.0,3.12,2.25,1.62,2.0,2.25,2.75,2.38,2.75,2.5,1.5,3.38,3.12,2.75,3.0,3.38,2.75,2.88,3.12,3.25,1.5,3.12,2.88,3.08,3.07,1.24,1.62,2.26,1.86,2.81,2.86,1.3,2.52,2.47,1.97,3.15,1.35,2.45,2.02,1.52,1.08,1.77,3.7,2.12,1.45,2.22,1.44,1.44,4.11,1.33,2.64,1.66,1.39,1.91,1.33,1.98,2.87,3.01,4.42,3.55,3.24,2.58,1.26,2.34,3.52,3.13,3.09,1.89,1.04,2.91,2.09,3.45,1.94,2.07,1.03,3.98,3.44,1.49,4.61,3.52,3.11,3.54,3.05,4.52,4.17,1.86,1.78,3.62,2.73,2.09,1.65,1.81,3.8,3.33,2.48,2.87,1.5,1.9,1.77,3.41,2.36,3.83,4.19,2.95,3.7,4.26,4.03,1.47,3.02,4.11,2.68,"Weighers, Measurers, Checkers, and Samplers, Recordkeeping",0.95
436011,1.75,2.25,3.12,1.62,3.12,1.25,1.0,1.25,1.25,1.12,2.88,2.62,3.0,3.0,1.0,1.0,1.0,1.88,3.0,3.38,1.88,2.88,2.75,1.62,3.88,1.0,2.62,4.0,4.0,3.0,3.12,1.0,3.25,1.0,1.0,1.25,3.0,1.0,1.0,3.88,4.0,2.62,1.0,1.0,1.38,2.88,1.5,1.88,2.25,2.12,4.0,4.0,3.12,4.0,3.25,2.88,2.75,3.12,4.0,1.38,3.88,3.75,3.18,4.52,1.09,1.09,1.14,2.67,3.3,3.46,1.19,2.09,2.11,1.19,4.16,1.19,1.09,1.4,1.36,1.17,2.11,2.52,1.3,1.3,2.77,1.72,1.13,1.39,1.94,2.31,1.51,1.82,2.14,1.33,2.01,2.89,2.07,4.7,4.23,3.86,2.54,1.23,2.06,4.68,4.96,1.84,1.15,1.32,1.39,1.01,1.0,1.01,1.09,1.0,2.68,1.3,1.0,4.65,4.26,3.26,2.11,3.35,4.5,3.83,1.21,1.0,4.36,1.13,2.41,1.15,1.15,1.13,2.55,1.41,1.59,1.0,1.08,1.19,3.28,4.42,1.96,3.43,1.85,4.99,3.86,1.07,1.0,2.32,4.6,4.07,Executive Secretaries and Executive Administrative Assistants,0.86
436012,2.0,2.25,3.0,2.0,3.0,1.38,1.0,1.38,1.0,1.0,2.75,2.0,2.12,2.75,1.0,1.0,1.0,2.0,2.88,3.12,2.0,2.12,2.12,1.0,4.0,1.0,2.12,4.0,3.88,2.62,2.38,1.0,3.0,1.0,1.0,1.0,3.12,1.0,1.0,3.75,3.75,2.12,1.0,1.0,1.0,2.5,2.0,2.0,2.25,2.12,4.0,3.88,2.75,4.0,3.0,2.25,2.12,3.0,4.0,1.0,3.75,3.88,3.16,4.45,1.13,1.0,1.12,2.8,3.9,3.93,1.36,2.67,2.63,1.0,4.37,1.0,1.0,1.71,1.6,1.31,4.18,2.33,1.15,1.64,2.59,1.26,1.12,2.25,1.9,3.11,2.51,1.84,2.56,2.18,1.4,2.74,2.44,4.38,2.9,3.56,3.06,1.41,1.94,3.82,5.0,1.48,1.17,1.0,1.39,1.0,1.0,1.0,1.06,1.0,3.39,1.22,1.0,4.06,3.61,3.38,2.42,3.3,4.43,4.19,1.75,1.0,3.8,1.1,1.92,1.02,1.08,1.53,2.48,1.33,1.55,1.17,1.09,1.42,3.06,4.14,2.41,2.56,2.26,4.25,4.01,1.0,1.0,1.92,3.71,3.94,Legal Secretaries,0.98
436013,2.0,1.88,3.0,1.88,3.12,1.12,1.0,1.25,1.0,1.0,2.12,2.75,2.12,2.12,1.0,1.0,1.0,1.62,3.12,3.12,2.0,2.12,2.12,1.0,3.38,1.0,2.12,4.0,4.0,2.0,2.12,1.0,3.0,1.0,1.0,1.0,2.88,1.0,1.0,3.75,3.75,1.88,1.0,1.0,1.0,2.88,1.5,1.88,2.0,1.5,4.0,3.12,2.25,3.88,3.12,2.12,2.12,3.0,3.5,1.12,4.0,3.12,3.27,3.93,1.69,1.41,1.47,2.32,3.39,4.44,1.44,3.01,2.23,1.45,4.27,1.41,1.51,2.17,1.56,1.42,1.87,2.89,1.62,3.61,3.41,1.44,1.43,1.96,2.07,2.18,2.22,1.82,2.26,1.79,1.54,3.45,2.09,4.73,3.89,3.6,3.93,1.53,2.11,4.04,4.83,1.87,1.58,3.42,1.22,1.05,1.02,1.0,1.02,1.45,2.25,1.09,1.0,4.84,3.81,3.51,2.76,3.52,4.53,4.6,1.07,1.0,4.04,1.0,2.35,1.0,1.0,1.39,3.34,2.21,1.68,1.0,1.09,1.2,3.04,4.59,1.81,3.43,1.69,4.9,3.95,1.81,1.37,3.0,4.4,4.15,Medical Secretaries,0.81
436014,2.0,1.88,3.0,1.88,3.0,1.0,1.0,1.12,1.0,1.0,2.25,2.12,2.0,2.5,1.0,1.0,1.0,1.88,3.0,3.62,2.0,2.0,2.12,1.0,3.88,1.0,2.12,4.0,4.0,2.0,2.25,1.0,3.12,1.0,1.0,1.0,3.0,1.0,1.0,3.75,3.75,2.0,1.0,1.0,1.0,2.88,1.75,2.0,2.12,2.12,4.0,4.0,2.88,4.0,3.0,2.12,2.0,3.12,3.88,1.0,4.0,3.75,3.43,4.52,1.42,1.27,1.52,2.76,3.84,3.76,1.33,2.75,2.56,1.29,4.29,1.17,1.35,1.63,1.49,1.41,2.44,2.91,1.41,2.11,2.73,1.53,1.12,1.73,2.14,2.7,1.89,1.84,2.48,1.94,2.11,3.02,2.1,4.87,3.67,3.98,3.35,1.4,1.79,4.28,4.76,1.66,1.24,2.16,1.45,1.02,1.02,1.0,1.11,1.0,2.69,1.17,1.0,4.65,3.78,3.47,2.39,3.6,4.22,4.3,1.42,1.02,4.01,1.07,2.31,1.36,1.07,1.19,2.7,1.58,1.53,1.06,1.21,1.15,3.03,4.57,1.98,2.91,1.95,4.93,4.09,1.04,1.0,2.97,4.59,4.23,"Secretaries and Administrative Assistants, Except Legal, Medical, and Executive",0.96
439021,2.0,2.12,3.12,2.0,2.88,1.88,1.0,1.62,1.62,1.88,2.75,3.75,2.75,2.12,1.0,1.38,1.5,2.0,3.0,3.5,2.0,2.38,2.38,1.62,3.88,1.0,2.12,3.5,3.0,2.0,3.5,1.0,2.88,1.62,1.38,1.0,3.38,1.0,1.0,3.25,3.5,2.5,1.0,1.5,1.62,2.75,2.0,2.0,2.38,3.12,3.88,3.12,2.75,3.38,2.88,2.12,2.0,3.25,3.62,1.0,2.88,3.0,2.72,4.56,1.11,1.11,1.11,2.37,2.8,3.59,1.43,2.47,2.67,1.43,4.77,1.11,1.11,2.04,1.52,1.52,3.55,2.86,1.52,1.11,2.02,1.11,1.31,2.32,1.7,2.9,1.97,1.58,1.97,1.44,1.95,2.78,3.04,4.24,2.75,2.34,3.15,1.28,2.85,4.25,4.3,1.89,1.78,1.45,1.44,1.0,1.0,1.0,1.36,1.0,3.13,1.0,1.0,4.44,4.52,3.33,2.42,3.32,4.87,4.81,1.0,1.0,4.1,1.0,2.89,1.0,1.0,1.85,3.26,1.46,1.73,1.0,1.0,1.08,4.58,4.89,1.49,2.96,2.02,4.18,4.21,1.0,1.0,2.92,4.05,2.29,"Data Entry Keyers, label 1",0.99
439022,2.0,2.12,3.0,2.0,3.0,1.38,1.0,1.5,1.0,1.0,2.38,3.0,2.5,2.0,1.0,1.0,1.0,1.62,2.62,3.12,2.12,2.38,2.0,1.12,4.0,1.0,2.25,3.38,3.12,1.88,3.0,1.0,2.88,1.0,1.0,1.25,2.88,1.0,1.0,3.0,3.5,2.25,1.0,1.0,1.0,2.25,2.0,1.88,2.5,3.12,3.75,3.25,2.25,3.25,2.75,1.88,2.62,3.0,3.5,1.0,3.0,3.25,2.42,4.81,1.01,1.0,1.0,2.11,3.51,4.19,1.01,1.71,1.73,1.0,4.26,1.0,1.0,1.4,1.39,1.02,2.58,2.18,1.19,1.29,1.56,1.0,1.0,1.31,2.07,1.74,1.45,1.2,1.81,1.15,1.04,2.96,2.16,4.69,3.71,4.46,3.47,1.94,2.33,4.26,4.86,2.1,1.41,1.86,1.51,1.0,1.0,1.0,1.15,1.02,2.65,1.54,1.0,4.61,3.67,2.6,2.46,2.72,4.68,4.62,1.33,1.12,4.11,1.08,2.94,1.06,1.09,1.52,2.86,1.34,1.61,1.12,1.06,1.44,4.16,4.9,1.83,2.76,1.97,5.0,3.96,1.0,1.0,2.5,4.05,3.7,Word Processors and Typists,0.81
439031,2.38,1.88,3.62,2.38,3.5,2.0,1.0,1.75,1.0,1.5,3.0,2.62,3.0,3.75,1.38,1.38,1.38,2.0,3.0,4.0,2.38,2.0,2.5,1.88,4.12,1.5,2.38,3.62,3.12,3.88,3.5,1.38,3.62,1.5,1.38,1.5,3.12,1.5,1.5,3.12,3.12,2.38,1.38,1.5,1.38,2.62,1.88,3.62,3.88,2.12,3.75,3.62,3.0,3.5,3.75,2.88,2.0,3.0,3.75,1.0,3.5,3.12,2.07,2.83,1.03,1.03,1.06,3.61,3.96,2.09,2.56,1.18,2.21,1.1,3.39,2.15,1.03,1.21,1.46,1.3,1.44,2.5,1.1,1.34,1.26,1.37,1.05,2.76,1.67,1.37,1.82,1.5,1.41,1.19,1.17,2.5,2.28,4.14,3.06,3.08,2.1,1.0,2.24,4.04,5.0,1.64,1.03,1.02,1.23,1.08,1.14,1.0,1.17,1.0,2.9,1.34,1.0,4.69,3.9,3.14,1.7,2.9,4.43,3.26,1.51,1.0,4.76,1.02,2.31,1.48,1.09,1.45,3.02,1.51,1.19,1.0,1.12,1.04,3.55,4.63,1.55,3.75,1.52,4.06,4.52,1.0,1.0,2.66,3.9,2.39,Desktop Publishers,0.16
439041,1.88,2.25,3.12,1.88,3.38,1.25,1.0,1.62,1.0,1.12,2.62,2.0,2.62,2.38,1.12,1.0,1.0,2.0,3.12,3.38,1.88,2.62,2.38,1.25,3.5,1.0,2.62,3.62,3.5,2.25,2.75,1.12,3.25,1.25,1.25,1.25,2.88,1.12,1.25,3.5,3.5,2.38,1.25,1.12,1.12,2.62,2.12,2.12,2.0,1.88,3.62,3.38,2.62,3.25,3.25,2.62,2.38,3.0,3.5,1.12,3.38,3.12,2.44,3.88,1.29,1.28,1.01,2.23,3.0,4.22,1.09,2.06,1.99,1.21,3.59,1.04,1.01,1.22,1.34,1.1,2.16,2.91,1.19,1.73,1.84,1.31,1.17,2.22,1.8,1.65,1.75,1.44,1.92,1.46,1.35,2.82,2.32,4.33,3.03,3.58,3.04,1.27,3.19,4.15,5.0,1.03,1.19,1.01,1.26,1.0,1.0,1.0,1.0,1.0,2.67,1.08,1.01,3.87,3.76,3.79,2.12,3.6,4.52,4.48,1.16,1.0,4.42,1.19,2.61,1.04,1.01,1.62,2.88,1.35,1.18,1.0,1.0,1.21,3.88,4.89,1.54,2.89,1.48,4.82,3.94,1.0,1.0,2.43,4.05,4.07,Insurance Claims and Policy Processing Clerks,0.98
439051,3.0,2.0,3.12,2.62,3.0,2.12,1.38,2.12,1.75,2.38,2.88,3.12,2.5,2.0,1.12,2.0,2.0,2.12,2.88,3.12,3.12,2.12,2.12,2.62,3.38,1.25,2.12,3.25,3.0,2.0,2.88,1.5,3.0,2.5,2.25,2.12,2.88,1.25,1.75,2.88,3.12,2.12,1.75,2.12,2.88,2.25,2.75,2.25,2.25,2.12,3.12,2.88,2.25,2.88,3.0,2.12,2.25,3.0,3.0,1.12,3.0,2.88,2.42,2.53,1.01,1.13,1.09,1.82,2.0,3.85,1.27,1.82,2.54,1.33,3.36,1.03,1.01,1.63,1.46,1.02,2.55,2.97,1.13,1.11,1.4,1.11,1.09,1.58,1.48,2.27,1.67,1.19,1.65,1.06,2.06,2.81,3.46,4.63,3.39,3.64,3.41,1.32,2.96,4.38,4.72,2.12,1.33,1.03,1.82,1.16,1.77,1.0,1.3,1.01,2.39,1.74,1.0,4.49,4.04,4.7,3.2,4.1,4.48,4.25,1.39,1.04,4.97,2.09,2.96,1.16,1.01,3.41,3.9,2.04,3.0,1.02,1.61,1.95,3.98,3.26,3.84,4.29,3.0,4.86,4.11,1.51,1.14,3.73,4.34,3.66,"Mail Clerks and Mail Machine Operators, Except Postal Service",0.94
439061,2.0,2.12,3.0,2.12,3.0,1.5,1.0,1.38,1.0,1.0,2.75,2.38,2.62,2.75,1.0,1.0,1.0,2.0,3.0,3.12,1.88,2.75,2.12,1.38,3.38,1.0,2.62,3.75,3.88,2.12,2.62,1.0,3.12,1.0,1.0,1.0,3.0,1.0,1.0,3.38,3.38,2.12,1.0,1.0,1.38,2.88,1.75,2.12,2.12,1.5,3.75,3.62,2.75,3.75,3.0,2.12,2.12,2.88,3.75,1.0,3.62,3.12,3.01,4.19,1.03,1.16,1.35,2.33,2.89,3.44,1.49,2.44,2.25,1.53,3.81,1.25,1.16,1.43,1.64,1.2,2.08,2.71,1.44,1.33,2.33,1.68,1.32,1.79,2.07,2.44,2.05,1.74,1.95,1.49,1.6,2.74,2.43,4.73,3.37,4.29,3.09,1.64,2.1,3.72,4.76,2.2,1.42,2.12,1.38,1.06,1.16,1.06,1.22,1.03,2.87,1.31,1.03,4.63,3.28,3.08,2.45,3.75,4.6,4.22,1.26,1.06,4.66,1.17,2.09,1.16,1.06,1.45,3.57,1.83,1.81,1.03,1.23,1.37,3.64,4.38,2.19,3.03,2.17,4.88,3.77,1.29,1.06,2.74,4.46,3.66,"Office Clerks, General",0.96
439071,3.0,2.75,2.75,2.88,2.75,2.38,1.0,2.0,1.38,2.38,2.75,2.88,2.5,2.12,1.12,2.0,2.0,2.5,2.75,3.25,2.75,2.75,2.0,2.38,3.62,1.0,2.75,3.12,3.12,2.12,2.75,1.12,3.0,2.62,2.25,1.75,3.0,1.12,1.0,2.88,2.88,2.0,1.62,2.12,2.12,2.62,2.5,2.62,2.75,2.12,3.62,2.88,2.75,3.0,3.0,2.0,2.5,3.0,3.12,1.0,3.0,2.88,2.19,2.67,1.0,1.23,1.0,2.31,3.03,3.75,2.19,1.72,1.9,1.55,3.87,1.58,1.0,1.21,1.25,1.13,1.49,2.92,2.3,1.03,1.69,1.43,1.58,3.42,1.89,1.83,1.62,1.5,2.14,1.25,1.31,2.25,1.95,4.06,3.32,3.67,2.66,1.08,2.42,3.29,4.53,2.51,1.27,1.16,1.16,1.56,1.28,1.11,1.49,1.16,3.01,1.16,1.16,3.82,3.61,2.85,2.15,2.77,3.77,3.19,1.28,1.16,3.93,1.39,2.14,1.73,1.24,3.21,3.22,1.28,1.99,1.16,1.3,1.49,2.68,2.56,3.25,2.98,2.22,4.12,4.38,1.69,1.08,2.93,3.78,2.97,"Office Machine Operators, Except Computer",0.92
439081,1.88,1.62,2.5,1.38,3.12,1.0,1.0,1.38,1.0,1.0,1.75,2.0,2.5,2.0,1.0,1.0,1.0,1.5,2.75,3.0,1.88,2.0,2.0,1.0,3.88,1.0,1.38,3.75,3.5,1.88,3.12,1.0,3.25,1.0,1.12,1.0,2.88,1.0,1.0,3.0,3.0,2.12,1.0,1.0,1.0,1.88,1.62,1.75,2.12,1.38,4.38,3.62,2.5,3.12,3.0,2.0,1.88,2.88,4.25,1.12,3.25,3.62,2.41,2.56,1.01,1.01,1.04,3.36,3.03,2.21,2.17,1.25,1.94,1.29,4.95,1.15,1.0,1.49,1.92,1.56,1.75,2.05,1.25,1.01,1.07,1.95,1.04,1.31,1.75,1.34,1.45,1.79,1.48,1.13,1.18,2.39,2.19,4.73,3.04,2.6,2.22,1.0,2.41,3.22,4.7,1.81,1.12,1.01,1.25,1.0,1.0,1.0,1.0,1.0,3.78,1.25,1.0,4.24,3.99,3.59,1.28,2.66,4.89,4.67,1.29,1.0,4.74,1.13,1.97,1.21,1.08,1.02,3.12,1.31,1.17,1.0,1.0,1.01,4.48,4.85,1.46,3.74,1.47,3.65,4.7,1.0,1.0,2.37,4.53,2.38,Proof-readers and Copy Markers,0.84
439111,1.5,2.12,3.38,1.38,3.62,1.25,1.0,1.5,1.0,1.0,2.75,2.12,3.25,3.12,1.0,1.0,1.0,1.75,3.75,3.75,1.5,4.62,2.88,1.0,3.75,1.0,4.0,3.88,3.75,3.0,3.0,1.0,3.12,1.0,1.0,1.0,3.25,1.0,1.0,3.5,3.5,3.0,1.0,1.0,1.0,2.38,1.5,2.0,2.75,1.5,4.0,3.88,3.62,3.38,3.75,2.88,4.38,3.0,3.75,2.12,3.38,3.5,2.92,3.0,1.43,1.71,1.3,2.41,3.85,3.38,1.8,2.76,3.15,2.37,4.05,1.03,1.85,1.53,1.75,1.56,2.89,3.98,1.45,1.28,2.5,1.46,1.33,2.25,1.88,2.49,2.08,2.04,1.81,1.44,1.93,2.28,2.29,4.02,3.45,3.0,2.66,1.13,2.65,3.97,4.99,1.35,1.75,1.27,1.95,1.12,1.04,1.0,1.04,1.0,2.92,1.38,1.0,4.73,4.03,3.22,2.0,3.46,4.46,3.44,1.41,1.0,4.39,1.6,2.99,1.22,1.22,1.11,2.81,2.19,1.17,1.0,1.11,1.12,3.66,4.79,1.68,1.79,1.79,4.39,3.63,1.07,1.0,2.78,4.09,2.77,Statistical Assistants,0.66
451011,3.12,2.5,3.38,3.0,3.38,2.88,1.62,2.5,2.38,2.75,3.38,2.75,3.0,3.0,2.12,2.62,2.12,2.5,3.38,3.38,3.0,2.62,2.5,2.88,3.5,1.88,2.62,3.88,3.75,2.62,3.0,2.12,3.88,2.62,2.62,2.62,2.75,2.0,2.5,3.5,3.5,2.75,1.38,2.62,2.75,2.88,2.88,2.75,3.0,2.5,3.12,3.12,3.0,3.38,3.75,3.25,2.88,3.62,3.5,2.25,3.62,3.12,3.89,2.84,3.23,2.68,2.53,1.95,2.62,3.52,2.13,2.54,3.31,2.58,3.42,1.12,3.02,2.01,2.26,1.48,2.48,3.02,3.41,1.61,2.82,1.56,2.29,3.7,2.71,2.97,2.63,1.94,2.01,1.58,2.9,2.75,3.44,4.34,3.6,3.23,2.57,1.42,2.2,4.12,3.66,3.75,2.35,1.4,2.53,2.36,3.23,2.22,3.21,1.25,3.28,3.84,2.05,4.64,4.45,4.2,3.98,4.08,3.96,2.97,4.27,3.22,3.39,3.17,2.93,4.49,3.1,2.56,2.87,2.15,2.82,1.88,2.0,2.06,3.03,2.66,3.2,3.55,2.84,4.56,3.88,3.83,2.23,4.24,4.13,2.84,"First-Line Supervisors of Farming, Fishing, and Forestry Workers",0.57
452011,2.62,3.0,3.12,2.38,3.88,2.25,1.0,2.0,1.0,2.12,3.5,2.62,3.5,2.75,1.75,2.0,1.88,2.38,3.88,3.12,2.5,2.5,2.12,2.5,3.88,1.62,2.38,3.88,3.75,2.62,3.25,1.88,4.0,2.12,2.12,1.88,3.0,1.75,2.0,3.5,3.25,3.12,2.0,2.0,2.0,2.75,2.25,2.88,2.75,1.88,3.62,3.12,3.25,3.75,3.62,2.88,2.62,3.75,3.75,2.75,3.5,3.12,3.35,3.31,2.51,1.69,2.16,2.29,2.89,3.51,1.71,1.93,2.94,2.27,3.15,1.17,2.91,1.76,2.07,1.23,3.32,3.21,2.29,1.45,2.64,1.42,1.41,2.83,2.29,3.21,1.57,1.76,2.09,1.55,2.81,2.76,3.11,4.61,3.61,4.29,3.16,1.67,2.36,3.96,3.56,4.1,2.43,1.72,2.47,2.23,2.25,2.1,2.69,1.12,3.97,3.7,1.1,4.34,4.17,3.93,3.43,4.18,4.62,3.92,2.67,1.12,3.93,3.84,2.51,3.92,3.34,2.79,3.7,1.67,3.08,1.79,1.93,1.67,3.41,2.74,3.63,3.64,3.27,4.0,3.9,3.68,1.77,3.41,3.96,2.82,Agricultural Inspectors,0.94
452021,3.0,2.0,3.12,2.62,3.12,2.12,1.12,2.62,1.75,2.5,3.0,3.0,2.75,2.0,1.5,2.25,2.25,2.0,3.0,3.0,2.88,2.38,1.75,3.0,3.5,1.38,2.12,3.0,2.88,1.88,2.62,1.38,3.12,1.88,1.88,2.0,2.5,1.62,1.75,3.0,2.88,2.25,2.0,2.62,3.0,1.88,3.0,2.38,2.5,1.75,2.88,2.62,3.0,3.0,3.25,2.12,2.12,3.0,2.88,3.0,3.0,2.75,3.53,3.12,3.31,2.17,2.48,2.08,2.63,4.17,1.77,2.71,2.55,1.95,2.8,1.12,2.4,1.32,1.84,1.25,2.24,3.17,2.72,2.42,1.83,1.07,1.59,2.89,1.78,2.23,3.93,1.71,1.81,1.29,2.53,1.65,3.67,3.33,1.58,2.88,1.5,1.16,1.31,4.76,2.95,3.1,2.22,2.07,1.99,1.55,1.41,1.14,2.95,1.13,1.86,2.54,1.13,3.14,4.94,3.16,2.56,3.42,3.34,2.3,3.16,2.55,1.68,3.08,3.06,4.25,3.62,1.27,2.3,1.33,2.83,1.18,1.8,2.54,3.25,2.31,3.45,2.85,2.86,3.46,2.44,2.93,1.03,2.72,2.77,1.94,Animal Breeders,0.95
452041,2.75,2.0,3.12,2.12,2.38,1.62,1.38,2.25,1.38,2.25,2.25,3.0,2.38,1.25,1.0,2.0,1.88,1.5,2.38,2.25,3.25,1.62,1.62,2.5,3.25,1.0,1.75,3.0,2.88,1.38,2.12,1.0,2.62,2.0,2.0,1.25,2.25,1.0,1.0,2.75,2.88,1.62,1.38,2.25,2.62,1.62,2.88,2.5,1.62,1.75,2.12,1.88,2.12,2.75,2.5,1.62,1.62,2.88,2.25,1.25,2.75,2.25,2.28,1.62,1.39,1.3,1.72,1.48,2.01,2.13,1.2,1.29,2.73,1.93,3.05,1.18,2.78,2.36,1.22,1.24,1.35,2.08,2.99,1.67,1.94,1.3,1.57,3.62,1.41,2.32,1.84,1.18,1.24,1.35,1.97,2.33,2.21,3.6,2.35,1.75,2.71,1.18,2.32,2.62,1.76,2.7,1.32,1.26,1.46,1.12,1.53,1.71,1.54,1.04,2.56,2.1,1.0,4.57,2.91,3.07,2.58,2.99,3.57,2.03,1.38,1.54,4.32,1.65,2.39,1.65,1.65,4.04,4.36,1.49,2.79,1.78,1.65,1.41,4.42,1.37,4.65,4.46,2.47,1.79,4.18,4.15,1.7,3.0,3.79,1.59,"Graders and Sorters, Agricultural Products",0.41
454011,3.0,2.38,3.0,3.0,3.12,3.0,1.62,3.12,2.0,2.88,3.12,3.0,3.12,2.75,2.0,2.5,2.12,2.5,3.0,3.0,3.0,2.0,2.12,3.12,3.12,1.62,2.0,3.5,3.25,2.62,3.0,2.12,3.5,2.0,2.5,2.75,3.0,2.0,2.75,3.0,3.0,2.12,2.12,3.12,3.25,2.88,3.12,2.75,3.0,2.0,3.0,2.75,3.0,3.0,3.12,2.62,2.12,3.12,3.0,2.0,3.0,2.62,3.18,2.48,3.02,1.91,1.92,2.88,2.72,3.19,1.85,1.64,2.82,1.77,3.47,1.1,1.07,1.15,3.04,1.91,2.72,2.37,2.69,1.65,2.7,1.14,1.91,1.66,2.27,3.48,1.23,1.36,2.14,1.64,2.85,2.25,3.38,4.32,3.95,3.91,2.35,1.36,1.34,4.2,4.89,3.94,1.87,1.56,2.63,2.91,3.69,1.54,4.4,1.0,3.52,4.05,2.62,4.78,4.21,4.09,3.84,3.94,3.37,2.54,4.57,2.7,3.02,4.02,3.05,4.7,2.68,2.18,3.05,2.39,2.62,1.53,2.49,2.22,2.85,2.53,3.39,3.08,3.26,4.58,3.0,4.31,2.1,3.5,4.33,3.13,Forest and Conservation Workers,0.87
454021,3.5,3.38,3.0,3.63,2.88,3.38,1.75,3.0,2.13,3.25,3.25,2.75,3.25,2.13,2.0,3.38,3.0,3.25,2.75,3.13,3.5,2.25,1.88,3.75,3.38,2.0,2.5,3.0,3.0,2.13,3.0,2.63,3.13,3.13,4.13,3.13,2.88,2.38,2.88,2.88,2.75,2.38,3.5,3.38,3.5,2.5,3.38,3.25,3.13,2.75,2.13,2.0,2.38,2.88,3.25,1.38,2.38,3.25,2.0,1.75,2.62,1.88,2.5,1.6,1.83,1.17,1.63,1.61,1.21,2.35,1.84,2.18,2.07,2.07,1.62,1.0,1.43,1.36,1.81,1.03,2.1,2.23,2.86,1.54,1.53,1.35,1.86,2.73,1.52,2.43,1.6,1.38,1.18,1.37,2.07,1.77,3.44,2.84,2.88,1.84,1.62,1.09,1.47,4.59,1.33,4.31,3.06,1.05,2.45,2.56,4.88,1.92,3.84,1.0,3.66,3.41,4.2,3.79,4.82,4.26,3.76,4.26,4.1,2.53,2.56,2.52,1.1,1.66,3.02,4.94,1.3,2.76,1.29,1.27,4.13,1.67,3.42,3.33,3.72,1.78,4.4,4.84,4.02,2.72,2.83,4.97,1.85,2.48,3.38,1.27,Fallers,0.76
454022,3.75,2.88,3.0,4.0,2.88,3.62,1.12,2.25,1.5,2.88,3.5,3.0,2.88,2.0,2.25,2.12,2.0,2.88,2.88,3.0,3.12,2.38,2.0,3.75,3.25,2.5,2.38,3.0,3.0,2.12,3.12,2.75,3.5,3.5,3.88,3.5,3.0,2.12,3.0,2.88,2.88,2.12,2.25,2.0,2.88,2.12,3.0,3.12,3.12,2.12,2.62,2.25,2.25,3.0,2.88,2.25,2.38,3.0,2.5,1.5,2.75,2.75,2.3,1.09,1.56,1.5,1.07,1.24,1.49,2.08,1.7,1.09,1.9,2.0,1.9,1.0,1.0,1.0,1.81,1.01,1.88,1.92,4.21,1.52,1.48,1.0,1.92,3.38,1.59,3.5,1.18,1.03,1.24,1.16,2.66,2.39,4.08,4.13,3.04,2.49,2.96,1.6,2.15,3.83,1.94,3.64,2.27,1.0,2.53,1.37,3.67,2.4,2.76,1.0,3.82,2.92,3.93,4.42,4.03,4.55,4.43,4.42,3.79,3.7,4.87,3.09,1.87,1.92,2.86,4.23,2.01,4.45,1.55,1.4,2.4,1.7,1.34,1.43,4.09,4.36,2.0,4.98,1.85,4.04,3.19,4.59,1.44,3.89,4.36,2.32,Logging Equipment Operators,0.79
454023,3.0,2.5,3.25,3.0,3.25,2.88,1.12,2.12,2.0,2.38,3.12,3.0,3.12,2.5,1.88,2.12,2.12,2.25,3.25,3.0,3.0,3.0,2.0,2.88,3.88,1.75,3.0,3.38,3.38,2.5,3.12,1.88,3.62,2.12,2.25,2.25,3.0,1.88,2.12,3.0,3.0,2.38,2.12,2.12,2.5,2.75,2.25,3.0,2.88,2.12,3.0,3.12,3.0,3.25,3.25,2.38,2.75,3.0,2.88,1.75,3.12,3.0,3.03,2.11,1.85,1.66,1.59,1.73,2.33,3.12,1.7,2.27,2.69,1.98,2.52,1.07,1.14,1.43,1.93,1.2,1.67,3.33,2.7,1.29,2.09,1.22,1.54,3.79,1.7,1.96,2.44,1.32,1.5,1.33,2.64,2.66,2.99,3.8,3.01,3.29,2.47,1.05,2.02,3.77,2.98,3.66,1.84,1.04,2.33,1.34,3.98,1.79,3.01,1.03,3.68,3.92,1.81,4.55,4.35,4.63,3.13,4.19,4.12,3.66,3.42,2.49,2.19,3.54,2.73,4.96,2.4,3.45,2.9,1.63,2.75,1.32,1.94,2.39,3.58,3.04,3.35,4.26,3.07,3.53,3.81,4.83,1.72,2.99,3.5,2.49,Log Graders and Scalers,0.97
471011,3.0,2.5,3.0,3.0,3.5,2.5,1.25,2.0,1.75,2.31,3.185,2.875,2.94,2.94,2.06,2.13,2.31,2.5,3.315,3.5,3.06,2.875,2.25,2.815,3.56,1.75,2.815,3.94,3.875,2.88,2.94,2.12,3.685,2.0,2.25,2.125,3.06,1.88,2.125,3.25,3.12,2.435,1.75,2.12,2.315,2.94,2.5,2.875,3.125,1.88,3.565,3.25,3.0,3.625,3.56,3.06,2.75,3.565,3.5,1.75,3.685,3.0,3.88,2.715,1.58,4.255,1.915,2.15,2.47,3.97,3.455,2.31,2.905,2.98,3.345,1.21,1.295,1.7,2.095,1.315,2.38,3.17,3.71,1.755,2.715,1.36,2.605,2.645,2.31,3.09,2.82,1.645,2.14,1.65,2.82,3.33,3.42,4.904999999999999,4.225,3.845,3.06,1.36,1.6800000000000002,4.41,4.68,3.74,2.66,1.05,3.175,3.34,3.77,3.375,3.315,1.1,3.705,4.140000000000001,2.35,4.695,4.6,4.8,4.44,4.5,4.395,3.145,4.285,2.875,2.995,3.15,3.705,4.425,2.82,2.2,3.93,2.515,2.78,2.405,2.0700000000000003,2.585,3.115,2.505,3.77,3.405,3.16,4.85,4.15,4.43,2.75,4.385,4.37,3.51,First-Line Supervisors of Construction Trades and Extraction Workers,0.17
472011,3.75,3.0,3.0,4.0,3.88,2.88,1.12,2.75,1.88,3.0,3.0,3.75,3.0,3.0,2.0,2.62,2.88,2.88,3.5,3.0,3.75,2.12,2.0,3.62,4.0,1.88,2.12,3.12,3.0,2.12,3.0,2.0,3.88,2.88,3.0,2.75,3.0,2.0,2.25,3.0,2.88,2.38,1.62,2.88,3.0,2.75,3.0,2.75,3.0,2.0,3.0,3.0,3.0,3.0,3.5,2.75,2.12,3.0,3.0,1.75,3.0,2.62,2.92,2.13,1.29,2.82,2.0,1.0,2.61,2.36,2.48,1.47,2.12,2.49,3.28,1.0,1.0,1.46,1.29,1.3,1.33,3.19,4.15,1.58,1.83,1.44,2.5,2.16,1.61,1.85,1.65,1.19,1.62,1.42,2.09,2.29,3.99,4.67,4.25,3.78,2.95,1.9,1.69,3.97,4.25,3.22,3.37,1.4,2.99,3.18,3.27,3.06,3.61,1.47,3.44,4.21,1.95,4.9,4.11,4.18,3.22,4.04,4.53,2.87,3.42,2.29,4.29,3.9,3.37,3.27,2.51,2.15,3.57,2.13,2.86,2.83,2.63,3.1,3.32,2.09,4.09,3.42,3.39,4.95,4.09,4.62,3.43,3.72,4.43,1.92,Boilermakers,0.68
472021,3.75,2.62,3.0,3.0,3.0,2.75,1.88,3.62,2.12,3.88,3.0,3.25,2.88,2.25,2.12,3.0,3.12,2.62,3.0,3.25,3.75,2.75,2.0,3.62,3.75,2.0,2.88,3.0,3.0,2.62,2.88,2.0,3.12,2.25,2.88,2.12,3.0,2.0,2.12,2.88,2.88,2.12,2.12,3.0,3.75,2.88,4.0,2.88,3.62,2.0,3.0,2.25,2.88,3.0,3.12,2.12,2.88,3.0,2.75,1.75,3.0,2.25,3.02,1.52,1.15,4.76,2.2,1.65,1.49,2.78,3.11,1.7,2.64,2.76,3.26,1.0,1.0,1.48,1.47,1.0,1.96,3.46,3.01,1.39,2.19,1.0,1.92,3.12,1.47,3.15,2.0,1.54,1.72,1.1,1.8,3.13,3.06,3.92,3.25,2.74,3.35,2.0,1.6,3.98,2.53,4.15,3.2,1.14,3.55,3.4,4.59,4.27,3.61,1.25,4.54,4.42,2.39,4.04,3.97,3.64,3.74,3.53,4.12,2.6,2.18,3.04,1.68,3.96,3.36,4.97,3.02,2.11,4.31,2.23,4.11,4.15,3.05,2.91,4.56,1.38,4.86,4.37,3.39,4.13,4.08,5.0,3.51,3.66,4.27,2.76,Brick masons and Block mason,0.82
472022,3.88,2.62,3.12,3.0,3.12,2.88,1.88,3.25,2.25,3.38,3.38,3.25,2.75,2.75,2.12,2.88,3.12,2.25,2.88,3.38,3.75,2.62,2.12,3.38,3.88,1.75,2.75,3.25,3.0,2.75,2.88,2.25,3.62,2.25,2.75,2.5,3.25,2.0,2.25,3.0,3.0,2.5,2.25,3.62,4.0,2.5,3.88,2.88,3.62,2.38,2.62,2.38,2.75,3.0,3.5,2.62,3.0,3.0,3.0,1.62,3.0,2.62,3.03,2.02,1.11,4.68,1.97,1.42,1.39,3.05,3.68,1.69,2.7,2.3,3.02,1.13,1.0,1.52,1.05,1.04,1.83,3.66,3.06,1.13,2.23,1.02,1.71,2.85,1.68,2.71,2.82,1.18,1.49,1.29,1.84,2.6,3.74,4.18,4.43,4.11,2.72,1.27,1.48,4.07,3.4,4.45,3.36,1.1,3.38,2.22,4.31,3.19,2.97,1.02,4.33,3.83,3.13,4.53,4.34,4.36,4.42,4.56,4.6,3.3,2.86,2.95,1.72,2.16,3.09,4.76,2.66,2.24,4.1,2.67,4.23,2.49,2.77,2.81,4.11,1.08,4.69,4.71,2.9,4.33,3.67,4.98,3.36,4.21,4.85,2.89,Stonemasons,0.89
472031,3.5,2.88,3.12,3.12,3.5,2.75,1.62,2.88,3.0,2.75,3.38,3.62,3.0,2.62,1.88,2.38,2.75,2.62,3.25,3.5,3.62,2.88,2.5,3.38,3.62,1.75,2.75,3.38,3.38,2.88,3.0,2.12,3.88,2.62,3.12,2.75,3.12,1.88,2.62,3.0,3.0,2.5,1.75,2.62,3.38,2.75,3.5,2.62,3.88,2.75,3.0,2.75,3.0,3.38,3.38,2.75,3.0,3.38,3.12,1.38,3.12,2.88,3.91,2.52,1.37,4.66,2.19,2.05,2.54,3.08,3.86,2.33,3.23,3.6,2.93,1.3,1.48,1.75,1.89,1.46,2.09,3.91,3.3,1.65,2.53,1.6,3.05,2.9,2.03,3.48,2.21,1.63,2.22,1.59,2.7,3.32,3.8,4.74,3.62,2.97,3.04,1.7,1.78,3.62,2.73,3.9,2.57,1.66,2.64,2.68,3.7,3.53,2.93,1.35,4.26,3.43,2.54,4.92,3.63,4.22,4.48,4.37,4.55,2.97,2.59,2.57,3.04,2.72,3.34,3.91,2.98,2.57,3.9,2.08,3.59,2.95,1.98,3.09,3.46,1.44,4.6,4.07,3.37,3.92,4.43,4.93,2.81,4.26,4.48,2.07,Carpenters,0.72
472041,3.25,2.25,2.75,2.88,3.0,3.0,1.5,3.0,1.75,3.62,3.0,3.12,2.88,2.5,2.0,2.88,2.75,2.38,2.88,3.0,3.25,2.88,2.12,3.12,3.5,1.62,2.88,3.0,3.12,2.25,2.75,2.0,3.62,1.88,2.12,2.0,3.0,1.75,2.25,2.75,3.25,2.0,2.62,3.12,3.5,2.75,3.62,2.88,3.25,2.25,2.62,2.38,2.62,2.88,3.0,2.38,3.0,3.12,2.62,1.0,2.88,2.0,3.4,2.21,1.13,3.29,1.98,1.55,1.63,3.67,2.72,2.19,2.97,2.04,3.31,1.24,1.08,1.39,1.27,1.2,1.7,3.42,2.94,1.41,2.33,1.27,1.76,3.07,1.93,2.55,2.5,1.32,1.37,1.34,2.44,3.0,2.87,4.33,3.49,3.35,2.53,1.19,1.21,4.2,1.19,4.14,3.63,1.57,2.77,1.9,2.84,1.51,3.5,1.0,3.51,2.42,1.53,4.61,4.87,4.08,3.34,4.13,3.96,2.53,3.15,1.53,4.28,2.67,3.47,2.06,1.64,1.42,3.37,1.46,3.77,1.27,1.94,4.46,4.07,1.37,2.24,4.73,2.5,4.4,4.24,3.43,1.53,3.74,3.8,1.78,Carpet Installers,0.87
472042,3.38,2.13,2.63,2.75,3.0,2.13,1.38,2.75,1.0,3.5,2.38,3.13,2.25,2.5,1.63,2.13,1.88,1.88,2.88,3.0,3.13,1.75,1.5,2.63,3.5,1.75,2.0,3.38,3.13,2.63,2.13,1.5,3.13,1.88,2.0,1.75,2.88,1.5,1.63,3.0,2.88,1.75,1.5,2.5,3.13,2.13,2.88,2.13,2.88,1.75,2.75,2.5,2.75,3.12,2.88,2.12,2.12,2.88,2.38,1.25,3.12,2.38,2.47,1.61,1.21,3.93,2.2,1.13,1.19,3.88,3.11,1.74,2.86,2.33,2.88,1.06,1.16,1.34,1.04,1.11,1.87,3.83,3.42,1.11,1.7,1.03,2.1,3.33,1.96,2.75,2.03,1.15,1.12,1.01,2.54,1.84,2.0,4.65,3.65,3.32,2.25,1.01,1.59,4.22,1.04,4.34,3.84,1.32,2.52,1.79,3.79,1.13,2.69,1.0,3.01,1.69,1.45,4.98,4.39,3.86,2.98,4.36,4.19,2.28,2.35,1.21,3.84,3.28,2.2,1.76,1.47,1.05,3.8,1.04,4.03,1.0,1.27,4.32,3.62,1.6,2.73,4.89,2.13,4.19,3.32,2.65,2.2,3.88,3.61,1.94,"Floor Layers, Except Carpet, Wood, and Hard Tiles",0.79
472043,3.75,2.12,2.75,3.62,2.75,2.62,1.5,3.0,1.62,3.12,2.75,3.25,2.38,2.12,1.62,2.88,2.25,1.75,2.75,2.88,3.62,2.0,2.12,3.62,3.25,1.62,2.12,3.12,3.0,2.0,2.62,1.88,2.75,2.75,3.0,2.38,3.0,1.62,2.0,2.75,2.88,2.0,2.5,3.25,3.12,2.12,3.62,2.5,2.88,2.75,2.38,2.12,2.62,3.0,2.75,2.12,2.0,2.88,2.62,1.12,2.75,2.12,3.02,2.5,1.19,4.11,2.34,2.04,1.57,4.08,2.84,2.0,2.55,2.48,3.65,1.2,1.0,1.69,1.43,1.03,1.38,2.91,3.0,1.32,1.87,1.13,1.52,3.31,1.75,2.72,2.64,1.19,1.68,1.24,2.46,1.9,2.89,3.95,3.5,3.12,2.35,1.66,1.82,4.34,1.76,4.9,3.23,1.24,2.32,3.14,4.01,2.03,2.86,1.1,4.56,2.55,3.81,4.74,4.45,4.05,3.56,4.38,4.37,3.38,2.76,1.42,4.23,2.77,3.22,1.85,1.95,3.07,2.96,1.3,4.69,1.94,2.56,4.56,4.57,1.79,4.12,4.88,4.2,3.95,3.97,4.53,3.51,3.99,3.66,1.78,Floor Sanders and Finishers,0.87
472044,3.12,2.12,3.12,3.0,3.0,2.62,1.25,2.5,1.38,3.5,3.12,3.12,2.5,2.62,1.88,2.75,2.88,2.0,3.0,3.25,3.12,2.75,2.12,3.12,3.62,1.5,2.62,3.12,3.0,2.75,2.75,1.75,3.38,1.88,2.5,2.5,2.88,1.62,2.25,3.0,3.0,2.25,2.0,3.12,3.12,2.12,3.38,3.0,3.75,2.12,2.88,2.5,2.38,3.12,3.0,2.12,3.0,2.75,2.88,1.12,3.0,2.0,2.57,2.04,1.19,3.97,1.9,1.72,1.32,3.04,3.01,2.44,2.45,2.08,2.52,1.16,1.37,1.76,1.4,1.22,1.6,3.35,2.57,1.24,1.95,1.22,1.95,2.4,1.44,2.15,2.37,1.31,1.49,1.49,2.4,1.72,3.11,3.81,3.12,2.56,1.82,1.05,1.26,3.86,2.06,4.2,2.97,1.07,3.12,1.53,3.29,2.23,2.9,1.0,4.25,3.12,1.58,4.55,3.6,3.4,3.07,3.53,4.54,3.01,1.6,1.05,3.34,2.87,2.94,2.81,2.44,1.75,3.36,1.14,4.28,2.1,2.81,4.47,4.37,1.43,4.05,4.9,2.53,3.48,3.57,4.91,2.04,3.23,3.75,1.79,Tile and Marble Setters,0.75
472051,3.5,2.62,3.12,3.5,3.25,3.0,1.88,3.25,2.12,3.38,3.12,3.12,2.75,2.12,2.38,3.0,2.5,2.25,3.0,3.25,3.88,2.38,2.0,3.62,3.62,1.75,2.25,3.12,3.12,2.12,2.88,1.88,3.25,3.0,3.0,2.5,3.12,1.75,2.38,3.0,3.12,2.12,2.88,3.25,3.12,2.25,3.75,2.75,3.25,2.25,2.12,2.12,2.12,3.0,3.0,2.38,2.62,3.25,2.38,1.25,3.12,2.0,2.6,1.52,1.41,3.52,1.91,1.53,2.08,2.32,2.18,1.59,2.31,1.48,3.69,1.24,1.42,2.22,1.73,1.41,1.82,3.09,2.64,1.64,1.9,1.28,1.79,2.17,1.59,3.09,1.62,1.41,1.94,1.67,2.48,3.52,3.48,3.95,4.05,2.69,3.45,2.27,2.46,3.59,2.22,4.51,2.83,1.19,3.1,1.95,3.89,2.7,3.37,1.25,4.43,4.29,3.31,4.34,3.36,3.67,4.35,3.75,4.44,3.09,3.28,3.7,1.56,2.53,4.08,4.81,2.92,4.39,4.42,1.69,4.12,1.79,3.46,3.83,4.5,1.39,4.82,4.93,4.4,3.25,3.77,4.44,2.95,3.95,4.32,2.04,Cement Masons and Concrete Finishers,0.94
472053,3.38,2.5,2.75,3.12,2.88,2.88,2.12,3.0,2.25,3.25,3.25,3.25,2.62,2.5,2.0,2.75,2.38,2.0,2.62,3.0,3.75,2.0,2.0,3.5,3.5,1.75,2.25,2.88,2.75,2.0,2.88,1.88,3.12,2.62,2.88,2.25,3.0,1.88,1.88,2.75,2.88,2.0,2.12,3.12,3.12,2.38,3.5,3.0,3.12,2.12,2.12,1.88,2.38,2.5,2.62,2.12,2.38,2.75,2.12,1.62,2.88,1.88,3.23,2.17,1.03,4.05,3.15,1.45,1.19,3.23,3.58,1.62,2.64,2.3,3.26,1.86,1.43,1.67,1.29,1.0,1.81,3.39,3.1,1.24,2.24,1.07,2.34,2.96,1.7,3.02,1.83,1.08,1.47,1.25,2.24,2.35,3.22,3.55,3.52,2.14,2.61,1.74,1.5,3.32,1.42,3.82,2.48,1.28,2.69,3.17,3.36,1.64,2.54,1.1,4.4,2.85,2.69,4.29,3.05,3.2,3.8,3.3,4.31,2.76,1.78,1.88,3.08,3.14,3.47,1.97,1.76,3.32,3.69,1.55,3.79,1.53,1.94,3.79,3.82,1.25,4.38,4.78,3.07,3.41,4.29,4.84,2.26,3.72,4.31,1.92,Terrazzo Workers and Finishers,0.88
472061,3.5,2.5,3.0,3.25,3.0,3.0,2.0,3.12,2.25,3.12,3.12,3.12,2.25,2.25,2.0,2.62,2.75,2.0,2.88,3.12,3.88,2.0,2.0,3.62,3.25,1.75,1.88,3.25,3.25,2.0,2.5,2.12,3.25,3.0,2.88,2.88,3.0,1.88,2.25,3.0,3.0,2.12,2.0,3.12,3.75,2.5,3.25,2.75,2.88,2.25,2.88,2.12,2.12,3.12,2.75,2.12,2.0,2.62,2.75,1.5,3.25,2.25,2.28,1.64,1.39,3.98,1.48,1.57,1.51,2.79,2.23,1.42,2.36,2.08,2.09,1.38,1.24,1.43,1.48,1.43,1.43,2.2,3.03,1.49,1.5,1.73,1.58,1.93,1.51,3.17,1.35,1.44,1.43,1.43,1.84,2.9,3.8,4.55,3.12,2.21,2.95,1.35,1.3,3.19,1.45,4.19,3.27,1.04,3.59,2.6,4.34,2.21,2.9,1.1,4.12,4.48,2.91,4.8,3.35,3.87,3.66,3.74,3.71,2.65,3.02,3.02,1.8,3.28,2.4,4.63,3.22,3.18,3.59,1.38,2.62,1.76,1.59,2.22,2.94,1.49,4.65,4.18,2.71,4.31,4.11,4.94,2.48,3.12,4.16,1.4,Construction Labourer,0.88
472071,3.0,2.62,2.75,3.75,3.0,3.0,1.75,2.38,1.88,3.0,3.12,2.88,2.5,1.75,2.12,2.62,2.12,2.75,2.75,3.0,3.0,2.0,2.0,3.38,2.88,1.75,2.0,3.0,3.0,1.88,2.75,2.25,3.62,3.25,3.25,3.0,3.0,1.88,2.88,3.0,3.0,2.0,2.12,2.75,3.12,2.88,3.12,2.38,3.0,2.25,2.38,1.88,2.62,2.88,3.0,2.25,2.0,3.25,2.5,1.12,2.88,1.88,2.43,1.69,1.77,3.65,2.49,1.82,1.91,2.73,2.43,1.54,2.27,2.26,2.37,1.54,1.4,1.73,2.2,1.63,2.41,2.77,3.26,1.49,1.85,1.4,2.74,2.18,1.93,2.74,1.67,1.55,1.54,1.67,2.06,2.85,3.66,3.53,3.04,3.07,3.06,2.16,2.54,3.8,2.36,4.22,2.88,2.5,3.54,2.58,4.26,2.41,4.0,1.63,4.23,4.15,4.26,4.3,3.44,3.22,3.69,3.62,3.48,2.96,3.87,4.22,1.9,2.23,3.29,4.3,2.79,3.8,3.95,1.98,3.61,2.38,2.73,2.43,3.94,3.08,3.21,4.23,2.9,4.18,3.46,4.25,2.27,3.65,3.7,2.4,"Paving, Surfacing, and Tamping Equipment Operators",0.83
472072,3.25,3.0,2.62,4.12,3.12,4.0,1.25,2.75,1.5,2.75,3.12,3.0,2.38,2.0,2.88,2.75,2.38,2.75,3.0,3.0,3.62,2.12,1.88,4.0,3.0,1.75,2.12,3.0,3.0,1.88,2.88,2.62,3.5,3.5,3.88,3.38,3.25,2.0,3.0,2.88,3.12,2.0,2.25,2.25,2.75,2.75,2.62,2.12,3.12,2.62,2.25,2.0,2.0,3.0,2.88,1.88,2.12,3.25,2.5,1.38,2.75,2.25,2.93,2.34,1.29,4.12,2.09,1.91,1.79,2.79,3.15,1.91,2.58,3.41,2.82,1.04,1.08,1.2,2.26,1.12,2.13,3.59,3.65,1.53,1.93,1.11,2.73,2.95,2.12,3.4,1.67,1.71,1.6,1.55,3.47,2.96,4.15,4.52,4.27,2.44,2.65,1.44,1.6,3.51,2.16,4.54,3.2,1.3,3.32,2.59,4.39,3.0,3.46,1.22,4.78,4.04,3.71,4.6,4.03,4.15,4.65,4.18,4.18,3.07,3.15,3.8,1.44,2.63,3.21,4.98,2.37,3.34,3.93,2.61,3.21,1.81,1.94,2.72,3.73,3.1,3.31,4.55,2.9,3.48,3.63,4.98,2.98,4.04,4.6,2.61,Pile-Driver Operators,0.82
472073,3.25,3.0,2.88,4.12,3.0,4.0,1.0,2.12,1.75,2.88,3.62,3.0,2.75,2.25,2.25,2.0,2.0,3.0,3.0,3.0,3.12,2.12,2.12,3.88,3.88,2.12,2.0,3.12,3.0,2.12,3.12,2.38,3.25,3.5,3.38,3.25,3.0,2.12,2.88,3.0,3.0,2.12,1.88,2.12,3.0,3.0,2.75,3.0,3.12,2.0,2.88,2.25,2.88,3.0,2.88,2.12,2.0,3.12,2.88,1.5,2.88,2.0,2.78,1.28,1.53,2.46,1.59,1.69,1.42,2.73,2.24,1.5,2.59,2.35,3.33,1.0,1.66,1.2,1.76,1.66,2.16,2.81,3.56,1.05,1.96,1.35,1.69,2.02,1.12,3.13,1.53,1.04,1.41,1.04,2.54,2.82,4.86,4.65,3.52,3.49,2.83,1.23,1.32,4.16,1.34,4.51,2.4,1.15,2.91,2.74,4.69,1.75,3.36,1.05,3.83,3.63,3.94,4.84,4.01,4.83,4.33,4.56,3.91,2.39,4.01,4.35,1.2,3.1,2.92,5.0,2.41,3.99,3.79,1.9,3.07,1.51,1.95,1.79,4.19,3.16,2.79,4.65,2.02,4.08,4.04,4.98,2.59,4.37,4.04,2.38,Operating Engineers and Other Construction Equipment Operators,0.95
472081,3.62,2.12,2.75,3.12,3.0,2.75,1.5,2.88,2.25,3.62,3.0,3.25,2.62,2.5,2.0,2.88,3.5,2.0,2.88,3.12,3.62,2.38,2.0,3.12,3.62,1.75,2.12,3.12,3.25,2.25,3.0,1.88,3.0,2.25,2.75,2.0,3.12,1.75,2.25,2.62,3.0,2.12,2.12,3.12,3.25,2.5,3.62,2.5,3.25,2.0,2.88,2.38,2.12,2.75,3.0,2.0,2.25,2.88,2.75,1.12,2.88,2.12,3.09,2.06,1.15,4.47,1.68,1.21,1.78,2.73,2.97,2.28,2.42,2.74,2.96,1.0,1.22,2.02,1.7,1.27,1.98,3.5,3.25,1.71,2.21,1.09,2.04,2.53,1.84,3.18,2.4,1.36,1.52,1.59,2.53,2.45,2.79,3.69,3.08,2.95,2.7,1.56,1.99,3.95,1.87,3.45,3.09,1.24,2.96,1.74,3.33,3.17,2.8,1.28,4.07,3.36,1.83,4.53,4.01,3.67,3.1,3.69,4.43,3.47,1.5,2.0,2.51,3.15,3.28,3.13,2.87,2.05,3.42,2.03,3.62,3.37,2.28,3.01,4.08,1.32,4.86,4.74,3.97,4.07,3.73,4.1,2.65,3.47,3.9,2.54,Drywall and Ceiling Tile Installers,0.79
472082,3.12,2.12,2.75,2.88,2.75,2.12,1.38,2.0,1.88,3.12,2.5,2.88,2.12,2.12,2.0,2.5,2.62,2.12,2.75,2.75,3.12,1.5,2.0,3.12,3.38,1.75,1.62,3.0,2.88,2.0,2.12,2.12,2.75,2.0,2.12,2.0,2.62,2.0,2.0,2.88,2.88,1.88,1.75,2.75,2.38,2.25,3.12,2.38,2.38,1.0,2.5,2.0,2.25,2.88,2.62,2.12,1.62,2.88,2.25,1.12,2.88,2.0,2.35,1.29,1.0,4.03,1.51,1.36,1.16,2.48,1.66,1.56,2.53,1.57,2.64,1.0,1.14,1.48,1.16,1.09,1.61,2.31,2.38,1.18,1.43,1.17,1.56,1.47,1.44,2.3,1.49,1.34,1.51,1.28,2.07,2.49,2.3,3.34,3.1,2.23,2.26,1.06,2.01,3.93,1.35,4.12,3.33,1.34,3.25,1.67,2.54,3.72,2.75,1.03,3.71,3.24,1.37,4.55,3.98,3.63,3.73,3.41,3.7,2.38,2.76,1.56,2.43,3.64,3.25,1.91,2.32,1.64,3.19,1.27,3.64,3.2,2.53,2.87,4.24,1.2,4.78,4.7,3.77,3.66,3.91,4.1,2.67,3.29,3.79,2.3,Tapers,0.62
472111,3.62,2.88,3.25,3.12,3.88,3.0,1.25,2.5,2.25,3.5,3.25,3.75,3.25,3.0,2.25,2.88,3.0,2.62,3.88,3.75,3.25,3.0,2.88,3.0,4.0,2.0,3.0,3.75,3.38,2.88,3.0,2.0,4.0,2.0,2.88,2.62,3.12,2.0,2.12,3.0,3.0,2.75,2.25,2.75,2.75,2.88,3.38,3.62,3.38,2.75,3.38,3.0,3.25,3.38,3.38,3.0,3.0,3.12,3.12,2.0,3.38,3.0,3.58,2.33,1.16,3.67,1.61,1.54,1.98,3.17,3.32,1.64,2.21,2.07,2.64,1.09,1.09,1.19,1.47,1.09,2.43,3.4,3.42,1.19,2.11,1.06,2.27,2.5,2.68,2.87,2.18,1.74,2.48,1.45,2.5,3.13,3.33,4.76,4.3,3.84,3.26,1.73,1.14,4.2,3.95,4.5,4.4,1.2,3.75,4.59,4.04,3.69,4.47,1.07,4.5,4.17,2.42,4.93,4.5,4.32,4.55,4.67,4.72,3.37,3.52,3.07,3.27,4.22,3.06,4.13,3.83,2.23,2.98,1.9,4.68,4.2,3.85,3.75,4.34,1.81,4.55,4.94,4.23,4.51,4.32,4.95,3.22,4.35,4.54,1.8,Electricians,0.15
472121,3.88,2.12,3.0,3.12,3.0,2.88,1.25,2.5,1.75,3.0,3.0,3.0,2.25,2.38,2.0,2.75,3.0,2.12,3.0,3.12,3.25,2.25,2.0,3.38,3.75,2.0,2.25,3.0,2.88,2.25,2.25,2.0,3.25,2.12,2.25,2.0,3.0,1.88,2.0,3.0,3.0,2.0,1.75,2.62,3.12,2.25,3.38,2.75,3.0,2.0,3.0,2.25,2.25,2.88,3.0,2.12,2.0,2.75,3.0,1.5,3.0,2.25,3.46,2.06,1.04,4.3,1.87,1.18,1.57,3.35,3.39,1.54,2.55,2.75,2.6,1.05,1.14,1.68,1.21,1.0,1.74,3.47,3.5,1.4,2.12,1.0,1.93,2.6,1.79,2.59,1.57,1.16,1.27,1.26,1.93,3.06,3.83,4.39,4.11,2.93,2.88,1.38,1.43,3.61,2.32,3.59,3.06,1.4,3.15,2.52,3.59,3.77,3.33,1.13,3.96,3.99,2.3,4.72,4.0,4.05,3.9,3.93,4.42,3.08,3.18,2.75,2.93,3.87,3.43,4.44,3.77,2.4,4.24,1.53,3.66,3.47,2.39,3.48,3.64,1.67,4.28,4.75,3.15,3.71,3.93,4.74,3.32,3.94,4.38,2.31,Glaziers,0.73
472131,3.25,2.62,2.88,3.25,2.62,3.0,1.5,2.88,1.75,3.88,2.88,3.0,2.75,2.5,2.0,2.88,3.38,2.5,2.62,2.88,3.5,2.12,2.25,3.5,3.0,2.0,2.25,2.88,3.0,2.38,2.88,2.0,2.88,2.25,2.75,2.62,3.0,2.0,2.5,3.0,2.88,2.25,2.38,3.0,3.0,2.12,3.38,2.12,3.12,1.38,2.75,2.25,2.62,3.0,3.0,2.12,2.25,2.88,2.62,1.0,3.0,2.12,2.78,1.77,1.09,3.35,1.5,1.23,1.65,3.04,2.29,1.46,2.28,1.83,2.91,1.0,1.01,1.41,1.22,1.08,1.95,2.51,3.02,1.12,1.98,1.1,2.12,2.16,1.61,2.48,2.04,1.11,1.39,1.11,2.61,2.95,2.63,3.72,3.49,2.91,2.58,1.11,1.69,3.47,1.51,4.12,3.78,1.06,2.89,2.66,2.93,3.69,3.91,1.03,3.75,4.03,1.52,4.23,3.94,3.66,3.59,3.55,3.49,2.53,3.68,1.72,1.96,3.89,2.54,3.89,3.39,2.25,3.33,1.3,3.13,3.26,2.96,3.37,3.85,1.67,4.63,4.26,3.13,3.62,4.04,3.99,4.31,3.49,3.92,1.65,"Insulation Workers, Floor, Ceiling, and Wall",0.83
472132,3.12,2.5,3.0,2.88,3.0,2.62,1.62,2.5,1.62,3.25,2.75,3.0,2.62,2.25,1.88,3.0,3.12,2.5,2.88,3.12,3.12,2.12,1.75,3.12,3.12,1.62,2.12,3.12,3.12,2.25,2.62,1.75,3.25,2.12,2.12,2.0,3.12,1.88,2.12,2.88,2.88,2.12,1.75,2.75,3.12,2.5,3.38,2.62,2.88,1.75,2.75,2.38,2.75,3.0,3.0,2.12,2.12,3.0,2.75,1.38,2.88,2.0,4.02,2.7,1.43,4.32,2.03,2.0,2.41,4.09,3.55,2.86,3.87,2.57,3.62,1.29,1.75,1.81,1.79,1.45,2.24,3.83,4.07,1.58,3.32,1.28,2.17,3.66,2.78,3.66,3.34,1.74,1.95,1.83,3.08,2.88,2.15,3.92,3.62,3.31,2.85,1.4,1.41,4.0,2.78,3.98,3.98,1.48,3.23,2.53,2.87,3.84,3.38,1.01,3.87,3.65,1.23,4.34,4.23,3.85,3.93,3.26,3.94,2.44,1.88,1.39,2.77,3.94,3.25,3.29,2.67,1.55,3.7,1.48,3.94,4.52,2.57,3.05,4.15,1.46,4.71,4.56,3.17,4.09,4.27,4.92,3.81,3.67,4.18,2.08,"Insulation Workers, Mechanical",0.64
472141,3.75,2.0,2.12,2.75,3.0,2.12,1.25,2.88,1.25,3.0,2.88,2.88,2.0,2.0,1.75,3.0,3.0,1.75,2.75,2.88,3.12,2.0,1.88,3.0,3.38,1.62,2.0,3.0,3.0,2.0,2.0,1.75,2.75,1.88,2.0,2.0,2.88,1.75,2.0,3.0,2.88,2.0,1.62,2.88,2.88,2.12,3.12,3.0,2.88,1.88,3.0,2.0,2.0,3.0,3.0,2.0,2.0,2.88,2.75,1.5,2.38,2.0,2.87,1.68,1.54,3.03,2.67,1.67,1.44,3.17,2.19,1.54,2.64,2.0,2.43,1.66,1.41,1.31,1.65,1.3,1.58,2.53,2.43,1.67,2.17,1.64,1.82,2.63,2.02,2.8,1.54,1.18,1.69,1.54,2.65,3.0,2.48,4.29,3.77,3.93,3.01,1.38,1.22,4.15,3.23,4.01,3.05,1.69,2.68,2.82,2.34,3.95,2.34,1.04,3.03,3.13,1.39,4.81,4.29,3.33,3.95,3.48,4.44,3.15,1.11,1.54,3.01,2.06,3.32,2.87,2.37,2.15,3.79,1.53,3.79,4.13,3.15,3.5,3.82,1.06,4.94,4.64,3.8,4.78,4.6,3.84,2.53,3.78,4.13,3.66,"Painters, Construction and Maintenance",0.75
472142,3.5,1.88,2.62,3.12,2.88,2.5,1.25,2.38,1.12,3.38,2.88,3.25,2.12,1.88,1.75,2.88,3.25,1.75,2.88,3.12,3.62,1.88,1.62,3.38,3.62,1.62,1.88,3.0,2.88,2.0,2.62,1.62,2.88,2.0,1.62,2.0,2.75,1.5,1.88,2.88,2.75,1.88,2.25,2.75,2.62,2.38,3.25,2.75,2.88,1.12,2.5,2.25,2.0,3.0,2.88,2.0,2.0,2.75,2.38,1.25,3.0,2.0,3.02,2.47,1.39,3.54,2.65,1.47,2.15,3.73,2.94,2.53,2.82,2.57,2.98,1.44,1.0,1.22,1.93,1.25,1.99,3.27,3.05,1.93,2.54,1.46,1.84,2.72,2.36,3.02,2.75,1.54,1.31,1.16,2.15,2.06,2.55,3.84,2.76,2.48,2.29,1.14,1.63,4.08,1.18,3.24,2.83,1.44,2.89,2.43,2.32,3.38,2.9,1.0,3.05,2.9,1.19,3.83,4.11,3.99,3.12,3.94,3.92,2.98,2.45,1.36,2.52,2.79,3.09,2.75,2.22,1.49,2.75,1.37,3.76,4.28,2.62,3.49,4.1,1.56,4.44,4.55,3.15,3.06,4.03,4.23,3.24,3.38,3.35,2.38,Paperhangers,0.87
472151,3.5,2.0,2.88,3.5,2.88,3.0,1.25,2.25,2.12,3.0,2.88,3.0,2.25,2.0,2.0,2.38,2.25,2.0,2.75,3.0,3.0,2.0,2.0,3.0,3.0,2.0,2.0,3.25,3.0,2.0,2.75,2.0,3.0,3.0,3.0,2.0,3.0,2.0,2.25,3.0,3.0,2.0,1.75,3.0,3.25,2.0,3.0,2.0,3.0,1.62,2.88,2.62,2.0,3.0,3.0,2.12,2.0,2.62,2.88,1.0,3.0,2.0,2.92,2.06,1.77,3.7,2.5,1.7,2.5,2.51,2.79,1.64,2.75,2.98,2.84,1.12,1.76,1.86,2.19,1.6,2.28,2.71,2.98,2.0,2.25,1.23,2.37,2.84,2.35,3.01,1.61,1.78,2.04,1.67,2.5,2.88,3.27,4.51,4.06,3.15,2.01,1.27,1.48,3.67,2.27,3.33,3.42,1.81,2.62,2.14,3.18,1.31,2.15,1.0,4.03,4.17,2.68,4.94,3.67,4.37,4.36,4.19,4.03,2.27,2.49,3.02,1.46,1.84,2.34,4.9,2.26,3.04,4.11,2.08,3.77,2.57,2.13,2.89,3.29,1.66,4.37,3.72,3.31,3.48,3.65,5.0,2.6,3.69,4.59,2.26,Pipelayers,0.62
472152,3.25,2.69,3.125,3.0,3.25,2.685,1.63,2.875,2.44,3.25,3.25,3.37,3.125,2.75,2.0,2.685,2.88,2.56,3.19,3.185,3.25,2.56,2.375,2.935,3.56,1.88,2.625,3.435,3.25,2.69,2.94,2.0,3.565,2.185,2.625,2.315,3.185,1.94,2.5,3.0,3.19,2.69,1.69,2.625,2.94,2.75,3.19,3.065,3.185,2.5,3.19,2.81,2.81,3.065,3.375,2.44,2.56,3.185,3.13,1.625,3.125,2.815,3.355,2.55,1.335,4.5,2.065,1.925,2.845,4.025,3.84,2.395,3.375,3.625,3.49,1.105,1.355,1.985,1.65,1.35,2.52,3.375,4.53,1.365,2.23,1.33,2.975,3.095,1.64,3.51,2.51,1.24,1.825,1.285,2.435,2.77,3.21,4.07,3.78,3.61,2.5700000000000003,1.395,1.51,4.15,3.52,3.505,3.58,1.59,3.405,3.115,3.505,3.865,3.145,1.26,3.39,3.515,2.055,4.33,4.545,4.35,4.07,4.265,4.155,2.835,2.975,2.14,3.14,4.075,3.5,4.03,3.21,2.045,3.635,1.7000000000000002,3.4000000000000004,3.455,2.7350000000000003,3.26,3.095,1.89,4.1850000000000005,4.33,3.36,4.109999999999999,4.324999999999999,4.125,3.01,3.82,4.105,2.97,"Plumbers, Pipefitters, and Steamfitters, label 0",0.35
472161,3.62,2.5,2.88,3.0,2.88,2.5,1.5,3.12,1.88,3.5,2.88,3.0,2.62,2.62,2.0,3.0,3.25,2.38,2.75,3.0,3.62,2.12,2.0,3.25,3.75,1.88,2.0,3.0,3.12,2.75,2.62,2.0,3.12,2.62,2.75,2.0,2.88,2.0,2.0,3.0,2.88,2.12,2.5,3.12,3.25,2.12,3.5,3.0,3.12,2.38,2.75,2.5,2.75,3.0,2.75,2.62,2.0,2.88,2.75,1.12,2.88,2.12,3.23,1.77,1.46,4.06,1.68,1.33,1.45,3.05,3.22,2.01,2.44,1.87,3.07,1.32,1.42,1.52,1.58,1.21,1.84,2.9,2.83,1.74,2.27,1.42,1.59,2.53,1.87,2.96,2.32,1.66,1.41,1.54,2.33,2.23,2.79,4.11,2.96,2.1,2.17,1.17,2.16,2.98,1.62,2.91,2.38,1.22,2.54,2.11,3.76,3.45,3.63,1.01,4.13,3.31,1.47,4.65,3.23,4.12,3.75,3.44,4.17,2.31,3.04,2.14,1.58,2.33,3.17,4.35,1.97,3.06,3.43,1.2,3.49,3.03,2.49,3.13,4.0,1.23,4.62,4.9,3.06,3.4,3.24,4.16,2.56,3.29,4.33,1.9,Plasterers and Stucco Masons,0.84
472171,3.5,2.88,3.0,3.25,3.0,2.88,1.88,3.12,2.25,3.5,2.88,3.25,2.88,2.38,2.0,3.0,3.0,2.38,2.88,3.0,3.62,2.12,2.0,3.75,3.38,1.75,2.12,2.88,2.88,2.12,2.62,1.88,3.12,2.62,3.25,2.75,2.75,1.88,2.38,2.38,2.75,2.0,2.62,3.38,3.88,2.5,3.88,2.38,3.0,2.38,2.5,1.88,2.38,2.62,3.0,2.25,2.38,2.88,2.62,1.25,2.62,1.88,3.37,1.66,1.08,4.58,2.18,1.39,1.55,2.46,3.29,1.66,2.65,3.04,3.27,1.04,1.07,1.58,1.46,1.11,1.72,3.43,2.72,1.62,2.45,1.19,2.06,2.32,2.33,2.65,1.66,1.44,1.53,1.63,2.35,2.61,3.14,4.43,4.05,2.62,3.16,1.69,1.86,3.49,2.13,3.68,3.24,1.53,2.86,3.21,3.29,3.64,4.22,2.01,4.18,4.42,1.97,4.18,3.14,3.29,4.56,3.52,3.43,3.06,1.86,2.99,1.78,2.9,3.89,4.6,2.22,2.89,3.84,2.39,4.06,2.81,2.89,3.21,4.31,1.32,4.1,4.58,3.86,3.94,4.43,4.49,3.51,4.2,4.18,2.36,Reinforcing Iron and Rebar Workers,0.9
472181,3.5,2.75,2.75,3.12,3.0,2.88,1.88,2.5,2.25,3.75,3.12,3.12,2.62,2.25,2.38,3.38,4.0,2.25,3.0,3.0,3.5,2.0,2.0,3.5,3.62,1.75,2.12,3.38,3.0,2.25,2.88,1.88,3.75,2.75,2.88,2.88,3.0,2.0,2.0,2.88,3.0,2.12,2.75,3.25,3.12,2.88,3.75,2.5,3.0,2.12,2.62,2.12,2.62,3.12,3.12,2.12,2.25,3.0,2.75,1.25,3.0,2.0,3.01,2.6,1.38,4.58,2.32,1.59,1.71,3.52,3.19,1.99,3.22,2.57,3.37,1.18,1.39,2.49,1.44,1.18,2.15,3.21,3.08,1.86,2.11,1.39,2.19,2.42,1.78,3.32,2.01,1.48,1.68,1.45,2.61,2.97,3.11,4.5,3.78,3.37,2.92,1.5,2.06,3.96,1.81,4.31,3.05,1.17,3.37,3.82,3.81,4.9,3.71,1.29,4.11,4.19,1.64,4.64,3.79,3.88,4.23,3.7,4.28,2.86,2.97,2.37,1.58,3.83,3.95,4.98,2.2,2.59,4.09,1.65,3.76,3.3,2.31,3.65,3.67,1.68,3.87,4.09,3.51,4.57,4.18,4.46,3.24,3.72,4.16,2.75,Roofers,0.9
472211,3.38,3.0,3.12,3.12,3.12,3.0,1.5,2.5,2.0,3.0,3.0,3.25,3.12,2.5,1.88,2.62,2.5,2.25,3.0,3.25,3.38,3.0,2.12,3.38,3.62,1.62,3.0,3.12,3.12,2.5,3.0,1.88,3.12,2.88,3.0,2.75,3.25,1.75,2.38,3.0,3.0,2.12,2.25,2.88,3.12,2.75,3.12,2.5,3.62,2.5,3.12,2.5,2.88,3.0,3.12,2.5,3.0,3.12,3.12,1.62,3.0,2.25,3.1,2.33,1.16,3.77,1.79,1.37,2.86,2.81,3.63,1.7,3.1,3.04,3.41,1.17,1.65,1.0,1.52,1.09,1.8,3.76,4.18,1.18,1.85,1.0,2.61,3.08,1.54,2.75,2.05,1.07,1.44,1.31,2.41,2.62,3.86,3.68,3.23,2.96,2.86,2.03,2.7,3.78,2.06,4.41,2.77,1.19,2.4,2.95,3.66,2.22,4.11,1.49,4.28,2.88,2.23,4.1,3.4,3.2,3.98,3.21,4.44,3.28,1.6,2.15,3.22,3.56,3.35,2.51,2.42,3.53,3.42,1.67,3.74,1.72,2.26,2.46,4.0,1.48,4.84,4.57,3.36,2.08,3.98,4.95,2.72,3.79,3.71,1.64,"Sheet Metal Workers, label 1",0.82
472221,4.0,3.38,3.0,3.88,3.12,3.75,1.25,3.62,2.12,3.75,3.62,3.62,2.88,2.88,3.0,3.12,3.75,3.25,2.88,3.38,4.0,2.25,2.0,4.12,4.0,2.0,2.75,3.25,3.12,2.75,3.0,2.5,3.75,3.5,3.5,3.12,3.75,2.12,2.62,3.12,3.12,2.0,2.62,3.5,4.12,3.0,3.88,2.88,4.0,2.62,3.0,2.25,3.0,3.12,3.12,2.88,2.12,3.0,2.75,1.12,3.0,2.25,3.01,1.65,1.17,4.58,1.91,1.55,1.32,2.87,2.83,1.25,2.75,2.36,2.89,1.0,1.0,1.39,1.19,1.0,1.36,3.48,3.67,1.52,2.3,1.14,2.29,1.97,2.06,3.31,1.49,1.27,1.37,1.39,2.45,3.37,3.57,4.39,3.64,3.03,2.98,1.88,1.41,3.55,2.31,4.35,3.86,1.4,4.07,3.45,4.3,4.66,4.19,1.47,4.82,4.53,2.65,4.31,3.68,3.83,4.33,3.79,4.13,2.5,2.67,3.92,1.7,3.44,3.58,4.8,3.29,2.83,4.47,2.27,3.72,3.38,3.4,3.03,3.57,1.61,4.61,4.73,3.85,3.44,4.24,5.0,4.45,4.03,4.4,2.81,Structural Iron and Steel Workers,0.83
473011,3.38,2.88,2.88,3.0,3.0,3.0,2.0,3.0,2.0,3.25,3.25,3.0,2.75,2.0,2.25,2.88,3.0,2.38,2.62,3.12,3.25,2.38,1.88,3.5,3.38,1.62,2.12,3.0,2.88,2.0,2.88,1.88,2.88,2.88,2.88,2.38,2.88,1.75,2.5,2.62,2.88,2.12,3.0,3.0,3.5,2.62,3.62,2.75,3.12,2.75,2.25,2.0,2.38,2.88,3.0,2.25,2.25,3.0,2.38,1.25,2.75,2.0,2.24,1.4,1.23,4.22,2.25,1.33,1.26,2.21,3.12,1.39,2.03,2.19,2.99,1.3,1.19,1.42,1.4,1.19,1.65,3.02,3.2,1.41,1.45,1.19,1.71,2.41,1.39,2.72,1.38,1.25,1.43,1.28,1.98,2.61,3.42,3.58,3.67,3.28,2.24,1.38,2.04,3.78,1.11,4.4,3.45,1.37,3.19,2.51,4.09,4.15,3.4,1.55,4.45,3.93,2.9,4.88,3.07,3.08,4.04,3.5,3.85,3.14,1.83,3.26,1.75,3.28,3.6,4.32,2.85,3.38,3.63,1.88,3.94,3.61,2.76,3.04,4.16,1.35,4.37,4.54,3.51,3.61,4.44,4.95,3.58,3.98,4.27,1.92,"Helpers–Brick masons, Block masons, Stonemasons, and Tile and Marble Setters",0.83
473012,3.25,2.88,3.0,3.0,3.0,3.0,1.38,2.88,2.0,3.12,2.88,3.0,2.38,2.25,2.0,2.62,2.62,2.75,3.0,3.0,3.25,2.12,2.12,3.12,3.38,2.0,2.38,3.0,3.0,2.5,2.38,2.0,3.12,2.62,3.0,2.25,3.0,2.0,2.12,3.0,3.0,2.0,2.38,2.75,3.12,2.38,3.0,2.5,3.0,2.0,2.25,2.25,2.88,3.0,3.0,2.12,2.38,3.0,2.88,1.0,3.0,2.25,3.14,2.0,1.61,4.59,2.57,2.28,1.73,3.5,3.27,2.07,3.07,2.82,3.92,1.19,1.11,1.74,1.66,1.39,2.86,4.09,4.09,1.7,1.96,1.24,2.04,3.33,1.85,3.21,1.84,1.44,3.01,1.53,3.95,3.27,3.65,4.36,3.42,2.54,2.73,1.55,1.92,4.0,2.05,3.97,3.66,1.48,3.02,2.15,4.36,3.25,3.69,1.22,4.48,3.53,3.03,4.66,4.12,3.54,4.18,3.58,4.25,2.5,2.8,2.5,2.9,3.45,3.52,4.16,2.96,2.83,4.07,1.75,3.6,3.16,2.34,3.19,3.77,1.6,4.62,4.65,3.13,3.75,4.0,4.77,3.29,3.68,4.07,1.98,Helpers–Carpenters,0.92
473013,3.38,2.5,2.88,3.25,3.12,2.5,1.38,2.62,2.0,3.38,2.88,3.38,2.5,2.25,2.0,2.88,3.0,2.0,2.88,3.12,4.0,2.25,2.12,3.25,4.0,1.88,2.25,3.12,3.12,2.25,2.38,2.0,3.25,2.0,2.5,2.25,3.12,1.5,2.0,3.0,3.12,2.0,1.88,2.5,2.88,2.5,3.25,3.25,3.0,2.25,2.38,2.38,2.88,3.25,3.12,2.25,2.12,2.75,2.5,1.88,3.12,2.38,3.73,2.69,1.67,3.98,2.19,2.7,2.78,3.79,3.8,2.54,3.63,3.33,3.57,1.41,1.4,1.76,2.25,1.37,2.36,3.53,3.9,1.75,2.54,1.35,3.25,2.75,1.98,3.89,2.25,1.87,2.87,1.84,3.22,1.95,3.03,4.26,3.69,2.94,2.2,1.62,1.5,3.3,2.29,3.98,4.25,1.13,3.15,3.7,3.99,3.37,3.21,1.27,4.43,3.45,2.35,4.89,3.56,3.73,3.67,3.48,4.2,3.28,2.5,2.01,3.29,3.79,2.7,3.95,3.77,1.8,4.01,1.98,3.45,3.86,2.83,3.79,3.84,1.55,4.62,4.72,3.95,3.52,3.91,4.91,2.76,2.4,4.42,2.07,Helpers–Electricians,0.74
473014,3.38,2.63,2.75,2.63,2.75,2.63,1.38,3.0,1.25,3.38,3.0,3.0,2.25,2.13,2.13,3.13,3.38,2.5,2.63,2.88,3.38,1.13,1.88,3.13,3.0,1.88,1.25,3.0,3.0,2.13,2.5,2.25,2.75,2.0,2.25,2.13,2.63,1.88,2.0,2.88,3.0,2.0,2.63,3.0,3.38,2.13,3.38,2.63,2.75,1.63,2.13,2.13,2.38,2.88,2.75,2.25,1.12,2.75,2.12,1.12,3.0,2.0,2.26,1.77,1.09,3.13,1.62,1.08,1.21,2.18,2.14,1.57,2.02,1.84,3.1,1.03,1.14,1.76,1.21,1.03,1.31,2.2,1.89,1.1,1.86,1.11,1.42,1.73,1.41,2.21,1.68,1.11,1.15,1.09,1.99,2.32,2.65,4.43,3.21,2.5,2.19,1.18,1.51,3.39,1.08,2.87,2.2,1.1,2.19,2.32,2.69,3.53,1.92,1.17,3.02,2.87,1.58,4.76,3.36,3.86,3.59,3.5,3.27,3.05,1.58,1.55,2.01,2.87,2.96,3.96,2.83,2.46,3.44,2.0,3.79,3.56,2.66,3.16,4.0,1.25,4.49,4.5,2.86,3.57,3.64,4.09,2.48,3.41,4.51,1.58,"Helpers–Painters, Paperhangers, Plasterers, and Stucco Masons",0.94
473015,3.38,2.0,2.88,3.0,2.88,2.75,1.62,2.62,1.62,3.25,2.5,3.0,2.12,2.12,1.88,2.62,2.62,2.12,2.75,3.0,3.75,2.25,2.0,3.38,3.25,1.75,2.12,3.25,3.0,2.12,2.0,1.88,3.25,2.0,2.25,2.12,2.75,1.75,2.0,2.88,3.0,2.0,2.12,2.75,3.0,2.12,3.25,2.0,3.12,2.0,2.12,2.0,2.62,2.88,2.88,2.0,2.25,2.88,2.38,1.12,2.5,2.0,3.13,2.34,1.29,4.46,1.82,1.34,1.78,3.67,2.92,2.14,2.81,2.87,3.28,1.0,1.0,2.11,1.56,1.13,2.33,3.5,3.64,1.1,2.19,1.03,1.92,2.37,1.27,2.81,2.0,1.05,1.57,1.15,2.72,2.29,3.37,4.14,3.36,3.39,3.0,1.28,1.38,2.67,1.24,3.2,4.02,2.78,3.04,2.57,3.47,2.78,3.57,1.37,3.54,3.74,2.57,4.22,3.06,3.78,3.0,3.41,3.52,2.78,4.35,1.82,2.99,3.61,2.67,4.48,3.36,2.65,3.69,1.08,4.11,2.36,2.31,3.8,3.73,1.89,4.24,4.64,3.14,3.58,3.84,4.45,1.61,3.0,3.92,2.51,"Helpers-Pipelayers, Plumbers, Pipefitters, and Steamfitters",0.57
473016,3.25,2.88,2.88,2.75,2.88,3.12,1.75,2.62,2.0,3.12,3.0,3.12,3.0,2.5,2.5,3.0,3.5,2.62,2.75,3.0,3.5,2.25,1.88,3.38,2.88,1.88,2.25,3.0,3.0,2.25,2.88,2.12,3.25,2.25,2.88,2.5,2.88,2.25,2.62,3.25,3.12,2.0,2.88,3.0,3.12,2.38,3.75,2.75,3.25,2.38,2.38,2.0,2.62,3.0,2.88,2.25,2.25,3.0,2.38,1.0,2.88,2.25,3.62,1.89,1.32,3.85,2.12,1.51,1.3,3.5,2.4,1.86,3.01,1.79,2.85,1.24,1.18,1.95,1.52,1.2,1.54,3.39,3.28,2.79,2.64,1.69,2.09,2.01,2.05,3.4,2.33,1.71,1.89,1.59,3.29,2.39,3.53,3.5,3.6,3.01,2.93,1.81,2.85,2.79,1.79,3.94,2.75,1.18,2.7,2.86,3.32,4.51,3.5,3.02,3.55,3.93,2.29,4.35,3.21,2.85,4.33,3.76,3.95,2.64,2.26,2.27,1.65,2.93,3.25,4.5,2.97,2.34,3.47,2.3,3.94,2.7,2.57,3.98,3.84,1.75,4.57,4.68,3.66,2.62,3.1,3.89,3.02,3.17,4.14,1.85,Helpers–Roofers,0.72
474011,2.375,2.185,3.185,2.5,3.815,2.25,1.0,1.94,1.375,2.25,3.06,2.315,3.185,3.19,1.94,2.0,2.125,2.125,3.875,3.25,2.315,3.25,2.685,2.31,3.75,1.875,3.19,3.94,4.0,2.875,3.0,1.94,3.87,1.875,1.875,1.88,3.0,2.0,2.12,3.25,3.25,2.94,1.315,1.94,2.06,2.88,2.25,2.81,3.0,1.75,4.0,3.94,3.12,3.75,3.815,3.0,3.19,3.19,3.94,2.625,3.815,3.37,3.15,3.125,1.7000000000000002,4.34,2.2350000000000003,2.41,3.225,3.895,3.345,2.605,3.145,3.495,3.67,1.21,1.31,1.735,2.23,1.65,3.035,3.72,3.515,1.4,2.375,1.33,3.1,2.305,2.17,3.4850000000000003,2.62,1.6749999999999998,2.385,1.395,2.26,3.0700000000000003,3.02,4.195,3.16,4.0600000000000005,3.02,1.66,1.895,3.935,4.895,3.075,2.96,1.3,3.395,2.085,2.56,2.89,2.145,1.035,3.215,3.345,1.24,4.57,4.48,4.125,3.21,3.87,3.975,2.715,4.045,1.4,3.79,3.9,2.925,4.1000000000000005,3.22,1.59,3.145,2.135,2.24,2.095,2.02,2.25,2.14,2.745,3.165,2.46,2.6,4.7,4.09,4.04,2.16,2.915,3.965,3.585,Construction and Building Inspectors,0.63
474021,3.5,2.38,3.12,3.25,3.75,2.75,1.25,2.25,1.62,3.38,2.88,3.5,3.12,2.88,1.88,2.5,3.12,2.62,3.5,3.38,3.62,2.38,2.38,3.12,3.5,1.62,2.12,3.62,3.25,2.75,2.88,1.75,3.75,2.62,3.12,2.75,3.0,2.0,2.12,2.75,3.0,2.25,2.0,2.38,2.62,2.62,3.12,2.88,3.25,2.25,3.12,3.12,3.12,3.38,3.62,2.38,2.25,3.12,3.12,1.88,3.0,2.75,3.06,2.93,1.39,3.65,2.42,1.74,3.4,3.77,2.96,1.86,2.91,3.17,3.12,1.39,1.38,1.46,1.78,1.39,2.5,3.25,4.33,1.81,2.45,1.5,2.82,2.31,1.76,3.57,2.49,1.45,2.68,1.42,2.71,3.13,4.33,4.39,3.96,4.4,3.84,1.48,2.0,4.26,4.71,4.31,4.57,2.19,4.44,4.85,4.36,4.59,4.23,1.0,4.42,3.83,1.63,4.54,3.99,4.97,4.71,4.68,4.54,3.64,4.27,1.47,4.41,3.81,3.73,3.26,2.56,2.54,3.61,1.46,4.43,2.68,2.26,3.5,3.55,2.16,4.03,4.84,3.59,4.74,4.08,4.57,2.49,4.12,3.81,2.53,Elevator Installers and Repairers,0.39
474031,3.25,2.25,2.62,3.12,3.0,3.0,1.5,3.12,2.25,3.0,2.75,3.25,2.38,2.0,2.12,2.88,2.38,2.12,2.75,3.12,3.75,2.0,2.0,3.62,3.12,1.75,2.12,3.0,3.0,1.88,2.5,2.0,3.0,2.62,3.0,2.75,2.75,1.88,2.25,2.62,3.0,2.0,2.75,3.12,3.38,2.12,3.75,2.0,2.88,2.38,2.25,2.12,2.25,3.0,3.0,2.25,2.25,3.0,2.5,1.12,3.0,2.0,3.78,2.15,1.56,4.0,1.52,2.17,2.51,4.02,3.72,1.5,3.34,3.07,3.35,1.79,1.55,2.36,2.59,1.55,1.96,3.49,3.26,1.21,2.55,1.75,2.45,3.08,1.92,3.03,3.23,1.55,2.05,1.55,3.88,3.22,4.11,4.34,3.75,3.66,2.27,1.87,2.39,4.5,1.45,3.29,3.28,1.36,2.82,1.98,4.24,3.83,3.12,1.13,4.34,3.77,3.26,4.71,4.23,2.74,4.76,3.32,4.07,3.45,3.84,3.7,3.06,2.54,3.75,4.76,2.78,2.35,3.94,1.91,3.94,2.98,2.69,3.64,4.14,1.68,4.46,4.17,3.95,4.35,4.52,4.94,2.6,4.54,4.03,3.06,Fence Erectors,0.92
474041,3.5,2.88,3.5,3.75,3.5,2.88,1.12,2.38,1.75,3.12,3.0,3.0,3.0,2.88,2.12,2.38,2.38,2.88,3.38,3.38,3.25,2.38,2.62,3.38,3.62,2.0,2.5,3.88,3.62,2.75,3.0,2.0,4.0,2.75,2.88,2.75,3.12,2.0,2.12,3.25,3.5,2.75,1.75,2.25,3.0,2.88,2.88,2.88,3.25,2.0,3.25,3.5,3.0,3.25,3.5,2.5,2.0,3.62,3.12,2.0,3.12,3.0,3.46,2.58,2.23,3.24,2.58,1.75,2.06,3.4,2.51,2.04,2.52,2.56,3.09,1.74,1.95,2.27,1.8,1.53,2.57,2.84,3.1,2.12,2.53,1.7,2.41,2.17,2.06,3.6,2.33,1.67,2.26,1.69,3.41,3.18,3.25,3.97,3.56,3.37,2.54,1.97,2.1,3.16,2.79,4.14,3.28,1.72,2.64,3.08,3.24,3.14,2.84,1.9,2.99,3.45,2.65,4.78,3.32,3.35,4.35,3.44,3.75,3.16,2.96,2.73,3.43,3.69,2.86,3.58,3.32,2.79,3.68,2.25,3.1,3.11,2.59,3.13,3.49,2.25,3.87,3.85,3.62,4.12,3.88,4.58,4.52,3.7,4.09,3.16,Hazardous Material Remover Workers,0.53
474051,3.38,3.25,3.0,3.88,3.0,3.0,1.0,2.88,1.62,3.12,3.12,3.12,3.12,2.12,2.25,2.75,2.12,2.88,3.0,3.12,3.25,2.12,2.0,3.88,3.25,1.88,2.12,3.38,3.12,2.12,3.0,2.0,3.38,3.0,3.12,3.12,3.12,2.12,2.75,3.0,3.0,2.25,2.75,3.12,3.38,3.0,3.12,2.62,3.12,2.12,2.62,2.5,2.38,3.0,2.88,2.0,2.12,3.12,2.75,1.0,3.0,2.12,3.0,2.13,1.97,3.21,2.2,2.31,2.01,2.95,2.58,2.27,3.03,2.87,3.51,1.32,1.33,1.64,2.53,1.34,2.35,2.8,2.99,1.58,2.29,1.53,2.08,2.62,2.18,4.23,1.51,1.84,2.27,1.62,3.26,3.67,4.15,4.25,3.52,3.73,3.39,2.12,2.29,3.37,2.72,4.65,2.74,2.05,3.65,2.41,4.33,2.29,3.66,1.19,4.63,4.24,4.02,4.8,3.51,4.23,4.0,3.76,4.1,3.51,4.46,3.66,2.07,3.61,3.11,4.94,2.02,3.35,3.73,1.91,4.12,1.91,2.66,2.24,4.22,2.77,3.95,4.49,3.41,3.54,3.72,4.86,2.19,3.89,4.64,1.94,Highway Maintenance Workers,0.87
474061,3.62,3.12,2.88,3.88,3.12,3.38,1.25,3.12,2.0,3.12,3.62,3.12,3.38,2.5,2.88,3.0,2.75,3.0,3.0,3.12,3.75,2.12,2.0,3.75,3.38,1.88,2.12,3.12,3.0,2.25,3.25,2.0,3.62,3.25,3.62,3.12,3.12,1.88,2.75,2.88,2.88,2.75,2.75,3.0,3.25,2.88,3.12,2.88,3.38,2.38,2.88,2.5,2.62,3.0,3.12,2.5,2.25,3.12,2.38,1.25,2.88,2.25,3.04,2.55,1.74,3.51,2.27,1.83,2.08,2.82,2.55,1.99,2.92,2.99,2.64,1.28,1.48,1.57,2.3,1.53,2.45,2.94,3.65,1.68,2.46,1.45,2.58,2.86,2.14,3.25,2.09,1.62,2.39,1.48,3.66,2.71,3.84,4.56,4.03,2.59,2.42,1.56,2.15,4.07,2.15,3.97,2.94,1.57,3.94,2.76,4.31,2.32,3.86,1.49,4.79,4.38,3.71,4.89,4.0,3.57,4.39,3.79,3.92,3.3,4.13,3.41,1.39,2.59,2.87,4.95,2.03,3.64,4.39,2.3,3.75,1.48,2.13,2.83,3.91,2.36,3.79,4.35,3.26,4.4,3.9,4.99,2.64,4.01,4.34,3.33,Rail-Track Laying and Maintenance Equipment Operators,0.89
474071,3.5,3.0,2.75,3.62,3.12,3.38,1.62,2.88,1.88,3.12,3.12,2.88,3.5,2.5,2.62,2.75,2.5,3.25,3.0,2.88,3.75,2.12,2.38,3.5,3.25,2.0,2.38,3.5,3.12,2.25,3.0,2.25,3.5,2.88,3.25,2.88,3.0,2.12,2.62,2.62,2.75,2.5,2.25,2.62,3.12,2.88,3.0,2.88,3.0,2.62,2.75,2.5,2.75,3.0,3.12,2.62,2.38,2.88,2.75,1.25,2.75,2.5,3.04,2.38,1.88,2.8,2.31,1.87,2.22,3.94,2.49,2.03,2.81,2.57,3.39,1.0,1.15,1.32,2.13,1.24,2.61,3.19,3.49,1.61,2.47,1.15,2.39,2.54,1.85,3.38,2.18,1.38,2.14,1.35,3.52,2.95,2.67,4.6,4.08,4.44,3.15,1.53,1.56,3.75,2.83,4.53,3.01,3.58,4.1,2.82,3.74,1.85,3.37,1.17,4.27,4.33,3.28,4.71,4.06,4.31,3.85,3.79,3.39,2.97,4.27,3.58,1.86,3.2,2.41,4.95,2.49,2.87,4.06,1.87,3.6,2.01,2.07,2.93,3.54,2.43,3.41,4.29,3.18,4.74,3.82,4.5,2.43,3.62,4.46,3.32,Septic Tank Servicers and Sewer Pipe Cleaners,0.83
474091,3.38,2.75,3.0,3.5,3.12,3.0,1.0,2.75,1.12,2.25,2.88,3.12,2.5,2.62,2.12,2.5,2.0,2.5,3.12,3.25,3.38,2.12,2.0,3.62,3.38,1.88,2.12,3.62,3.62,2.62,2.75,2.12,3.38,2.75,3.0,2.88,2.88,1.75,2.5,3.25,3.38,2.25,2.62,2.5,3.25,2.62,3.0,2.5,3.0,2.12,3.0,3.0,2.62,3.5,3.25,2.38,2.0,2.88,2.75,1.12,3.5,2.62,2.98,1.42,1.48,3.09,2.1,1.5,1.42,2.97,2.52,2.0,2.18,2.49,1.9,1.17,1.03,1.37,1.77,1.56,1.94,2.45,3.72,1.48,1.54,1.34,1.78,1.75,1.68,2.66,1.79,1.22,1.62,1.7,2.98,3.91,2.9,4.63,4.33,4.73,3.22,1.96,2.61,3.73,2.56,3.17,1.85,1.31,2.76,1.93,3.16,1.82,2.48,1.03,4.11,3.71,1.71,4.96,4.09,4.0,3.45,3.71,3.75,3.23,4.39,1.83,3.31,3.15,3.12,4.35,2.31,1.86,3.52,2.21,2.24,1.35,1.71,1.9,3.35,3.08,3.16,2.93,3.44,4.81,4.06,4.13,1.22,4.05,4.39,3.75,Segmental Pavers,0.83
475011,3.75,3.5,3.0,3.88,3.38,3.5,1.25,2.75,1.25,3.63,3.38,3.25,3.38,2.38,2.88,3.25,3.38,3.5,3.25,3.13,3.75,2.38,2.38,4.0,3.25,2.0,2.63,3.25,3.38,2.25,3.25,2.38,3.63,3.13,3.75,3.25,3.38,2.38,2.63,3.38,3.25,3.0,3.13,3.5,3.63,2.88,3.5,3.13,3.25,2.75,2.75,2.75,2.75,3.25,3.5,2.75,2.38,3.38,2.88,1.25,3.38,2.75,2.68,1.87,1.52,2.48,2.41,1.62,1.98,2.36,1.87,1.75,3.03,2.23,3.21,1.07,1.11,1.47,2.23,1.32,2.4,3.31,3.58,1.85,2.37,1.13,2.41,2.15,2.23,2.84,1.43,1.79,1.28,1.77,2.75,3.38,2.72,4.56,3.53,3.0,2.9,1.97,1.66,3.9,1.17,4.99,3.79,1.01,4.24,4.62,4.83,4.61,4.73,2.16,4.94,4.68,3.78,4.32,3.94,3.98,4.77,4.18,3.93,4.17,2.69,2.83,1.04,2.58,2.86,4.99,3.11,3.08,4.48,1.76,4.14,3.48,2.42,2.91,4.28,1.91,4.48,4.64,3.63,3.25,3.21,5.0,4.05,4.08,4.54,2.47,"Derrick Operators, Oil and Gas",0.8
475012,3.75,3.13,3.13,4.0,3.38,2.88,1.0,2.5,1.13,2.63,2.75,3.5,3.0,2.5,2.13,2.63,2.75,2.75,3.38,3.63,3.75,2.5,2.25,3.75,3.88,2.13,2.63,3.63,3.63,2.5,3.13,1.88,4.0,3.38,3.13,2.63,3.38,1.75,2.25,3.13,3.13,2.5,2.0,2.38,2.88,2.88,2.75,2.88,3.0,1.88,3.13,3.25,2.88,3.38,3.62,3.0,2.38,3.5,3.12,1.25,3.25,3.0,3.33,2.33,1.35,2.17,2.75,2.14,1.69,2.4,1.6,1.64,3.2,2.62,2.61,1.01,1.01,1.36,2.02,1.2,2.06,3.76,3.87,2.0,3.08,1.24,2.38,2.74,2.53,2.84,1.62,1.09,1.61,1.76,2.74,3.29,4.46,4.36,3.86,3.26,3.16,1.53,1.83,3.97,1.56,4.71,3.29,1.28,3.42,4.2,4.38,3.83,3.64,1.85,4.86,4.45,3.91,4.94,4.21,4.51,4.84,4.64,4.61,4.39,2.91,3.74,1.07,3.28,4.37,4.97,3.71,3.79,4.18,2.55,3.36,2.72,2.02,2.07,3.72,1.75,4.36,4.53,2.85,3.6,4.1,4.98,3.4,4.58,4.86,3.05,"Rotary Drill Operators, Oil and Gas",0.53
475013,4.0,3.25,3.0,4.0,3.12,3.12,1.0,2.75,1.25,3.0,3.25,3.0,3.12,2.62,2.38,2.75,3.0,3.5,3.25,3.0,3.38,2.88,2.38,3.75,3.62,2.12,2.75,3.38,3.25,2.62,3.38,2.12,4.0,3.0,3.5,2.88,3.38,2.75,2.75,3.25,3.25,2.88,2.88,2.75,3.12,3.0,3.0,3.12,3.12,2.88,3.0,3.0,3.0,3.38,3.75,2.88,2.75,3.62,3.0,1.38,3.0,3.0,3.12,2.78,1.5,2.33,3.14,1.77,2.84,3.68,2.76,2.33,3.21,3.37,3.15,1.0,1.27,1.8,1.84,1.32,1.86,3.85,4.05,1.82,2.87,1.27,2.9,3.07,2.66,3.25,3.14,1.61,1.75,1.18,3.12,2.43,4.25,4.83,3.97,3.03,2.88,1.5,2.11,3.94,2.71,4.77,4.12,1.43,3.57,4.54,4.58,3.93,4.07,2.18,4.63,4.61,2.59,4.67,4.16,4.88,4.66,4.69,4.35,4.09,4.26,3.78,1.77,3.19,3.71,5.0,3.09,4.07,4.16,2.19,3.86,3.43,3.14,2.63,3.88,1.84,4.3,4.25,3.35,4.02,4.35,4.97,4.23,4.15,4.58,3.03,"Service Unit Operators, Oil, Gas, and Mining",0.93
475041,3.88,3.0,3.0,4.0,3.12,3.5,1.5,2.75,1.88,3.12,3.38,3.0,3.12,2.38,2.62,2.62,2.0,3.5,3.12,3.0,3.38,1.88,2.12,3.75,3.62,2.62,1.88,2.88,3.12,2.12,3.12,2.25,3.75,3.62,3.75,3.12,3.5,2.62,2.75,2.88,2.88,2.62,2.25,2.75,3.0,3.0,3.12,3.0,3.0,2.25,2.38,2.25,2.75,3.0,3.25,2.38,2.0,3.0,2.75,1.38,3.0,2.12,2.81,1.66,1.53,2.53,1.84,2.05,1.93,2.17,2.57,1.52,3.25,2.56,2.83,1.0,1.21,1.1,1.91,1.4,3.37,2.55,3.94,1.7,2.34,1.1,2.06,3.71,1.88,2.67,1.56,1.46,2.44,1.36,2.7,2.94,4.27,4.44,3.71,1.22,3.11,1.59,1.65,3.83,1.35,5.0,3.99,1.23,3.99,3.48,4.76,2.45,2.86,1.0,4.82,2.72,3.59,4.84,4.02,4.71,4.5,3.84,4.11,3.2,2.9,3.38,1.32,3.37,3.62,1.93,1.92,3.86,3.35,1.66,3.59,1.75,2.44,2.18,4.14,2.1,3.94,4.89,2.87,2.25,3.4,5.0,3.15,3.37,4.61,1.96,Continuous Mining Machine Operators,0.54
475051,3.88,2.38,2.88,3.5,2.88,2.88,1.12,3.0,1.25,3.12,2.5,3.0,2.75,1.88,1.88,2.62,2.62,2.38,2.75,2.88,3.25,1.88,2.0,3.62,3.25,1.88,2.0,3.0,2.88,2.0,2.75,1.88,3.0,2.88,2.88,2.75,2.88,1.62,2.25,2.88,2.88,2.0,2.5,3.12,3.5,2.5,3.38,2.88,3.0,2.25,2.38,2.12,2.12,3.0,2.75,2.0,1.88,2.88,2.75,1.12,2.62,2.12,2.74,2.25,1.81,2.38,2.2,2.06,2.17,2.57,2.21,2.24,2.75,2.07,2.65,1.46,1.64,2.15,1.67,1.69,2.11,2.81,2.86,2.29,2.59,1.95,2.17,2.96,2.19,2.75,2.26,1.72,2.0,2.44,2.54,1.43,3.28,3.18,2.67,2.17,1.37,1.11,1.83,2.8,1.31,4.48,1.85,1.0,2.12,2.82,3.75,3.02,2.82,1.51,3.46,3.95,3.74,3.48,3.41,2.43,3.56,2.66,3.74,2.4,1.85,3.7,1.27,2.54,2.33,4.77,2.46,3.04,2.72,1.43,3.57,2.06,1.98,2.51,3.04,1.53,4.48,4.01,2.94,1.83,2.61,5.0,2.63,2.15,3.79,1.09,"Rock Splitters, Quarry",0.96
475071,3.25,3.0,2.88,3.25,3.0,3.0,1.5,2.5,2.0,3.25,3.25,3.0,3.0,2.0,2.12,2.62,3.0,3.0,2.75,3.12,3.75,2.0,2.0,3.75,3.5,2.0,2.0,3.12,3.0,2.0,2.88,2.12,3.5,3.0,3.0,2.75,3.0,2.12,2.0,2.88,3.0,2.25,2.38,3.12,3.25,2.88,3.25,2.62,3.0,2.12,2.25,2.0,2.5,2.88,3.12,2.25,2.0,3.0,2.12,1.0,2.75,2.12,2.08,1.88,1.26,2.25,2.03,1.32,1.86,3.07,2.16,1.51,2.34,2.33,2.41,1.06,1.09,1.1,1.67,1.06,1.28,2.49,3.62,1.09,1.76,1.1,2.37,2.53,1.43,1.89,1.6,1.1,1.5,1.06,2.5,2.4,3.62,4.58,3.23,2.86,2.62,1.14,1.92,3.56,2.67,4.05,3.24,1.14,3.15,3.35,3.7,2.69,3.14,1.29,3.59,4.6,2.3,4.86,3.94,4.51,4.05,3.85,3.74,3.31,4.3,2.78,2.2,4.21,3.05,4.98,2.65,2.81,3.94,1.63,3.76,1.88,2.69,2.97,3.7,1.77,4.16,4.69,3.09,4.51,4.28,5.0,2.65,3.98,4.44,1.63,"Roustabouts, Oil and Gas",0.68
475081,3.88,3.12,2.88,3.75,3.12,3.38,1.5,3.0,1.88,3.12,3.62,3.38,3.0,2.5,2.75,3.0,3.0,3.12,3.0,3.25,4.0,2.25,2.5,3.75,3.62,1.88,2.12,3.25,3.0,2.38,3.12,2.38,3.62,3.38,3.75,3.12,3.25,2.25,3.0,2.88,3.0,2.5,2.62,3.12,3.62,2.75,3.5,2.75,3.12,2.38,2.75,2.25,2.88,3.0,3.12,2.62,2.5,3.75,2.75,1.38,2.88,2.38,2.93,2.13,1.56,2.23,2.35,1.79,2.06,2.77,1.96,2.15,2.86,2.56,3.53,1.0,1.26,1.35,1.87,1.03,2.17,3.03,4.04,1.57,2.48,1.0,2.42,2.81,1.54,2.93,2.16,1.2,1.92,1.19,3.34,3.04,3.84,4.3,4.22,2.77,3.06,1.21,1.52,4.03,1.94,4.68,3.38,1.15,3.54,4.29,4.89,3.45,3.54,1.0,4.76,4.36,3.28,4.82,4.12,4.13,4.06,4.05,3.94,3.13,4.0,4.23,2.81,4.58,3.23,4.67,2.36,3.91,4.2,2.46,3.8,2.33,2.37,2.68,4.08,2.35,3.65,4.44,3.47,3.86,3.47,5.0,3.31,3.83,4.46,2.82,Helpers-Extraction Workers,0.37
491011,3.0,3.0,3.12,3.0,3.88,2.88,1.0,2.0,1.38,2.12,3.25,3.0,3.25,3.0,2.0,2.0,2.0,3.0,3.88,3.75,3.0,2.88,2.88,2.88,3.88,2.0,3.0,4.0,4.0,2.75,3.12,2.0,3.75,2.25,2.75,2.12,3.25,2.5,1.88,3.75,3.75,2.88,1.75,2.0,2.25,2.75,2.88,2.75,3.12,2.12,4.0,3.12,3.25,3.62,3.75,3.12,2.88,4.0,3.62,1.75,3.75,3.0,3.95,3.33,1.42,1.83,2.44,1.98,2.95,3.72,2.38,2.9,2.8,2.53,3.19,1.03,1.01,1.48,1.23,1.1,1.7,3.1,3.83,1.13,3.19,1.1,1.95,2.87,2.08,2.84,2.81,1.64,1.85,1.52,2.44,2.87,2.49,4.81,4.24,3.38,2.73,1.51,1.46,4.5,4.41,3.81,2.36,1.37,2.17,2.74,3.54,2.43,2.67,1.47,3.97,3.42,1.69,4.53,4.36,4.09,4.25,4.0,4.43,3.87,3.04,2.13,3.35,3.38,2.91,3.26,2.15,1.64,3.37,2.35,3.13,1.72,1.57,2.32,2.91,3.11,3.01,3.78,2.89,4.84,3.93,3.95,1.91,4.41,4.35,2.89,"First-Line Supervisors of Mechanics, Installers, and Repairers",0.003
492011,3.12,2.12,3.0,3.12,3.12,2.12,1.0,2.0,1.38,2.5,2.75,3.5,2.75,2.88,2.0,2.0,2.0,2.12,3.12,3.38,3.12,1.88,2.38,2.75,3.88,1.75,2.0,3.75,3.62,2.75,2.88,1.88,3.62,2.0,2.0,2.0,3.0,2.0,2.12,3.5,3.5,2.38,1.75,2.0,2.12,2.88,2.38,3.0,3.38,2.0,3.5,3.0,3.0,3.62,3.5,2.62,1.88,3.0,3.12,1.88,3.25,3.0,1.58,1.79,1.05,1.44,1.13,1.87,4.34,4.01,1.76,1.32,2.4,3.09,3.04,1.01,1.02,1.05,1.47,1.01,1.14,1.98,3.64,1.05,1.53,1.01,1.82,2.05,1.38,1.82,1.76,1.08,2.33,1.01,2.37,3.2,2.56,4.1,3.11,4.2,2.92,1.42,2.46,4.42,4.52,3.18,3.18,1.19,2.12,2.27,1.59,1.26,2.49,1.03,2.2,2.55,1.06,4.34,4.54,4.04,2.45,3.69,4.01,3.65,3.2,1.02,4.44,2.12,2.87,2.25,1.44,1.91,3.5,1.68,2.58,1.22,1.45,2.7,2.78,2.04,3.92,4.24,2.62,4.93,4.24,2.0,1.1,2.95,3.55,2.33,"Computer, Automated Teller, and Office Machine Repairers",0.74
492021,3.38,2.62,3.12,3.12,3.38,2.62,1.75,2.12,2.12,3.12,3.0,3.25,2.75,2.88,2.0,2.38,2.75,2.5,3.12,3.38,3.25,2.75,2.88,2.88,3.88,2.0,2.38,3.25,3.12,2.38,3.12,2.0,3.88,2.12,2.38,2.38,3.0,2.0,2.25,3.12,3.25,2.38,1.75,2.12,2.88,2.5,2.88,2.88,3.0,2.5,3.12,3.0,3.0,3.25,3.25,2.62,2.75,3.12,3.25,1.75,3.25,3.0,3.26,2.81,1.31,2.5,1.58,3.02,4.08,3.88,2.47,2.5,2.91,3.21,3.2,1.13,1.08,1.28,2.31,1.32,2.01,3.02,3.36,1.57,2.48,1.4,2.4,2.5,1.73,3.15,2.28,1.32,3.91,1.32,2.26,2.31,3.58,4.11,3.7,3.66,2.3,1.27,1.48,3.68,4.23,2.63,2.75,1.21,2.34,1.77,2.75,3.09,2.15,1.78,2.78,3.05,1.48,4.77,3.74,3.67,3.47,3.53,4.25,2.88,3.27,2.07,3.5,3.41,2.79,3.56,2.24,1.54,3.84,1.46,2.62,2.2,1.92,2.27,2.8,2.74,2.96,4.28,2.64,4.24,3.48,3.89,2.5,3.39,4.29,2.98,"Radio, Cellular, and Tower Equipment Installers and Repairs",0.93
492022,3.75,3.0,3.12,3.25,3.5,3.0,1.12,2.38,1.5,3.12,3.25,3.62,3.38,3.0,2.38,3.0,3.0,2.88,3.5,3.5,3.62,2.88,3.0,3.38,3.88,2.12,2.38,3.88,3.38,2.75,3.25,1.88,3.88,2.25,2.75,2.75,3.12,2.0,2.5,3.38,3.38,3.0,2.0,2.75,3.0,2.88,3.0,3.88,3.25,2.12,3.12,2.88,3.12,3.5,3.62,2.88,2.25,3.38,3.38,2.0,3.25,3.0,2.87,2.89,1.53,2.12,1.53,2.8,4.2,4.43,2.32,1.76,3.02,3.17,4.0,1.18,1.13,1.43,2.18,1.21,2.31,3.49,3.21,1.26,2.49,1.18,2.09,2.61,1.87,3.34,2.69,1.55,4.38,1.41,2.39,3.0,2.64,4.54,3.01,4.23,3.23,1.39,1.67,3.77,4.77,3.43,3.66,1.86,3.77,2.76,3.88,3.37,3.02,1.11,3.76,3.84,1.4,4.29,4.47,4.67,3.26,4.14,4.16,3.89,4.72,2.23,3.08,3.32,2.74,4.34,2.47,1.11,3.49,1.71,3.04,2.68,1.74,2.86,3.21,2.44,3.54,4.33,2.84,4.69,4.12,4.08,2.73,2.61,3.81,2.79,"Telecommunications Equipment Installers and Repairers, Except Line Installers",0.36
492091,3.38,2.38,3.0,3.38,3.62,2.0,1.0,2.0,1.5,2.25,2.88,3.62,2.88,2.88,1.5,2.0,2.0,2.88,3.62,3.75,3.25,2.5,2.38,2.75,3.75,1.5,2.25,3.75,3.5,2.88,3.0,1.5,3.75,2.0,2.12,2.12,3.0,1.5,1.62,3.12,3.12,2.25,1.0,2.0,2.12,2.62,2.38,3.0,3.25,2.0,3.88,3.62,3.0,3.38,3.75,2.62,2.12,3.12,3.25,2.88,3.38,3.25,2.49,2.81,1.22,1.48,2.64,2.13,4.37,3.5,3.42,1.84,3.15,3.76,4.2,1.29,1.17,1.6,1.59,1.34,2.61,3.4,4.22,1.37,2.08,1.44,2.79,2.97,1.76,3.11,1.81,1.41,3.44,1.21,2.81,3.01,3.59,4.08,3.68,2.96,2.51,1.22,1.75,3.82,3.92,3.57,3.13,1.12,2.69,3.52,3.02,2.42,2.98,1.39,3.73,2.59,1.26,4.58,3.84,3.75,3.39,4.15,4.42,2.88,2.0,2.34,4.1,3.11,3.39,2.68,2.12,1.59,3.63,1.44,2.85,2.17,1.81,2.65,2.85,2.98,3.11,4.22,2.48,3.75,4.54,4.07,2.51,3.2,4.05,2.31,Avionics Technicians,0.7
492092,3.62,3.0,3.0,3.12,3.25,3.0,1.12,2.38,1.88,3.0,2.88,4.0,3.12,2.88,2.12,2.12,2.0,3.25,3.25,3.5,3.75,2.75,2.75,3.12,3.88,1.75,2.5,3.12,3.0,2.75,3.12,1.88,3.88,3.0,3.12,2.75,3.0,2.12,2.0,2.88,2.88,3.12,2.38,2.38,2.88,2.75,2.88,3.25,3.25,2.75,3.12,2.88,2.88,3.12,3.75,2.75,2.62,2.88,3.0,2.12,3.0,2.88,3.03,2.51,1.0,2.41,1.94,1.63,2.39,3.01,2.49,1.69,2.86,2.56,3.22,1.09,1.37,1.12,1.35,1.26,1.81,2.99,4.23,1.43,2.06,1.11,2.46,3.24,1.55,2.62,1.98,1.11,1.73,1.31,1.9,2.88,3.55,3.93,3.91,3.16,2.86,1.22,1.51,3.92,2.74,4.59,2.91,2.02,3.01,3.86,3.97,2.27,3.8,1.0,3.99,3.42,1.63,4.68,4.11,4.31,3.38,3.95,4.51,3.25,2.55,1.88,3.14,4.25,3.29,2.62,2.34,2.94,3.39,1.55,3.06,2.0,2.25,3.02,3.68,1.91,4.4,4.64,2.9,3.79,4.04,4.67,2.46,3.34,4.03,2.64,"Electric Motor, Power Tool, and Related Repairers",0.76
492093,4.0,2.38,3.0,3.25,3.12,2.62,1.0,2.12,1.75,3.25,3.0,3.38,2.88,2.38,1.62,2.12,2.38,2.38,3.12,3.25,3.62,2.25,2.0,3.25,4.0,1.62,2.25,3.25,3.0,2.38,2.5,1.62,3.75,1.88,2.25,2.0,3.0,1.62,1.62,3.0,2.88,2.12,1.38,2.0,2.12,2.5,2.88,3.38,3.0,2.0,3.0,2.88,2.25,3.38,3.62,2.12,2.12,3.12,3.12,2.12,3.0,3.0,2.8,2.88,1.39,2.56,2.22,2.34,4.25,3.37,3.55,2.53,3.4,4.36,3.46,1.45,1.22,1.69,2.08,1.34,2.8,3.88,3.63,1.58,2.39,1.63,3.06,3.34,2.48,3.82,1.46,1.88,3.43,1.5,3.3,2.62,3.68,4.04,3.58,2.1,2.67,1.47,1.86,3.97,3.2,4.19,3.91,1.16,2.78,3.43,3.89,2.18,3.76,1.1,4.09,3.29,1.68,4.48,3.71,3.37,4.13,3.36,4.18,3.13,2.88,3.4,3.79,3.91,2.63,4.01,2.03,2.32,3.15,1.91,3.75,2.31,2.72,3.86,4.03,2.27,3.98,4.76,3.32,2.88,4.48,4.43,1.88,3.58,3.5,2.43,"Electrical and Electronics Installers and Repairers, Transportation Equipment",0.91
492094,3.75,2.62,3.12,3.0,3.75,2.62,1.0,2.12,1.62,2.88,3.0,3.62,3.25,3.0,1.5,2.0,2.12,2.88,3.12,3.88,3.62,2.88,2.75,2.62,3.88,1.5,2.75,3.75,3.12,3.0,3.25,1.5,3.88,2.5,2.62,2.25,3.0,1.62,1.5,3.0,3.0,2.62,1.62,2.0,2.75,2.25,2.25,3.25,3.25,2.5,3.12,3.0,3.0,3.12,3.75,2.88,2.75,3.12,3.12,2.75,3.12,3.0,3.53,2.67,1.5,2.3,2.35,2.44,4.22,3.66,3.27,1.74,3.15,3.52,3.52,1.1,1.13,1.39,1.41,1.45,1.98,3.57,4.11,1.47,2.36,1.34,2.85,3.92,2.29,2.51,1.41,1.62,2.76,1.49,2.41,3.02,3.55,4.36,3.38,2.65,2.78,1.25,2.36,4.3,4.3,3.66,3.01,1.03,2.37,3.34,3.61,2.69,2.89,1.26,4.07,2.34,1.55,4.63,4.25,3.43,3.05,3.47,4.41,3.29,1.99,1.49,4.69,2.6,2.27,2.25,2.09,2.27,3.55,2.28,2.88,1.92,1.68,2.58,3.18,2.66,3.6,4.0,3.04,3.46,3.16,5.0,2.45,3.18,4.26,2.75,"Electrical and Electronic Repairers, Commercial and Industrial Equipment",0.41
492095,3.75,2.75,3.0,3.25,3.12,2.62,1.0,2.0,1.62,2.75,3.0,3.25,3.12,2.62,2.0,2.25,2.5,2.38,3.12,3.5,3.12,2.88,2.75,2.62,3.88,2.0,2.75,3.75,3.62,2.75,3.12,2.0,3.75,2.0,2.25,2.12,3.0,2.0,2.0,2.88,2.88,2.5,1.75,2.0,2.12,2.5,2.88,3.25,3.0,2.25,3.62,3.12,2.88,3.12,3.75,2.25,2.25,3.0,3.38,2.62,3.12,2.88,2.72,2.65,1.51,3.43,2.57,1.79,3.73,2.81,3.73,1.58,3.24,3.91,3.81,1.0,1.0,1.17,1.7,1.11,2.59,3.92,4.3,1.73,2.56,1.13,3.54,2.46,2.57,3.87,1.15,1.92,2.94,1.67,2.13,2.84,4.55,4.73,4.44,2.52,2.7,1.22,2.37,3.68,4.43,4.01,3.32,1.62,3.91,4.25,3.94,3.6,3.27,2.11,4.61,4.21,1.87,4.89,3.51,4.16,4.52,4.41,4.74,4.19,3.5,2.73,3.87,4.11,3.43,4.32,3.54,2.12,4.52,1.96,2.76,2.65,2.12,2.64,2.83,2.28,3.71,4.12,3.2,4.43,4.17,4.98,3.47,3.69,4.61,3.28,"Electrical and Electronics Repairers, Powerhouse, Substation and Relay",0.38
492096,3.88,3.0,3.12,3.38,3.62,2.38,1.12,2.0,1.62,3.62,2.88,3.88,3.0,3.0,2.0,2.0,2.0,3.0,3.5,3.25,3.5,2.25,2.0,3.25,3.88,2.0,2.25,3.5,3.38,2.88,2.88,2.0,3.62,2.0,2.62,2.12,3.5,2.5,2.0,3.0,3.0,2.62,1.75,2.0,2.62,3.0,3.12,3.75,3.62,2.0,3.12,2.88,2.75,3.38,3.5,2.5,2.25,2.88,3.12,1.88,3.0,2.88,2.88,2.19,1.01,2.39,2.01,2.17,4.03,3.56,2.69,1.82,3.11,3.21,3.32,1.26,1.0,1.36,1.08,1.14,1.49,3.56,4.08,1.39,2.01,1.15,2.14,1.72,1.34,2.54,2.82,1.31,2.06,1.14,2.42,3.12,3.39,3.69,3.38,3.42,3.38,1.49,1.6,3.92,2.95,4.54,3.92,1.11,2.61,2.22,2.99,1.43,3.47,1.0,4.67,3.05,1.32,4.34,4.14,4.04,3.16,3.76,4.71,3.46,4.66,2.13,3.13,3.96,3.06,2.26,1.36,2.18,3.3,2.04,3.73,1.24,1.89,3.25,3.99,2.07,4.09,4.64,3.42,3.75,4.53,4.21,1.85,2.82,4.24,2.2,"Electronic Equipment Installers and Repairers, Motor Vehicles",0.61
492097,3.12,2.75,3.12,3.0,3.25,2.62,1.0,2.25,1.38,2.75,3.25,3.62,3.0,2.75,2.0,2.25,2.12,3.12,3.12,3.25,3.25,2.5,2.5,2.62,3.62,1.62,2.38,3.25,3.12,2.75,2.88,2.0,3.5,1.88,1.88,2.0,3.0,2.38,2.12,3.12,3.12,2.5,1.75,2.12,2.5,2.38,2.62,3.25,3.5,1.88,3.0,2.88,2.88,3.12,3.12,2.62,2.25,2.88,3.12,1.75,3.38,2.75,3.12,2.35,1.05,3.07,1.17,2.76,4.26,4.11,2.64,1.42,2.33,3.2,3.23,1.34,1.02,1.5,1.83,1.13,1.37,2.91,3.27,1.06,1.59,1.23,2.08,2.95,1.74,2.14,2.9,1.69,3.32,1.33,1.77,2.23,2.28,3.62,3.5,4.47,2.58,1.5,2.2,4.17,4.58,3.61,3.47,1.07,2.83,2.79,2.61,2.63,2.79,1.0,3.01,3.2,1.38,4.48,4.12,2.79,3.18,2.88,3.76,2.69,3.89,1.74,3.49,2.95,2.92,3.78,3.11,1.68,3.71,2.04,3.36,3.25,2.06,3.25,2.94,2.29,3.93,3.97,2.74,4.78,3.82,2.87,1.52,3.56,3.93,3.42,Electronic Home Entertainment Equipment Installers and Repairers,0.65
492098,3.38,2.62,3.12,3.0,3.38,2.38,1.25,2.12,1.62,3.12,3.0,3.12,2.88,2.62,2.0,2.12,2.5,2.62,3.25,3.38,3.38,2.12,2.12,3.12,3.5,1.75,2.12,3.75,3.5,2.62,3.0,1.88,3.75,1.88,2.12,2.12,2.88,2.0,2.12,3.12,3.12,2.12,1.5,2.25,2.38,2.62,2.88,2.88,3.12,2.0,3.0,3.0,2.88,3.25,3.38,2.38,2.12,3.0,3.12,1.75,3.38,2.88,2.54,2.19,1.0,3.31,1.4,2.1,3.7,3.63,2.4,1.65,3.03,3.13,3.11,1.01,1.01,1.26,1.28,1.0,2.17,2.9,3.1,1.03,1.63,1.01,2.05,2.75,1.48,4.07,2.09,1.03,3.58,1.01,1.47,3.14,3.61,4.55,4.07,4.3,3.13,1.16,1.43,4.39,4.13,2.87,2.94,1.8,2.92,2.07,2.79,3.11,2.42,1.0,3.77,3.49,1.66,4.74,4.49,4.75,3.8,4.61,4.33,3.05,4.33,1.47,3.86,3.92,3.38,3.43,2.52,1.14,3.52,2.22,2.36,3.46,1.92,2.12,2.39,1.66,4.33,3.75,2.76,4.98,4.08,4.57,2.31,3.9,4.05,3.53,Security and Fire Alarm Systems Installers,0.82
493011,3.75,3.12,3.25,4.0,3.88,3.0,1.5,2.5,1.62,3.12,3.38,4.0,3.75,2.88,2.0,2.38,2.5,3.62,3.88,4.0,4.0,2.75,2.88,3.88,4.12,2.0,2.5,3.62,3.75,2.88,3.38,2.0,4.5,2.88,3.0,3.0,3.25,2.12,2.25,3.12,3.0,3.0,2.12,2.5,3.0,2.75,3.25,3.38,3.5,2.5,4.12,3.25,3.12,3.5,4.0,2.75,2.88,3.62,4.12,2.38,3.25,3.0,2.54,2.61,1.08,1.62,2.89,1.72,3.14,2.97,3.13,1.46,3.31,3.75,3.74,1.07,1.01,1.16,1.87,1.36,2.74,3.23,4.69,1.25,2.23,1.08,3.14,2.87,1.8,3.82,1.49,1.34,2.27,1.21,3.72,2.98,2.94,4.45,3.57,3.17,2.41,1.29,1.27,4.11,3.71,4.47,3.87,1.39,2.91,3.9,3.53,3.33,3.27,1.4,4.73,4.12,1.48,4.69,3.97,4.51,4.05,4.24,4.69,3.71,3.2,2.74,2.92,4.7,2.48,4.02,2.37,1.99,3.99,1.66,3.51,3.11,2.91,3.21,3.51,2.5,4.0,4.59,3.52,3.41,4.24,4.66,3.07,3.69,4.13,2.2,Aircraft Mechanics and Service Technicians,0.71
493021,3.5,3.0,3.12,3.12,2.88,2.75,1.88,2.62,2.25,3.0,2.88,3.25,3.0,2.88,2.0,2.5,2.5,2.88,2.88,3.25,3.38,2.12,2.0,3.12,3.25,2.0,2.12,3.25,3.12,2.88,2.88,2.0,3.25,2.12,2.75,2.12,3.12,2.0,2.0,3.0,3.12,2.12,2.38,2.62,3.0,2.25,3.0,3.25,3.38,2.5,3.0,2.25,2.88,3.0,3.0,2.25,2.12,3.0,2.88,1.25,3.0,2.38,2.48,1.64,1.05,2.22,2.11,1.5,2.37,3.25,1.92,1.64,2.53,2.75,2.96,1.46,1.0,1.46,1.16,1.0,2.18,3.0,3.58,1.0,1.55,1.0,2.31,3.13,1.49,2.56,1.77,1.11,1.43,1.12,2.95,2.66,3.39,3.56,2.7,2.32,2.07,1.12,1.65,3.96,1.05,5.0,3.54,1.0,2.27,4.47,3.41,1.35,3.31,1.05,4.46,2.66,1.85,4.43,4.14,3.97,3.62,3.87,4.39,2.87,3.81,1.32,2.45,4.07,3.78,2.02,1.91,2.26,2.84,1.53,4.22,1.19,2.04,3.93,4.04,1.65,4.19,4.95,3.47,2.56,4.53,4.88,4.12,3.06,3.11,2.3,Automotive Body and Related Repairers,0.91
493022,3.0,2.38,2.62,3.0,3.0,2.88,1.38,2.12,1.12,3.0,2.88,3.0,2.12,2.12,2.62,2.25,1.88,2.12,2.88,3.0,3.12,1.88,1.88,3.12,3.5,1.75,2.0,3.0,3.0,2.0,2.5,1.88,3.0,1.88,2.0,1.88,2.75,1.75,1.88,2.75,3.0,2.0,2.25,2.5,3.12,2.5,2.88,2.75,3.0,2.0,2.62,2.5,2.62,2.88,2.88,2.38,2.0,2.88,2.5,1.5,3.0,2.38,2.98,2.97,1.02,1.35,1.66,1.68,2.3,4.09,2.07,2.36,2.4,2.3,3.34,1.0,1.0,1.17,1.87,1.03,1.25,2.32,3.7,1.45,2.69,1.04,1.92,2.32,1.72,2.8,2.56,1.06,2.17,1.45,2.49,2.47,3.02,4.52,2.46,3.79,2.52,1.35,1.07,3.08,2.46,2.59,3.48,1.03,3.52,1.54,3.33,1.86,3.66,1.02,3.35,3.86,1.19,4.86,3.43,3.59,2.88,3.36,4.12,3.17,4.64,1.56,2.87,4.13,2.58,4.75,3.86,1.44,2.99,1.07,3.19,1.67,1.73,2.23,3.51,2.18,3.93,4.1,2.73,4.84,4.41,4.98,2.1,2.71,3.6,2.65,Automotive Glass Installers and Repairers,0.55
493023,3.62,3.0,3.0,3.62,3.88,2.75,1.88,2.75,2.5,3.38,2.75,3.75,3.25,2.88,2.0,2.12,2.12,2.88,3.75,3.38,3.88,2.12,2.88,3.25,3.75,1.88,2.25,3.38,3.12,2.62,3.25,2.12,3.75,2.5,2.75,3.0,3.25,2.38,2.38,2.88,2.88,2.88,1.5,2.5,2.88,3.12,3.0,3.0,3.38,2.75,3.25,2.62,2.75,3.25,3.5,2.62,2.25,3.25,2.88,1.5,3.12,2.75,2.33,2.16,1.12,1.83,2.28,1.49,3.26,3.29,2.34,1.57,2.78,3.02,2.94,1.03,1.09,1.18,1.37,1.06,1.98,2.65,4.8,1.19,1.67,1.03,2.5,2.35,1.27,2.74,2.11,1.12,2.04,1.18,2.81,3.1,3.55,4.42,3.26,3.65,3.21,1.5,1.53,4.2,3.06,4.83,4.18,1.18,2.86,4.36,4.16,1.23,3.96,1.03,4.58,3.62,1.71,4.59,4.33,4.63,3.09,4.3,4.51,3.42,4.81,1.82,2.48,3.77,3.22,2.99,2.49,1.81,3.07,1.66,3.59,1.15,2.03,3.04,3.56,1.64,4.6,4.93,2.97,3.88,4.48,4.57,1.71,2.81,3.65,2.94,Automotive Service Technicians and Mechanics,0.59
493031,3.88,3.12,2.88,3.75,3.62,3.12,1.25,2.25,1.88,3.5,3.0,3.88,3.12,2.75,2.0,2.25,2.75,3.75,3.12,3.38,3.88,2.0,2.12,3.62,4.0,2.0,2.0,3.12,3.12,2.62,3.0,2.0,3.62,2.62,3.0,2.75,3.0,2.62,2.0,2.88,3.0,2.12,2.25,2.75,3.0,2.88,3.38,3.0,3.25,2.25,2.88,2.62,2.75,3.0,3.25,2.75,2.0,3.0,2.88,1.75,3.12,2.62,3.02,1.98,2.1,2.49,2.74,2.2,3.27,2.9,2.7,1.67,3.54,2.78,3.51,1.33,1.61,1.16,1.99,1.51,2.54,3.28,4.74,1.29,2.4,1.29,2.82,2.95,2.31,3.42,1.78,1.4,2.48,1.67,3.88,2.39,3.45,4.27,3.7,2.91,2.93,1.01,1.55,4.29,3.05,4.8,4.35,1.65,3.24,3.49,4.29,2.88,3.83,1.03,4.58,4.2,2.38,4.72,4.07,4.23,4.52,4.33,4.44,3.2,4.62,3.1,2.77,4.52,2.99,4.29,2.97,2.36,3.06,1.91,4.41,2.38,3.09,3.95,4.14,1.76,4.4,4.79,3.68,3.81,4.07,4.76,2.83,3.89,3.84,2.38,Bus and Truck Mechanics and Diesel Engine Specialists,0.73
493041,3.75,3.25,3.0,4.0,3.75,3.0,1.12,2.88,2.25,3.62,3.0,4.0,3.38,2.88,2.12,2.38,2.38,3.38,3.5,3.5,4.0,2.62,2.88,4.0,3.88,1.88,2.5,3.38,3.25,2.12,3.12,2.0,3.88,2.88,3.0,3.0,3.25,2.62,2.25,3.12,3.25,3.0,2.0,2.75,3.25,2.62,3.25,3.25,3.88,3.0,3.38,3.0,3.0,3.12,3.5,2.75,2.62,3.12,3.0,2.0,3.12,2.88,2.66,2.47,1.16,1.92,2.37,1.58,3.68,3.84,2.68,1.21,1.98,3.54,3.7,1.02,1.7,1.75,1.89,1.19,1.55,3.39,4.67,1.21,1.47,1.08,3.41,3.04,1.54,1.78,2.4,1.15,1.79,1.18,2.22,1.91,3.4,4.38,3.29,3.52,2.55,1.25,1.37,3.71,3.05,4.62,4.19,1.27,3.33,3.27,4.1,2.2,3.34,1.18,4.51,3.78,2.37,4.45,4.41,4.17,3.8,4.28,4.41,3.37,3.51,3.85,2.84,4.29,3.16,3.68,3.34,2.35,3.29,1.47,4.24,1.98,2.5,3.52,3.88,1.86,4.41,4.67,3.41,3.64,4.08,4.83,1.87,2.99,3.98,2.59,Farm Equipment Mechanics and Service Technicians,0.75
493042,3.75,3.0,3.12,4.0,3.38,2.88,1.38,2.88,2.25,3.88,3.12,3.88,3.25,2.75,2.62,2.88,2.75,3.0,3.25,3.38,4.0,2.88,2.62,3.62,3.88,1.88,2.75,3.0,3.0,2.75,3.25,2.0,3.75,3.12,3.38,3.0,3.12,2.38,2.5,3.0,3.0,2.88,2.38,2.38,3.25,2.88,3.12,3.12,3.5,2.88,3.12,2.75,3.0,3.0,3.25,2.62,2.88,3.0,3.12,1.88,3.0,3.0,1.99,2.47,1.3,2.99,2.35,1.44,3.06,3.29,2.44,1.34,2.2,2.58,2.95,1.0,1.2,1.07,1.69,1.12,2.06,3.27,4.76,1.09,1.56,1.11,2.49,2.46,1.5,3.01,1.73,1.16,1.54,1.08,2.64,2.39,3.58,4.27,3.62,3.4,2.76,1.4,1.49,3.76,3.9,4.69,4.49,1.59,3.74,3.53,4.55,2.79,4.21,1.07,4.44,4.44,3.5,4.66,4.2,4.5,4.01,4.13,4.34,3.52,4.06,3.68,1.72,4.64,2.65,4.49,2.26,2.51,2.9,1.78,4.1,2.0,2.23,3.5,3.83,1.86,4.23,4.65,3.08,4.33,3.93,5.0,2.15,3.07,4.3,3.1,"Mobile Heavy Equipment Mechanics, Except Engines",0.4
493043,3.88,2.88,3.0,3.88,3.12,2.75,1.25,2.88,1.75,3.25,3.12,3.62,3.25,2.88,2.38,3.0,3.0,3.0,3.0,3.12,3.88,2.12,2.25,3.75,3.62,2.0,2.25,2.88,2.88,2.75,3.38,2.12,3.5,2.62,3.5,2.62,3.0,2.75,2.0,2.88,3.0,2.62,2.25,3.0,3.5,2.5,3.5,3.0,3.12,2.25,2.75,2.75,2.75,3.0,3.25,2.62,2.12,2.88,2.88,1.75,3.0,2.88,3.24,2.36,1.05,3.21,1.56,1.49,2.04,2.83,3.31,2.11,2.62,3.2,2.54,1.02,1.3,1.34,1.25,1.03,2.03,3.02,4.48,1.58,1.82,1.21,2.46,3.4,1.49,2.96,1.54,1.28,1.69,1.2,3.13,2.62,3.64,3.98,3.73,2.84,2.62,1.23,1.44,3.73,2.31,4.48,3.43,1.1,4.46,3.42,4.04,3.55,3.94,1.79,4.57,4.29,1.87,4.5,4.13,3.01,3.57,3.43,3.83,2.8,3.49,3.92,1.67,4.41,2.4,4.26,2.83,2.23,3.6,1.92,3.58,2.43,2.66,3.42,3.37,1.57,4.58,4.88,3.59,2.64,3.99,4.89,3.56,2.86,4.02,2.57,Rail Car Repairers,0.88
493051,3.75,2.88,3.0,3.62,3.75,3.0,1.0,2.25,2.12,3.12,3.0,3.62,3.0,2.38,2.0,2.0,2.0,3.25,3.75,3.25,3.75,2.12,2.12,3.25,3.5,1.88,2.12,3.25,3.25,2.38,2.88,1.88,3.88,2.25,2.75,2.38,3.0,2.25,2.0,2.88,3.12,2.25,1.75,2.5,3.0,2.38,3.12,2.75,3.12,2.12,2.75,2.75,2.38,3.12,3.38,2.0,2.25,2.88,2.75,2.0,3.0,2.5,3.06,2.73,1.66,2.46,2.52,1.92,3.5,3.93,2.72,2.17,2.94,3.26,3.49,1.11,1.19,1.11,1.92,1.19,2.4,3.34,4.79,1.19,2.05,1.18,3.03,2.39,1.92,2.59,2.43,1.51,1.92,1.25,3.08,3.03,3.6,4.3,3.12,3.83,3.04,1.51,1.56,3.84,2.59,4.5,4.15,1.7,3.68,3.13,3.8,2.26,3.36,1.03,3.93,3.89,1.94,4.72,4.41,4.46,3.48,4.12,3.93,2.4,3.47,4.57,2.12,4.43,3.22,4.68,3.93,1.72,3.54,1.25,3.14,2.22,2.26,3.11,2.86,1.84,4.3,4.48,3.36,4.45,4.17,3.9,1.86,3.39,3.75,2.9,Motorboat Mechanics and Service Technicians,0.66
493052,3.75,3.12,3.12,3.62,3.88,2.75,1.25,2.25,1.88,3.12,2.62,3.88,2.88,3.12,1.62,2.25,1.88,3.75,3.88,3.12,3.88,2.12,2.38,3.12,3.75,1.62,2.25,3.75,3.25,3.0,2.38,1.38,3.62,2.0,2.38,2.88,3.12,2.25,2.0,3.0,3.0,2.12,1.88,2.12,3.12,2.88,3.12,2.25,3.12,2.0,3.0,2.75,3.12,3.12,3.12,2.62,2.25,3.12,3.0,1.88,3.12,2.75,1.89,2.25,1.25,1.3,1.95,1.76,3.31,3.37,2.28,1.44,3.08,2.44,3.53,1.05,1.1,1.58,1.39,1.05,2.36,3.13,4.81,1.06,1.96,1.21,2.41,2.37,1.25,2.36,2.52,1.34,1.55,1.06,2.41,3.02,4.61,4.6,3.39,3.63,3.6,1.87,1.06,4.28,3.69,4.98,3.94,1.0,2.55,3.43,3.61,1.19,3.85,1.0,4.74,3.81,2.32,4.37,4.19,4.88,4.19,4.66,4.71,3.78,2.15,3.81,3.71,2.6,3.66,3.52,2.21,1.83,2.91,1.86,4.3,1.11,1.98,3.76,3.96,1.62,4.88,5.0,3.84,3.24,4.54,4.72,1.28,2.84,4.37,3.63,Motorcycle Mechanics,0.79
493053,3.75,3.0,3.0,3.5,3.25,2.75,1.12,2.12,1.62,3.12,2.62,3.88,3.0,2.75,1.75,2.0,1.88,3.0,3.0,3.25,3.62,2.12,2.25,3.12,3.62,1.75,2.0,3.12,3.0,2.62,2.75,1.88,3.25,2.38,2.88,2.62,3.0,2.12,1.88,2.88,2.75,2.25,1.88,2.12,3.0,2.62,2.75,2.5,3.38,2.62,2.62,2.75,2.75,3.12,3.25,2.5,2.0,2.88,2.88,1.75,2.88,2.62,2.93,2.36,1.66,2.29,2.47,2.2,2.96,3.46,2.76,2.35,3.17,3.18,3.42,1.3,1.61,1.49,2.47,1.62,2.61,2.66,4.35,1.69,2.27,1.5,2.86,2.84,2.1,2.73,3.1,2.05,2.29,2.09,3.15,2.34,3.3,4.42,2.61,3.57,2.31,1.06,1.36,3.7,2.36,4.34,3.02,1.11,1.78,2.81,4.3,1.41,3.12,1.0,4.19,2.66,1.25,3.67,4.38,3.43,2.79,4.13,3.76,3.07,2.0,3.9,2.73,4.18,1.75,3.58,2.33,1.32,3.13,1.23,3.16,1.26,1.28,3.16,3.1,1.65,4.49,4.65,3.08,3.85,3.66,4.41,1.3,2.29,2.92,1.96,Outdoor Power Equipment and Other Small Engine Mechanics,0.93
493091,3.75,2.12,3.0,3.12,3.0,2.62,1.25,2.38,1.88,3.0,2.75,3.88,2.88,2.75,1.5,2.0,2.0,2.12,3.0,3.62,3.75,2.12,2.38,2.88,3.88,1.38,2.25,3.38,3.5,2.75,2.75,1.5,3.62,2.12,2.25,1.62,3.0,1.38,1.5,3.5,3.38,2.5,2.0,2.0,2.88,2.75,2.88,2.62,3.88,2.62,3.0,2.88,2.88,3.62,3.62,2.75,2.12,2.88,3.0,1.25,3.38,2.88,3.48,2.93,1.0,2.63,2.14,2.15,2.31,4.22,3.23,2.49,2.86,3.48,3.64,1.19,1.35,1.83,1.97,1.5,1.97,3.0,4.97,1.0,2.23,1.01,2.35,3.12,2.02,1.98,4.05,1.65,2.0,1.01,2.77,3.23,3.8,4.38,2.48,4.82,2.96,1.3,1.12,4.46,4.13,4.14,2.13,1.0,1.87,2.33,3.31,1.3,3.06,1.0,3.92,2.26,1.01,4.31,4.63,4.97,2.27,4.79,4.48,2.22,1.67,1.03,4.99,2.01,2.85,1.68,1.71,1.27,3.59,2.01,2.93,1.3,1.68,2.26,3.67,1.85,4.5,4.94,2.44,5.0,4.53,4.32,1.13,3.23,3.26,1.57,Bicycle Repairers,0.94
493092,3.12,2.88,3.0,3.5,3.12,2.62,1.0,2.12,1.88,3.0,2.88,3.62,3.0,2.62,1.88,2.12,2.62,2.75,3.0,3.12,3.88,2.0,2.0,3.0,4.0,1.62,2.0,3.5,3.62,2.62,3.0,1.88,3.75,2.0,2.5,2.38,2.88,2.0,2.12,3.12,3.0,2.5,1.5,2.0,2.88,2.0,3.0,2.88,3.0,2.12,3.0,2.75,3.0,3.0,3.0,2.0,2.0,2.88,3.0,1.62,3.0,2.62,3.61,2.32,1.51,4.07,2.28,1.98,2.87,3.78,2.71,2.22,3.6,3.06,3.16,1.01,1.02,1.04,1.64,1.41,2.06,3.02,4.13,1.39,2.54,1.38,2.17,2.89,1.93,2.36,2.78,1.39,2.27,1.75,2.46,2.4,2.86,3.8,3.03,3.39,2.57,1.23,1.71,3.65,2.51,3.37,3.46,1.63,2.85,3.06,3.92,2.91,3.59,1.0,3.2,3.34,1.18,4.61,4.1,3.81,2.19,3.54,3.62,2.33,3.56,2.81,1.5,4.54,2.28,3.76,3.28,1.28,3.15,1.88,3.19,2.43,2.14,3.61,2.77,1.94,4.15,4.01,3.52,2.84,3.46,3.56,1.33,2.2,3.27,1.61,Recreational Vehicle Service Technicians,0.59
493093,3.0,2.25,2.75,3.0,3.0,2.75,1.12,2.5,1.88,3.38,2.88,3.0,2.38,2.25,2.0,2.38,2.12,2.38,3.0,3.0,3.62,2.0,2.0,3.62,3.38,2.0,2.0,3.0,3.0,2.12,2.38,2.0,3.12,2.75,2.88,2.75,2.88,2.0,2.12,3.0,2.88,2.0,2.5,2.75,3.5,2.38,3.75,2.75,2.5,2.25,2.88,2.38,2.25,3.0,3.0,2.12,2.0,2.88,2.5,1.0,3.0,2.25,3.18,2.3,1.14,1.75,1.69,1.68,2.45,3.58,1.95,2.14,2.44,2.64,2.94,1.13,1.17,1.36,1.28,1.24,2.48,2.7,4.01,1.19,2.33,1.21,1.73,2.84,1.79,2.87,3.02,1.38,1.8,1.17,2.74,3.3,3.67,4.51,3.7,4.17,3.42,1.69,2.08,3.69,2.67,4.37,3.51,1.65,2.6,3.31,3.79,1.81,2.78,1.23,3.89,4.25,2.13,4.58,3.98,4.06,3.85,3.96,4.53,3.46,3.72,1.81,1.76,4.63,3.3,2.91,2.75,2.8,3.59,1.79,4.06,1.58,2.53,3.91,3.97,1.44,4.67,4.78,3.98,3.98,4.15,3.96,1.25,3.62,4.4,2.17,Tire Repairers and Changers,0.7
499011,3.88,2.5,2.88,3.12,3.0,3.0,1.25,2.62,1.88,3.38,2.88,3.38,2.88,2.88,2.0,3.0,3.0,2.75,3.0,3.12,3.88,2.25,2.25,3.12,3.75,2.0,2.0,3.25,3.12,2.62,2.75,2.0,3.62,2.0,2.75,2.12,2.88,2.0,2.25,3.12,3.12,2.75,2.25,2.88,3.38,2.5,3.62,3.0,3.0,2.12,3.12,3.0,3.0,3.12,3.5,2.62,2.5,3.0,3.12,1.0,3.12,2.75,2.71,1.99,1.02,3.73,1.33,1.36,2.92,3.84,2.76,1.36,2.6,3.09,2.88,1.06,1.02,1.16,1.46,1.04,1.94,2.97,3.92,1.19,1.76,1.08,2.14,2.42,1.39,2.75,2.57,1.11,1.5,1.08,2.1,1.93,2.99,4.38,3.08,3.88,2.65,1.54,1.68,4.0,2.98,3.72,3.33,1.29,3.55,2.62,4.05,4.1,3.72,1.2,3.72,4.16,1.81,4.49,4.27,4.17,2.87,4.03,3.9,3.18,4.69,2.59,2.67,3.87,3.2,4.14,3.72,1.65,3.91,2.03,3.41,3.63,2.44,3.08,3.41,2.01,4.03,4.32,2.82,4.79,4.0,4.51,2.6,3.1,3.91,2.78,Mechanical Door Repairers,0.91
499012,3.38,2.75,3.12,3.0,3.38,2.88,1.5,2.12,1.5,3.12,2.88,3.12,3.0,2.88,2.62,2.25,2.75,2.62,3.12,3.38,3.25,2.25,2.0,3.12,3.62,1.75,2.12,3.62,3.5,2.88,3.0,1.75,3.62,1.88,2.5,2.38,3.0,2.0,1.88,3.0,3.12,2.12,1.88,2.12,2.38,2.62,2.38,2.75,3.0,2.12,3.12,3.12,2.88,3.12,3.38,2.5,2.12,3.12,3.0,1.75,3.12,3.0,2.88,2.71,1.69,2.94,2.64,1.89,3.25,3.25,3.18,2.15,2.82,3.63,2.9,1.02,1.07,1.38,1.89,1.25,2.4,3.19,4.12,1.42,2.07,1.28,2.82,3.05,1.75,3.54,1.69,1.31,2.22,1.32,2.17,2.83,3.81,4.51,3.49,3.7,3.31,1.84,2.23,3.75,4.01,3.91,3.65,1.76,3.83,3.97,3.88,2.68,3.71,1.66,4.09,3.99,1.98,4.94,4.1,3.89,4.14,3.94,4.22,3.28,4.11,2.43,3.01,4.03,2.1,4.62,3.16,2.28,3.6,1.66,3.27,2.08,2.21,2.93,3.67,2.77,3.38,4.45,2.84,4.65,4.03,4.96,2.93,3.56,4.4,3.22,"Control and Valve Installers and Repairers, Except Mechanical Door",0.63
499021,3.62,2.75,3.25,3.12,3.75,2.62,1.62,2.5,2.25,3.25,3.0,3.62,3.12,2.75,1.88,2.38,2.5,3.0,3.5,3.25,3.5,2.38,2.75,3.25,3.88,2.12,2.25,3.62,3.25,2.75,3.0,2.12,3.88,2.0,2.62,2.38,2.88,2.12,2.12,3.25,3.0,2.62,1.75,2.62,3.12,2.75,3.0,3.62,3.38,2.5,3.12,2.88,3.12,3.25,3.5,2.75,2.5,3.12,3.38,1.75,3.12,2.88,3.11,2.44,1.58,4.18,2.77,1.9,3.29,4.03,3.17,1.85,3.1,3.49,3.27,1.0,1.89,1.57,1.56,1.33,2.38,3.14,4.67,1.44,1.99,1.24,3.17,2.23,1.88,3.24,2.65,1.2,2.44,1.49,2.86,2.31,3.62,4.61,3.68,3.89,2.51,1.28,1.97,4.27,3.89,4.08,3.88,1.75,3.36,3.59,3.8,3.89,3.45,1.24,3.57,3.95,1.59,4.43,4.3,4.35,3.88,4.22,4.15,3.49,3.25,1.25,3.44,3.94,3.08,4.05,3.13,2.12,3.53,1.78,3.34,3.15,2.54,2.82,3.1,2.02,3.9,4.4,3.09,4.68,3.8,4.6,2.53,3.91,4.21,2.93,"Heating, Air Conditioning, and Refrigeration Mechanics and Installers",0.65
499031,3.88,2.88,2.75,3.0,3.12,2.5,1.12,2.0,1.62,3.25,2.75,3.75,3.0,3.0,1.88,2.25,2.0,2.75,3.0,3.25,3.75,2.38,2.0,3.0,3.75,2.0,2.62,3.62,3.75,2.88,2.88,2.0,3.75,2.0,2.12,2.12,3.0,2.0,2.0,2.88,3.0,2.38,1.62,2.75,3.0,2.88,3.0,3.0,3.25,2.12,3.12,3.0,2.88,3.38,3.75,2.12,2.12,2.88,3.12,1.75,3.5,2.75,3.41,3.4,1.49,1.6,2.08,1.68,3.36,4.07,2.17,2.47,2.68,3.0,3.44,1.0,1.28,2.02,2.23,1.0,1.75,2.91,4.0,1.13,2.42,1.19,2.21,2.1,2.31,2.08,3.18,1.52,1.76,1.21,2.43,3.04,2.59,4.84,3.25,4.65,3.56,1.49,1.81,4.12,3.57,3.87,4.1,1.49,3.09,3.06,2.87,1.42,3.89,1.16,2.55,3.87,1.26,4.73,4.54,4.43,2.63,4.01,4.22,3.04,4.2,1.27,4.04,3.71,3.14,3.49,2.89,1.83,3.68,1.66,3.27,1.4,2.37,3.45,3.08,2.4,3.22,4.59,2.73,4.89,3.74,2.43,1.11,2.97,3.58,2.7,Home Appliance Repairers,0.72
499041,3.75,3.12,3.0,3.88,3.12,2.88,1.5,2.38,1.5,3.12,2.88,3.88,2.88,2.88,2.0,2.75,2.75,3.5,3.0,3.5,3.88,2.38,2.5,3.62,3.88,1.75,2.12,3.0,3.0,2.62,3.0,2.0,3.88,2.88,3.75,3.0,3.25,2.75,2.0,2.88,3.0,2.88,2.5,2.62,3.12,2.75,3.12,2.75,3.25,2.88,3.12,2.75,3.12,3.12,3.62,2.62,2.38,3.12,2.88,1.75,3.0,2.75,2.49,1.75,1.3,2.19,2.31,1.58,3.0,2.32,3.27,1.7,2.77,3.34,3.51,1.29,1.97,1.36,1.26,1.29,1.61,3.06,4.27,1.39,1.73,1.33,2.68,3.42,1.73,2.72,1.48,1.33,1.84,1.36,1.61,2.53,2.42,4.22,3.25,1.74,2.68,1.39,2.19,3.51,2.9,4.1,2.93,1.3,2.52,3.37,4.06,3.08,3.99,1.13,3.94,3.21,1.67,4.56,3.9,2.79,3.5,3.07,3.72,2.94,2.14,2.75,3.56,3.93,2.82,2.69,2.1,3.33,3.68,1.26,2.6,1.99,1.83,2.38,2.65,2.18,3.95,4.45,3.45,3.13,3.69,4.65,2.5,2.9,4.36,2.08,Industrial Machinery Mechanics,0.67
499043,4.0,2.62,2.88,3.25,3.0,2.75,1.0,2.12,2.0,3.12,2.88,3.0,3.0,2.75,2.0,2.12,2.12,2.75,3.0,3.0,3.38,2.0,2.0,3.12,3.38,2.0,2.0,2.88,3.0,2.25,3.0,2.0,3.62,2.5,2.88,2.12,3.0,2.0,2.0,2.88,2.88,2.0,1.75,2.25,3.0,2.75,3.0,3.0,3.12,2.25,2.75,2.88,2.75,3.0,3.0,2.12,2.0,2.75,3.0,1.75,2.88,2.38,3.23,2.09,1.35,1.98,2.26,1.71,2.54,2.04,3.04,1.65,2.99,2.9,3.05,1.05,1.08,1.21,1.38,1.3,1.96,2.79,4.54,1.1,1.64,1.19,2.22,3.37,1.78,2.38,1.29,1.24,1.69,1.27,1.58,2.68,3.87,4.27,3.47,2.42,2.42,1.33,2.35,4.0,3.76,4.38,3.46,1.44,2.86,3.71,3.86,2.97,2.59,1.08,4.35,3.45,1.6,4.25,4.44,3.77,3.98,3.49,4.1,3.58,2.4,3.14,3.54,3.71,2.42,2.91,2.34,3.36,3.28,1.83,2.99,2.38,1.84,2.85,3.25,1.93,4.3,4.13,3.6,3.52,3.7,4.95,2.87,3.56,4.14,2.21,"Maintenance Workers, Machinery",0.86
499044,3.88,3.0,3.0,3.88,3.12,2.88,1.25,3.0,2.12,3.75,3.12,3.88,3.12,2.62,2.62,2.88,3.0,3.25,3.12,3.75,4.12,2.75,2.5,3.88,4.0,2.0,2.75,3.38,3.12,2.62,3.12,2.0,3.62,3.0,3.12,3.0,3.0,2.12,2.5,3.0,3.0,2.62,1.88,2.62,3.75,2.88,3.75,2.88,3.88,2.62,2.88,2.75,2.75,3.12,3.62,2.88,2.62,3.12,3.0,1.75,3.0,2.75,3.09,2.32,1.77,4.23,2.59,2.19,2.73,2.77,3.27,1.86,3.77,3.48,3.41,1.27,2.27,1.82,1.64,1.27,2.27,4.36,4.81,1.45,2.71,1.5,3.18,3.18,2.23,3.45,2.23,1.59,2.27,1.64,2.91,3.05,4.41,4.41,3.73,2.77,2.73,1.77,1.86,3.64,3.95,4.32,4.09,1.68,4.05,3.77,4.5,3.86,3.67,1.95,4.77,4.14,2.77,4.91,3.64,4.32,4.68,4.36,4.91,3.91,3.09,3.41,2.91,4.5,3.36,4.36,3.73,3.09,4.36,2.45,3.91,2.73,2.55,3.45,3.55,1.82,4.27,4.68,3.09,4.23,4.59,5.0,4.23,3.91,4.64,2.95,Millwrights,0.59
499045,3.63,2.88,2.88,3.38,3.0,2.63,1.13,2.25,1.13,3.5,2.88,3.0,2.63,2.25,2.25,2.75,3.25,2.63,3.0,2.88,3.38,2.13,1.75,3.38,3.5,1.88,2.13,3.38,3.13,2.25,2.88,1.88,3.13,2.63,2.88,2.38,3.13,1.75,2.13,2.88,3.0,2.25,2.13,2.63,2.75,2.5,3.25,2.63,2.88,1.88,2.75,2.63,2.38,3.0,2.88,2.25,2.0,2.75,2.88,1.0,2.75,2.5,2.1,1.48,1.19,2.26,2.47,1.83,1.71,1.88,2.42,1.04,2.41,2.23,2.68,1.01,1.2,1.01,1.36,1.11,1.61,2.59,3.53,1.27,1.64,1.03,1.67,2.98,1.17,2.74,1.49,1.14,1.28,1.01,1.9,2.5,2.89,4.23,3.1,1.64,3.47,2.14,1.72,2.88,1.14,5.0,3.62,1.83,4.47,4.41,4.48,3.93,4.38,1.98,4.81,4.74,3.49,3.69,3.79,3.29,4.34,3.66,3.73,3.06,2.05,3.8,1.38,4.94,2.76,2.98,2.72,3.47,4.18,1.28,4.58,2.78,2.4,2.66,3.98,1.51,4.38,4.45,3.83,2.86,4.67,5.0,4.53,3.22,4.16,2.75,"Refractory Materials Repairers, Except Brick mason",0.82
499051,4.0,2.75,3.0,3.75,3.75,3.0,1.75,2.38,1.62,3.12,3.38,3.62,3.12,2.75,2.62,2.88,3.12,2.75,3.5,3.62,3.62,2.0,2.12,4.0,4.0,1.75,2.0,3.62,3.0,2.5,3.0,2.12,4.0,3.0,3.12,3.12,3.0,2.0,2.88,3.0,3.0,2.5,1.88,3.12,3.12,2.75,3.12,3.0,3.12,2.0,2.88,2.62,3.0,3.38,3.12,2.75,2.0,3.25,3.0,1.75,2.88,2.5,2.79,2.13,1.37,3.58,1.77,2.09,2.15,3.13,2.96,1.82,3.33,2.9,3.4,1.15,1.0,1.27,2.48,1.17,2.09,2.85,3.26,1.64,2.31,1.26,2.36,2.16,1.87,3.32,1.61,1.31,2.67,1.71,3.31,3.23,4.06,4.56,4.14,3.68,3.14,2.13,1.48,3.94,3.93,3.74,3.62,1.17,4.43,4.93,4.75,4.82,4.33,1.49,4.54,4.32,3.22,4.91,4.27,4.75,4.86,4.52,4.56,2.79,4.5,4.39,1.49,3.93,3.34,5.0,1.9,2.77,4.15,1.63,3.4,3.1,3.17,2.3,3.37,2.13,4.19,4.3,2.45,4.42,4.11,4.99,4.69,4.41,4.86,2.31,Electrical Power-Line Installers and Repairers,0.097
499052,3.38,2.62,2.88,3.0,3.12,2.75,1.75,2.38,1.75,3.38,3.0,3.0,3.0,2.5,2.0,2.62,2.88,2.38,3.0,3.12,3.25,2.0,2.0,3.25,3.62,1.88,2.25,3.62,3.62,2.5,3.0,2.0,3.38,2.0,2.62,2.62,3.0,2.0,2.25,3.0,2.88,2.25,1.88,2.38,3.0,2.88,3.12,2.75,3.0,2.0,3.0,2.88,2.75,3.0,3.12,2.25,2.0,3.0,2.88,1.75,3.12,2.62,2.92,2.12,1.16,2.62,1.67,3.14,3.26,4.39,2.73,1.77,3.19,2.86,3.74,1.01,1.07,1.47,1.88,1.16,1.89,2.74,3.22,1.22,2.24,1.2,1.83,2.7,1.78,3.39,2.68,1.13,4.49,1.44,2.66,3.19,3.34,4.79,3.58,3.99,3.21,1.6,1.8,4.19,3.29,4.17,3.79,2.34,3.4,3.67,4.13,4.0,3.67,1.58,3.44,4.1,2.16,4.44,4.51,4.05,3.62,3.62,4.38,3.56,4.8,2.64,3.63,4.0,3.37,4.83,3.58,2.39,3.54,2.21,3.54,3.16,2.39,2.93,3.7,2.16,3.92,4.59,3.25,4.69,4.54,4.77,3.04,2.8,4.28,3.07,Telecommunications Line Installers and Repairers,0.49
499061,3.38,2.0,2.88,3.0,3.12,2.5,1.0,1.25,1.38,1.5,3.0,3.62,2.75,2.38,1.0,1.0,1.0,2.25,3.12,3.12,3.25,2.38,2.5,2.38,3.88,1.0,2.62,3.0,3.0,2.75,2.88,1.0,3.38,1.38,1.5,1.88,3.12,1.0,1.0,3.0,3.0,2.5,1.0,1.0,2.0,2.38,2.12,3.0,3.75,1.38,3.25,2.38,3.0,3.12,3.5,2.62,2.38,2.88,3.12,2.12,3.0,2.62,2.64,2.79,1.0,1.33,1.76,1.97,3.7,3.61,2.5,2.38,2.77,3.27,3.52,1.65,1.09,1.48,1.48,1.32,1.83,2.62,3.91,1.15,2.44,1.36,1.65,2.45,1.93,1.86,2.67,1.44,1.98,1.09,1.56,2.3,3.25,3.44,2.64,3.13,2.37,1.23,1.21,4.38,3.85,3.14,1.4,1.0,1.79,2.18,2.19,1.0,2.41,1.0,1.96,1.22,1.0,4.38,4.39,3.37,1.59,3.05,4.63,2.96,1.11,1.0,4.62,1.83,1.83,1.14,1.14,1.04,2.53,1.13,1.56,1.04,1.36,1.36,3.34,4.17,2.31,4.74,1.46,3.7,3.67,1.99,1.0,1.86,2.69,2.88,Camera and Photographic Equipment Repairers,0.97
499062,3.25,2.38,3.0,3.12,3.38,2.5,1.0,2.0,1.75,3.0,2.75,3.62,3.0,2.75,2.0,2.0,2.0,2.88,3.25,3.25,3.25,2.75,2.88,2.88,3.75,2.0,2.88,3.12,3.0,2.5,3.0,2.0,3.75,2.0,2.25,2.25,3.0,1.88,2.0,3.0,3.0,2.88,1.62,2.0,2.38,2.25,2.88,3.12,3.25,2.25,3.25,3.0,3.0,3.0,3.12,2.62,2.88,2.88,3.12,2.12,2.88,2.75,2.23,2.42,1.62,2.08,2.03,1.75,3.94,3.87,2.31,1.72,2.46,3.39,3.58,1.07,1.12,1.29,1.77,1.26,2.03,3.03,4.17,1.97,1.81,1.41,2.45,2.45,1.46,2.47,2.1,1.48,2.3,1.27,2.29,1.96,3.53,4.44,3.76,3.83,2.34,1.13,1.79,4.26,4.66,2.9,3.03,2.53,2.29,3.23,2.37,1.57,2.39,2.41,2.79,2.59,1.33,4.66,4.35,3.94,3.39,4.05,4.72,3.33,3.57,1.24,4.7,2.73,3.01,2.46,1.71,1.76,3.54,1.98,2.63,1.8,1.62,2.49,2.5,2.41,3.54,3.79,2.63,4.5,3.82,3.39,2.13,2.71,4.33,2.97,Medical Equipment Repairers,0.27
499063,4.0,3.75,3.12,3.75,3.5,2.25,1.25,2.25,2.12,2.12,3.0,4.0,3.38,2.75,1.5,2.0,2.0,4.38,3.38,3.12,4.0,2.0,2.62,3.0,4.0,1.38,2.0,3.0,3.0,2.62,2.88,1.38,3.62,2.12,2.25,2.12,3.25,2.0,1.5,2.75,2.88,3.0,1.62,1.88,2.5,2.62,2.38,2.88,3.62,2.38,3.0,2.62,2.75,3.0,3.62,2.38,2.0,2.88,3.0,1.62,3.0,2.75,2.91,2.59,1.41,1.86,2.32,2.23,2.5,4.33,2.45,2.59,2.73,2.82,3.41,3.5,1.0,1.36,1.45,1.55,1.73,2.43,3.82,1.27,1.6,1.14,2.73,2.36,2.18,2.41,2.91,1.5,2.5,1.18,2.57,2.0,2.57,3.19,1.67,3.81,2.24,1.09,1.14,4.41,4.76,3.2,2.62,1.43,1.73,2.29,3.09,1.0,2.76,1.05,3.77,1.43,1.33,4.55,4.73,3.76,2.45,3.33,4.9,3.6,2.14,1.1,4.76,1.95,2.57,1.29,1.55,1.11,2.29,1.48,2.67,1.09,1.33,1.76,4.0,3.36,2.76,4.86,1.7,4.8,3.86,3.95,1.41,1.86,2.15,3.25,Musical Instrument Repairers and Tuners,0.91
499064,4.0,2.0,3.12,4.0,2.88,2.5,1.0,1.25,1.12,1.38,2.88,4.12,2.75,2.75,1.0,1.0,1.0,2.38,2.88,3.38,3.5,2.0,2.12,2.5,4.0,1.0,2.0,3.0,3.0,2.62,2.75,1.0,3.25,2.0,2.0,1.75,3.0,1.0,1.0,2.88,2.75,2.0,1.0,1.0,1.75,2.25,1.88,2.62,3.25,2.0,3.0,2.5,2.25,3.0,3.12,2.0,2.0,2.62,2.88,1.75,3.0,2.25,3.68,3.07,1.01,1.47,1.73,1.7,2.58,4.23,2.48,2.69,2.77,3.05,2.97,1.23,1.0,1.43,1.52,1.62,1.99,2.43,3.56,1.08,2.33,1.59,2.27,3.04,1.72,1.75,2.78,1.37,1.49,1.07,1.6,1.86,2.33,3.67,1.97,3.27,2.35,1.01,1.05,4.66,2.89,3.17,2.07,1.03,1.05,2.1,2.49,1.0,1.9,1.0,3.07,1.0,1.0,4.34,4.61,3.52,1.68,3.3,4.86,2.52,1.25,1.0,5.0,1.0,2.25,1.0,1.0,1.13,3.63,1.14,1.86,1.14,1.16,1.39,2.72,4.68,2.22,5.0,1.52,4.17,3.81,2.22,1.01,1.36,3.19,2.56,Watch Repairers,0.99
499071,3.88,2.88,3.12,3.38,3.25,2.88,1.75,2.0,2.12,3.12,3.0,3.25,3.12,2.38,2.0,3.0,3.0,3.0,3.12,3.88,3.88,2.38,2.12,3.25,3.88,2.0,2.38,3.25,3.38,2.38,3.0,2.0,3.75,2.12,2.62,2.25,3.12,2.0,2.0,3.12,3.12,2.88,1.88,2.88,3.0,2.5,3.0,3.0,3.38,2.0,3.0,3.12,3.12,3.0,3.25,2.25,2.38,3.12,3.0,1.88,3.0,2.88,2.3,2.14,1.35,3.68,1.82,1.63,2.26,2.92,2.35,1.7,2.37,2.52,3.69,1.07,1.31,1.14,1.39,1.13,1.84,3.35,4.03,1.34,1.78,1.24,1.88,3.07,1.73,2.62,1.51,1.41,1.88,1.26,2.05,3.02,3.18,4.73,3.83,3.53,3.33,2.03,2.48,4.37,4.45,3.85,3.1,2.02,2.77,3.49,4.21,3.0,3.65,1.11,3.75,4.18,1.63,4.76,4.07,4.18,4.58,3.93,3.97,3.09,3.81,2.57,3.73,3.77,2.46,4.24,2.29,3.23,3.49,1.93,3.68,2.61,2.57,3.04,3.43,1.93,4.1,4.4,3.89,4.61,3.72,3.85,2.46,4.11,4.3,3.01,"Maintenance and Repair Workers, General",0.64
499091,3.38,2.12,2.75,3.38,3.12,2.5,1.25,2.12,1.5,2.75,2.88,3.62,2.88,2.12,1.88,2.0,1.88,2.12,3.12,3.25,3.62,2.0,2.0,3.25,3.38,1.75,2.5,3.12,3.12,2.0,2.62,1.75,3.12,1.88,1.88,2.38,3.0,1.88,1.88,2.88,2.88,2.12,1.88,2.0,2.75,2.62,2.38,2.75,3.12,2.0,3.0,2.75,2.62,2.88,2.88,1.88,2.0,2.88,2.88,1.62,2.88,2.62,2.38,2.52,1.32,1.95,1.84,1.87,3.98,3.47,1.56,2.08,2.01,2.53,3.0,1.17,1.82,1.21,1.36,1.21,1.55,2.4,3.5,1.51,2.13,1.46,1.8,2.29,2.13,2.23,2.51,1.51,1.71,1.49,1.96,2.52,2.28,4.12,2.84,3.58,3.55,1.62,1.88,3.99,4.39,3.03,2.77,1.29,2.61,1.65,1.81,1.28,2.49,1.02,3.24,2.86,1.02,3.66,4.81,3.65,2.08,3.65,4.05,4.05,3.77,1.6,4.12,2.96,2.58,3.3,2.67,2.0,3.32,1.36,2.8,1.21,1.47,3.26,3.49,2.26,3.34,4.05,3.3,4.21,3.03,2.72,1.45,2.11,2.76,2.32,"Coin, Vending, and Amusement Machine Servicers and Repairers",0.94
499092,4.0,2.88,3.12,3.88,3.62,3.25,1.5,3.0,2.12,3.5,3.25,3.75,3.25,3.0,2.38,3.0,3.0,2.88,3.5,3.62,3.75,2.12,2.12,3.88,3.62,2.62,2.25,4.12,4.0,3.0,3.38,2.38,4.0,2.88,3.12,3.0,3.12,2.12,3.0,3.12,3.62,2.75,2.0,3.12,3.25,3.12,3.12,3.12,3.12,2.0,3.25,3.0,3.0,3.75,3.88,2.88,2.12,3.12,3.25,2.5,3.62,3.0,2.56,2.16,2.01,3.76,2.2,1.72,2.12,3.2,2.77,1.56,3.01,2.66,2.99,1.0,1.0,1.11,2.23,1.18,2.33,3.14,4.07,2.76,2.01,1.14,3.55,2.36,2.24,3.13,1.85,1.17,2.08,1.59,2.44,2.91,3.99,4.59,3.86,2.98,2.52,1.38,1.54,4.03,3.38,3.82,3.48,1.48,3.41,2.89,3.49,2.45,3.05,1.14,4.22,3.49,2.37,4.55,4.36,3.65,4.38,3.98,4.26,3.39,3.14,2.49,1.75,3.66,3.24,4.61,3.34,2.36,4.0,1.98,3.48,2.32,2.17,2.54,3.17,2.02,3.78,4.18,2.7,4.14,3.85,4.69,3.98,4.19,4.52,3.14,Commercial Drivers,0.18
499094,4.0,2.38,2.88,3.62,3.38,2.88,1.0,2.25,2.0,3.0,2.88,3.88,3.0,2.62,2.0,2.12,2.0,2.62,3.12,3.38,3.5,2.5,2.25,3.0,4.0,1.88,2.25,3.25,3.5,2.25,3.0,1.88,3.38,2.0,2.38,2.12,3.0,2.0,2.0,3.0,3.0,2.5,1.62,2.12,2.62,2.12,3.0,2.75,3.62,2.62,3.0,3.12,2.62,3.12,3.38,2.38,2.62,2.62,3.0,1.0,3.12,2.75,3.46,3.04,1.08,3.0,1.81,2.42,3.19,4.0,2.62,3.0,3.27,2.65,3.48,1.04,1.15,1.54,1.69,1.36,3.38,3.2,4.23,1.19,2.73,1.28,2.42,2.42,1.85,3.76,3.31,1.31,2.54,1.46,2.58,2.54,2.92,4.54,3.15,4.31,2.88,1.81,1.58,3.65,4.81,2.84,2.96,1.52,3.31,1.6,3.36,1.88,2.81,1.08,3.54,3.19,1.4,4.46,4.04,4.0,3.62,3.85,4.48,3.0,4.35,2.65,3.62,3.92,3.69,4.38,3.85,1.81,3.58,2.08,2.65,1.65,1.77,2.62,2.69,2.54,3.38,4.15,2.54,4.96,3.92,3.92,1.52,2.92,3.6,3.88,Locksmiths and Safe Repairers,0.77
499095,4.0,3.0,3.38,4.25,3.38,3.63,1.63,3.0,2.0,3.63,3.5,3.88,3.25,3.25,2.63,3.38,3.38,3.0,3.13,3.38,4.0,2.63,2.88,4.38,3.75,2.38,2.63,3.5,3.38,3.13,3.13,2.5,3.88,3.25,3.88,3.5,3.25,2.38,3.13,3.25,3.38,2.75,3.13,3.5,3.63,3.13,3.75,3.38,3.75,3.38,3.0,3.0,3.38,3.38,3.75,3.38,2.62,3.5,3.12,1.62,3.38,2.62,2.84,1.72,1.89,4.37,2.48,1.91,1.92,4.04,3.81,1.73,3.14,3.59,3.25,1.68,1.69,1.89,2.28,1.68,3.34,3.58,3.55,2.1,2.65,1.69,2.77,3.04,2.73,4.15,2.52,1.98,2.26,2.3,3.73,3.79,3.2,3.75,2.56,2.46,3.3,1.99,1.05,4.22,1.15,3.75,3.93,1.05,2.86,2.82,4.91,3.4,3.84,1.02,4.54,3.97,2.92,3.76,4.23,4.49,3.83,4.3,4.33,2.65,3.33,3.08,1.88,1.87,3.35,4.43,2.09,2.64,3.92,1.02,4.67,3.53,2.86,4.66,4.25,1.09,4.81,4.39,3.42,4.09,4.24,2.26,1.09,3.93,3.81,1.48,Manufactured Building and Mobile Home Installers,0.18
499096,3.0,3.0,3.0,3.38,3.0,3.38,1.12,2.25,1.75,3.12,3.25,3.0,2.75,2.38,2.25,3.0,3.0,2.88,3.0,3.25,3.12,1.5,2.0,3.38,3.38,2.0,1.62,3.25,3.0,2.38,3.0,2.0,3.75,2.5,3.12,2.75,3.0,2.0,2.25,3.0,3.12,2.0,1.88,2.88,3.12,2.75,3.25,2.75,3.12,2.25,3.0,2.38,2.62,3.12,3.12,1.62,1.62,3.12,3.12,1.38,3.0,2.38,3.43,2.45,1.56,3.19,1.89,1.99,2.82,3.53,3.34,2.14,3.25,3.19,3.33,1.27,1.39,1.34,2.03,1.6,1.8,3.19,3.71,1.61,2.23,1.27,2.48,3.62,2.13,3.65,2.9,1.71,1.84,1.58,2.8,3.51,3.9,4.59,4.06,3.08,3.51,1.82,1.96,3.68,2.73,4.16,3.83,1.22,3.57,2.98,4.2,3.32,3.51,1.48,4.33,4.68,2.4,4.77,3.9,4.09,4.53,4.11,4.42,3.55,3.66,3.36,2.38,4.2,3.67,4.58,2.9,3.7,3.93,3.07,3.81,2.98,2.89,3.21,3.86,1.72,4.11,4.5,3.62,4.18,4.61,4.95,2.88,4.07,4.41,3.03,Riggers,0.89
499097,3.75,3.0,2.88,3.75,3.25,3.0,1.0,2.62,1.38,2.88,3.5,3.62,3.62,2.0,2.5,2.62,2.62,3.0,3.25,3.12,3.62,2.5,2.75,3.5,3.25,2.0,2.5,3.0,3.0,2.0,3.12,2.12,3.75,2.12,3.25,2.75,3.0,2.12,2.62,3.0,3.0,2.75,2.38,2.75,2.88,2.88,3.0,3.62,3.62,2.5,2.88,2.88,2.88,3.0,3.75,2.62,2.5,2.88,2.88,1.75,2.88,2.88,2.06,1.66,1.0,2.9,1.65,1.69,3.05,1.84,2.73,1.53,2.63,3.09,3.59,1.0,1.02,1.0,1.55,1.09,2.82,2.8,3.7,1.28,1.72,1.09,1.62,1.77,1.34,3.52,1.13,1.32,3.09,1.17,3.73,1.98,3.46,4.02,3.51,2.97,2.76,1.41,2.0,4.49,3.4,3.99,3.07,1.21,3.47,2.95,3.57,3.12,3.29,1.23,4.65,4.4,2.2,4.55,4.44,3.88,4.64,3.83,3.99,3.07,4.52,2.1,2.73,3.45,2.65,4.67,2.05,2.07,2.58,1.96,2.83,2.28,1.97,2.34,3.07,2.41,3.62,4.24,3.1,4.55,3.86,4.99,2.08,3.47,4.57,1.62,Signal and Track Switch Repairers,0.9
499098,3.5,2.88,2.88,3.5,3.12,2.62,1.75,2.88,2.0,3.12,2.88,3.25,3.0,2.0,2.0,2.75,2.88,2.5,2.88,3.12,3.62,2.0,2.12,3.38,3.5,1.62,2.0,3.12,3.0,2.0,2.88,1.88,3.0,1.88,2.88,2.12,3.0,2.0,2.12,2.88,3.0,2.0,2.38,3.0,3.12,2.62,3.12,2.88,3.0,2.12,2.5,2.12,2.62,3.12,3.12,2.5,2.0,3.12,2.62,1.12,3.0,2.12,2.63,2.39,1.6,3.75,1.99,1.95,3.13,3.67,3.32,1.85,2.75,3.36,3.47,1.0,1.39,1.33,1.31,1.21,1.67,3.34,4.07,1.36,2.48,1.08,2.74,3.15,1.79,3.48,2.32,1.27,2.22,1.75,2.22,2.54,3.64,3.99,3.34,3.38,2.61,1.26,2.1,3.73,3.69,4.09,3.16,1.56,3.41,3.3,3.73,3.23,3.65,1.23,4.16,3.87,1.98,4.72,3.85,3.96,3.9,4.06,3.89,3.12,3.13,3.04,2.47,4.22,2.34,3.94,2.49,2.36,3.56,1.64,3.13,2.38,2.27,2.66,2.94,2.08,3.99,4.16,3.44,3.91,3.44,4.77,3.12,3.55,4.17,2.04,"Helpers–Installation, Maintenance, and Repair Workers",0.79
511011,3.0,2.5,3.25,2.88,3.75,2.12,1.0,2.0,1.38,2.0,3.0,2.88,3.0,3.12,1.88,2.0,2.0,2.12,3.62,3.25,3.0,3.0,2.12,2.62,3.25,1.62,2.88,4.0,4.0,3.12,3.12,2.0,4.0,2.25,2.5,2.25,3.0,2.0,2.0,3.75,3.75,2.75,1.62,2.0,2.12,2.88,2.25,2.25,3.12,2.0,3.75,3.62,3.12,3.88,3.75,3.12,2.38,3.75,3.5,1.5,3.88,3.12,4.1,3.22,1.43,2.54,2.13,2.15,3.24,2.94,2.87,2.2,3.15,3.08,3.51,1.08,1.76,1.44,1.46,1.31,1.98,3.24,3.15,1.43,3.58,1.79,2.04,4.34,2.55,2.94,2.24,2.05,1.58,1.66,2.28,3.7,3.12,4.83,4.11,2.92,3.64,1.75,2.3,4.21,4.41,3.67,2.82,1.37,2.67,3.14,4.22,2.26,3.09,1.38,4.42,3.66,1.18,4.76,4.32,4.48,4.41,4.19,4.23,3.34,2.44,2.02,3.3,4.04,3.08,2.63,2.33,3.83,3.59,3.4,2.51,1.86,1.6,1.93,2.77,2.27,3.98,2.97,3.53,4.01,4.5,4.84,2.12,4.41,4.52,2.73,First-Line Supervisors of Production and Operating Workers,0.016
512011,3.12,3.0,3.0,3.12,3.12,2.75,1.25,2.75,1.75,3.12,2.75,3.5,2.88,2.88,2.0,2.25,2.5,2.88,3.0,3.38,3.38,2.25,2.0,3.0,3.62,2.0,2.25,3.12,3.0,2.38,3.0,2.0,3.75,2.5,2.5,2.0,3.0,2.0,2.0,3.0,3.12,2.25,2.0,2.5,2.88,2.62,2.88,2.88,3.38,2.12,3.12,2.88,2.88,3.12,3.12,2.62,2.5,3.12,3.0,1.75,3.0,2.75,2.84,2.14,1.32,2.11,2.66,2.14,3.14,2.83,3.38,2.09,3.47,2.96,3.44,1.26,1.28,1.45,2.26,1.29,2.52,3.48,3.44,1.61,2.37,1.28,2.42,3.39,1.99,3.0,1.81,1.33,1.97,1.74,2.42,2.47,3.48,3.97,3.01,2.29,2.29,1.26,2.17,3.82,1.72,4.67,2.4,1.35,1.79,4.09,3.44,1.42,3.13,1.27,4.02,2.05,1.52,4.78,3.59,3.24,3.43,3.61,4.45,3.65,1.46,1.53,4.08,2.49,2.56,1.45,1.44,2.39,3.38,1.91,3.21,1.28,1.53,2.29,3.96,2.49,3.71,4.86,2.89,2.22,3.53,4.97,2.61,3.18,4.06,1.42,"Aircraft Structure, Surfaces, Rigging, and Systems Assemblers",0.79
512021,3.75,2.0,2.75,3.25,3.0,2.5,1.12,2.12,1.62,2.25,2.88,3.12,2.62,2.0,1.5,1.88,1.88,2.5,2.88,2.88,3.38,1.75,2.0,2.88,3.25,1.25,1.88,3.0,3.0,1.75,2.75,1.5,3.12,2.12,2.75,2.12,3.12,1.25,1.5,3.0,3.0,2.0,1.62,1.88,2.38,2.0,2.38,2.12,2.38,1.75,2.88,2.38,2.25,3.0,2.88,2.0,1.75,3.12,2.88,1.0,2.88,2.12,3.61,2.7,1.48,2.06,2.4,1.85,3.1,2.89,3.29,2.1,3.69,2.77,3.65,1.45,1.45,1.85,1.66,1.45,2.41,3.62,3.47,2.1,2.29,1.46,2.75,3.53,2.25,2.12,1.91,1.81,1.49,1.89,2.6,2.45,3.75,3.65,2.78,2.04,2.66,1.36,1.64,3.7,1.25,4.29,2.0,1.08,2.04,2.06,3.39,1.64,3.72,1.0,3.78,2.38,1.0,4.33,4.08,3.41,3.82,3.36,4.92,3.63,1.09,1.68,3.61,3.41,2.82,1.49,1.33,2.41,3.32,1.92,3.53,1.32,2.11,2.0,4.65,1.78,4.62,4.79,2.07,2.09,4.14,4.99,1.64,2.51,3.86,1.54,"Coil Winders, Tapers, and Finishers",0.73
512022,3.38,2.5,2.88,3.0,3.0,2.25,1.0,1.88,1.12,2.25,2.75,3.75,2.5,2.62,1.12,1.75,1.62,2.25,3.12,3.25,3.38,2.0,2.0,3.0,4.0,1.12,2.0,3.5,3.12,2.12,2.88,1.0,3.0,2.12,2.25,2.0,2.88,1.38,1.5,2.88,3.0,2.12,1.62,1.88,2.75,2.12,2.75,3.0,3.12,2.12,3.12,2.75,2.62,3.0,3.0,2.12,2.12,3.12,3.25,1.88,2.88,2.88,2.02,1.41,1.0,1.3,1.72,1.07,2.24,1.59,2.49,1.07,2.07,1.79,2.36,1.0,1.0,1.0,1.0,1.0,1.1,2.28,2.63,1.24,1.36,1.01,1.56,2.87,1.07,1.72,1.07,1.06,1.25,1.06,1.43,3.04,3.02,3.39,3.67,2.28,2.5,1.06,1.75,3.66,1.9,3.44,2.07,1.11,2.26,3.19,2.74,1.51,2.88,1.14,3.14,1.86,1.18,3.98,3.78,3.26,3.62,3.5,4.11,2.94,1.46,1.95,4.78,1.87,3.1,1.92,1.5,2.75,3.35,1.43,2.58,1.53,1.93,2.0,3.78,3.42,3.02,4.47,2.45,2.5,4.48,4.71,2.58,3.69,3.7,2.05,"Electrical and Electronic Equipment Assemblers, label 0",0.95
512023,3.62,2.38,3.0,3.25,3.12,2.12,1.0,2.0,1.5,2.12,3.0,3.62,3.0,2.12,1.0,1.88,1.88,2.75,3.0,3.25,3.5,2.12,2.12,2.75,3.62,1.0,2.0,3.0,3.0,2.0,2.88,1.0,3.25,2.0,2.25,1.88,2.88,1.25,1.0,3.0,3.0,2.25,1.12,2.12,2.38,2.25,2.75,3.0,3.12,2.0,3.0,2.88,2.38,2.88,3.0,1.88,2.0,2.88,3.0,2.0,3.0,2.5,2.0,1.69,1.32,1.66,1.64,1.7,3.08,2.15,2.57,1.36,2.27,2.87,2.99,1.22,1.21,1.46,1.18,1.16,1.35,2.56,3.21,1.21,1.46,1.14,1.58,3.27,1.24,2.38,1.36,1.14,1.84,1.32,1.51,2.28,2.5,4.02,3.24,2.35,2.2,1.17,2.29,3.48,3.22,3.28,2.46,1.26,2.23,2.93,2.61,1.52,2.16,1.02,3.15,1.41,1.02,4.94,3.65,2.49,3.9,2.25,4.16,3.55,1.03,1.17,4.98,1.22,2.78,1.11,1.02,2.31,3.34,1.49,2.55,1.34,1.54,1.8,3.5,2.73,3.28,4.29,2.38,1.73,3.78,4.98,1.46,3.34,4.19,2.61,Electromechanical Equipment Assemblers,0.97
512031,3.88,2.62,3.0,3.12,3.0,2.88,1.12,2.25,1.12,3.12,2.88,3.5,3.0,2.25,2.0,2.0,2.0,2.75,3.0,3.12,3.62,2.0,2.12,3.12,3.38,1.88,2.0,3.0,2.88,2.25,3.0,2.0,3.12,2.25,2.75,2.12,3.0,2.0,2.0,3.0,3.0,2.0,2.12,2.75,3.12,2.88,3.0,2.75,3.25,2.0,3.0,2.25,2.38,3.0,3.0,2.0,2.0,3.0,3.12,1.88,3.0,2.25,2.86,2.13,1.06,2.15,1.91,1.5,2.56,3.22,2.83,1.73,2.79,2.99,2.66,1.0,1.07,1.22,1.32,1.01,1.96,2.89,3.91,1.1,2.22,1.48,2.1,3.41,1.54,2.89,1.65,1.16,1.25,1.15,2.06,2.43,3.42,4.15,2.98,2.79,2.81,1.32,1.87,3.6,2.52,4.1,2.86,1.01,2.71,3.13,3.86,2.02,3.37,1.16,4.3,2.91,1.67,4.73,3.67,3.84,3.98,3.47,4.49,3.01,1.75,2.43,2.99,3.73,2.67,2.1,1.75,2.66,3.75,1.82,3.74,1.85,1.92,2.21,3.72,1.89,4.23,4.67,2.94,2.59,4.31,4.88,2.32,2.84,4.21,2.27,Engine and Other Machine Assembler,0.82
512041,3.25,2.38,3.0,3.12,3.0,2.62,1.88,2.0,2.12,2.38,2.88,3.0,2.12,2.12,2.0,2.12,2.12,2.0,2.88,3.0,3.12,2.25,2.0,3.12,3.25,1.75,2.12,2.88,3.0,2.0,2.38,1.75,3.0,2.5,2.75,2.25,3.0,1.62,2.0,2.88,2.62,2.0,1.75,2.0,3.12,2.75,3.0,2.12,3.12,1.88,2.88,2.38,2.25,3.0,3.0,1.75,2.12,2.88,3.0,1.75,3.0,2.25,2.87,2.28,1.07,2.34,1.59,1.65,2.26,2.63,2.77,1.81,2.81,2.59,3.04,1.09,1.14,1.41,1.19,1.05,1.45,3.39,3.3,1.17,2.08,1.05,1.95,3.31,1.25,2.73,1.64,1.05,1.28,1.21,2.01,2.15,2.97,4.24,2.96,1.8,2.55,1.19,2.08,3.72,1.96,4.48,3.0,1.28,2.33,3.11,3.85,2.25,3.66,1.14,4.62,3.71,1.48,4.6,3.66,3.23,3.6,2.98,4.34,2.93,1.53,2.1,1.66,4.36,2.75,2.2,1.59,2.77,3.4,2.8,2.98,1.77,2.05,2.63,3.59,1.76,4.3,4.56,2.92,2.36,4.33,5.0,2.32,3.17,3.95,2.54,Structural Metal Fabricators and Fitters,0.41
512092,3.12,2.5,3.0,3.0,3.12,2.12,1.0,2.12,1.5,2.62,3.0,3.25,2.38,2.38,1.38,2.12,2.0,2.38,3.0,3.25,3.75,2.0,2.12,2.75,3.25,1.5,2.0,3.12,3.0,2.25,2.88,1.5,3.12,2.5,2.88,1.75,3.0,1.5,1.62,3.12,3.12,2.0,1.88,2.12,2.88,2.88,3.0,2.62,3.0,2.0,3.0,3.0,2.25,3.12,3.0,2.38,2.0,3.12,3.0,1.0,3.0,2.75,3.05,2.29,1.39,2.44,1.86,2.16,3.35,2.89,3.33,1.65,3.42,3.32,3.43,1.2,1.24,1.51,1.46,1.33,1.78,3.09,3.68,1.53,2.35,1.35,2.38,4.26,2.09,3.51,2.08,1.75,2.2,1.44,2.12,2.45,2.27,4.12,3.65,2.0,2.53,1.12,2.09,3.56,2.56,3.51,1.64,1.17,2.33,2.54,2.75,1.22,2.68,1.66,3.76,1.8,1.32,4.81,4.03,3.61,3.67,3.56,4.66,2.81,1.27,1.25,3.85,2.1,3.28,1.19,1.12,2.86,3.63,2.14,3.0,1.12,1.56,2.13,3.88,2.45,3.6,4.69,2.96,2.54,4.5,4.88,1.89,3.22,4.26,1.91,Team Assemblers,0.97
513011,3.0,2.38,3.0,3.0,3.0,2.0,1.5,2.0,1.12,2.12,2.75,3.0,2.88,2.75,1.0,2.0,1.88,2.62,2.88,3.0,3.0,2.25,2.0,2.75,3.75,1.0,2.25,3.25,3.12,2.75,3.0,1.0,3.12,2.0,2.12,1.75,3.0,1.0,1.0,3.0,3.12,2.12,1.88,2.12,2.12,2.5,2.75,3.12,2.88,2.0,3.0,2.5,3.0,3.0,3.0,2.25,2.25,3.25,2.88,1.75,3.0,2.25,2.99,2.26,1.3,1.58,1.77,1.81,2.51,3.77,2.5,2.19,2.53,2.06,3.25,1.55,3.41,2.01,1.29,1.7,1.97,3.09,2.12,1.22,2.25,1.69,2.03,3.82,1.67,2.65,2.93,1.68,1.56,1.7,2.06,2.41,2.79,4.42,3.54,3.41,2.23,1.22,2.5,4.23,2.88,1.67,1.5,1.29,1.83,1.46,2.49,1.34,3.84,1.0,2.7,4.0,1.01,4.25,4.2,3.6,3.72,3.73,4.2,3.08,1.97,1.0,3.7,1.65,2.8,1.16,1.08,3.27,3.19,1.76,2.86,1.31,1.53,2.01,3.66,1.57,4.4,4.05,3.41,3.77,4.32,4.16,1.25,3.11,3.89,2.06,Bakers,0.89
513021,3.25,2.88,3.12,3.12,2.75,2.62,1.38,2.5,1.5,2.75,2.88,3.0,2.75,2.25,1.5,2.0,2.0,2.62,2.75,3.12,3.5,2.5,2.0,2.88,3.5,1.38,2.62,3.12,3.12,2.12,2.75,1.5,3.12,2.62,2.88,2.5,3.0,1.38,1.5,3.0,3.0,2.25,2.38,2.62,2.88,2.88,3.0,3.0,2.88,2.75,2.88,2.12,2.5,3.12,3.0,2.25,2.38,3.0,3.0,1.25,3.0,2.25,2.49,1.94,1.52,1.23,1.4,1.56,1.89,4.13,1.56,1.77,2.27,1.55,2.76,1.03,3.88,1.34,1.25,1.1,1.62,2.46,2.25,1.19,1.92,1.24,1.25,3.37,1.86,1.83,3.11,1.18,1.32,1.26,1.46,2.87,3.9,4.52,3.78,4.48,3.85,1.58,2.44,3.53,2.54,2.53,1.34,1.1,1.91,1.07,4.32,1.01,2.82,1.0,3.64,4.13,1.0,4.33,3.58,3.97,3.9,4.33,3.92,3.0,1.0,1.14,5.0,1.46,2.88,1.28,1.04,3.58,4.06,1.58,3.5,1.05,1.91,1.59,4.26,1.3,4.86,4.78,2.86,3.65,4.12,4.55,1.68,3.79,4.4,2.63,Butchers and Meat Cutters,0.93
513022,3.38,2.38,2.75,3.25,2.75,2.5,1.12,2.5,1.75,2.5,2.88,3.0,2.38,2.0,1.5,2.12,2.12,2.5,2.75,3.0,3.12,2.12,2.12,3.0,3.25,1.62,2.12,3.0,3.12,2.0,2.5,1.62,3.0,2.75,2.88,2.0,3.12,1.62,1.62,3.0,3.0,2.12,1.75,2.38,2.38,2.0,3.12,2.75,3.0,2.5,2.38,2.62,2.38,3.12,3.0,2.25,2.25,3.0,2.38,1.0,3.0,2.12,3.38,2.86,2.59,2.5,2.87,2.06,2.58,2.9,2.06,2.76,3.13,2.44,2.97,1.79,4.0,2.35,1.96,1.86,2.72,3.56,3.28,2.73,3.27,1.69,1.93,4.03,2.2,3.6,2.79,1.98,2.2,2.44,3.26,3.03,3.61,2.85,3.86,3.43,4.01,2.14,2.89,2.88,1.43,2.55,2.15,1.99,2.45,2.14,3.49,1.22,2.35,1.0,2.71,4.27,2.02,3.82,2.6,4.64,2.97,3.46,4.51,3.52,2.47,1.06,4.75,1.08,3.42,2.29,1.0,4.22,4.38,1.43,3.87,1.08,1.9,1.06,4.76,1.23,5.0,4.63,2.93,3.04,4.59,4.72,2.56,3.69,4.31,2.66,"Meat, Poultry, and Fish Cutters and Trimmers",0.94
513023,3.75,2.25,2.75,3.12,2.62,2.12,1.5,2.62,2.0,2.88,2.25,3.38,2.0,1.88,1.38,2.12,2.12,2.12,2.62,2.75,3.25,1.88,1.88,2.88,3.25,1.0,2.0,3.0,2.88,1.88,2.25,1.0,2.88,2.25,2.75,2.12,2.62,1.0,1.0,2.62,2.75,1.88,2.0,2.5,3.12,2.0,3.12,2.0,2.12,2.38,1.88,1.88,2.0,2.62,2.38,2.0,1.75,2.25,1.88,1.0,2.75,1.75,2.47,2.5,1.95,1.64,1.85,1.13,1.68,3.62,1.69,1.81,1.8,2.0,3.12,1.0,3.43,1.88,1.44,1.53,2.79,2.69,1.96,1.48,2.03,1.21,1.62,3.29,1.43,2.39,2.41,1.4,1.16,1.37,1.53,1.71,3.53,3.93,3.55,3.3,2.06,1.09,1.9,3.43,1.42,2.86,1.72,1.7,1.74,1.04,3.03,2.05,3.65,1.08,2.97,3.15,1.07,4.12,3.12,2.87,3.93,2.78,3.79,3.07,1.58,1.34,4.17,1.97,3.0,1.67,1.16,4.2,3.9,2.1,3.07,1.67,1.16,1.45,4.28,1.13,4.34,4.66,2.22,2.05,2.97,4.84,3.05,3.4,4.56,2.31,Slaughterers and Meat Packagers ,0.6
513091,3.12,3.0,3.12,3.12,2.88,2.0,1.0,2.0,1.5,2.88,2.88,3.0,3.0,2.12,1.5,2.0,2.0,3.0,2.75,3.12,3.0,1.5,2.0,3.0,3.75,1.5,1.88,3.12,3.0,2.12,3.12,1.5,3.25,3.0,2.75,2.12,3.12,1.75,1.38,3.0,3.12,2.12,1.88,2.62,2.38,2.12,3.0,3.0,2.88,2.12,2.75,3.0,2.5,3.12,3.12,2.5,1.5,3.5,3.12,1.75,3.0,2.88,1.82,1.7,1.46,1.3,1.49,1.61,1.81,2.06,1.54,1.48,2.27,1.87,3.29,1.05,3.04,1.22,1.6,1.01,1.97,2.3,2.21,1.28,1.49,1.04,1.42,3.58,1.38,3.05,1.79,1.32,1.4,1.38,1.85,2.72,3.75,3.95,3.22,2.52,2.8,1.33,3.22,3.16,2.14,3.26,2.13,1.25,2.61,1.67,2.12,2.0,2.73,1.02,4.36,3.98,1.34,4.39,3.54,3.49,3.39,3.35,4.32,3.58,1.01,1.71,3.29,4.36,2.33,1.23,1.13,3.83,2.38,2.03,2.75,1.62,1.55,2.06,3.41,1.45,4.78,4.2,3.4,2.25,4.03,4.82,2.33,2.93,3.72,2.16,"Food and Tobacco Roasting, Baking, and Drying Machine Operators and Tenders",0.91
513092,2.88,3.0,3.0,3.12,2.88,2.0,1.0,1.88,1.5,2.88,2.25,2.88,2.75,2.25,1.5,2.0,1.88,2.88,2.88,3.62,3.0,2.25,2.12,2.25,3.62,1.62,2.38,3.25,3.0,2.0,3.0,1.38,3.12,2.12,2.5,2.12,3.0,2.0,2.0,2.88,3.0,2.12,1.75,2.12,2.38,2.12,2.88,2.38,2.38,2.0,3.12,2.75,2.75,3.0,3.12,2.12,2.75,2.88,3.12,2.0,3.0,2.88,3.15,2.91,2.35,1.8,2.49,2.2,3.09,2.9,2.33,2.36,3.57,2.61,3.47,1.13,4.26,1.43,1.68,1.26,2.42,3.12,3.15,1.5,2.58,1.49,2.4,4.21,2.47,4.29,2.07,2.09,1.83,1.59,2.17,1.73,3.22,3.74,3.73,1.99,1.58,1.0,2.77,2.76,1.65,3.27,1.44,1.0,1.5,2.25,2.88,1.72,1.85,1.0,3.61,2.59,1.0,4.55,3.7,2.76,4.17,3.67,4.25,4.09,1.02,1.83,3.79,2.36,2.78,1.01,1.01,4.29,3.91,2.32,3.19,2.03,2.0,2.46,3.86,1.67,4.38,4.15,3.32,2.39,4.19,4.85,1.87,3.88,4.22,1.99,Food Batch makers,0.7
513093,3.0,2.62,2.75,3.12,2.88,2.12,1.12,2.0,1.62,2.5,2.38,3.0,2.38,2.0,1.38,2.0,2.0,2.75,2.88,3.12,3.0,2.0,2.0,2.75,3.25,1.38,2.25,3.38,2.88,2.0,2.75,1.38,3.62,2.75,3.0,1.62,3.12,1.5,1.38,2.88,2.88,2.0,1.88,2.25,2.75,2.25,2.62,2.62,2.25,2.0,3.38,2.75,2.62,3.0,3.0,2.12,2.0,3.12,3.12,1.88,2.62,2.75,3.31,2.1,1.25,1.48,2.3,1.6,2.64,2.6,1.48,1.89,3.13,1.62,2.81,1.0,3.8,1.55,1.0,1.14,1.28,2.19,3.11,1.3,2.53,1.14,1.37,4.35,2.07,2.15,1.83,1.66,1.34,1.0,1.47,2.42,3.65,4.4,3.34,3.0,2.29,1.13,2.89,4.75,2.02,2.94,1.85,1.0,1.12,2.73,2.5,2.53,2.64,1.0,3.46,3.64,1.0,4.49,4.59,3.55,3.6,3.51,3.69,3.03,1.26,2.03,4.74,3.37,2.29,2.82,2.74,3.49,3.75,1.39,2.09,1.25,1.27,1.7,3.61,1.65,3.95,4.61,4.29,2.76,4.14,4.26,2.86,3.39,4.56,1.62,Food Cooking Machine Operators and Tenders,0.61
514021,3.12,3.0,2.88,3.75,3.0,2.88,1.5,2.62,2.0,2.88,3.0,3.0,3.12,2.0,1.75,2.62,2.38,2.38,2.88,3.12,3.62,2.12,2.0,3.62,3.38,1.75,2.5,3.0,2.88,2.25,3.0,2.0,3.38,3.38,3.62,2.88,3.0,1.88,1.88,3.0,3.0,2.38,2.38,3.0,3.12,2.5,3.25,3.0,3.0,2.62,2.88,2.12,2.62,2.88,3.12,2.25,2.5,3.12,2.88,1.88,3.0,2.62,2.76,1.88,1.06,1.16,1.38,1.27,2.55,2.3,2.09,1.64,2.21,2.2,3.47,1.21,1.08,1.42,1.05,1.25,1.31,3.5,2.5,1.22,1.69,1.26,1.29,4.04,1.07,2.34,1.47,1.22,1.43,1.2,1.74,2.48,4.17,3.45,2.5,1.32,3.51,1.46,2.73,2.99,1.93,4.29,2.33,1.49,2.44,2.82,3.81,1.74,3.82,1.52,4.65,3.33,1.15,3.98,3.71,4.58,2.91,4.37,3.99,3.46,1.0,1.97,2.47,3.6,2.4,1.45,1.01,4.76,3.05,1.93,3.46,1.88,2.05,1.7,3.37,1.77,4.44,3.85,4.02,2.5,4.41,5.0,2.18,2.77,3.47,1.79,"Extruding and Drawing Machine Setters, Operators, and Tenders, Metal and Plastic",0.91
514022,3.25,3.0,2.75,3.25,3.0,2.25,1.12,2.12,1.75,2.38,2.5,3.0,2.75,2.25,1.88,2.0,2.0,2.75,3.0,3.25,3.0,2.12,2.0,3.0,3.5,2.0,2.12,3.38,3.25,2.25,3.0,2.0,3.25,3.0,3.12,2.25,3.0,1.88,2.0,2.88,2.88,2.12,2.0,2.12,2.62,2.25,2.75,2.25,3.0,2.38,3.25,2.88,2.38,3.12,2.88,2.38,2.12,3.12,3.12,1.38,2.88,2.75,2.88,2.71,1.34,2.16,2.51,2.05,2.9,2.79,3.03,1.77,3.58,3.24,2.91,1.34,1.73,1.51,1.27,1.44,1.94,3.64,3.48,1.47,2.07,1.27,2.45,4.16,1.9,2.49,2.39,1.34,1.56,1.6,2.65,3.01,3.53,4.33,3.58,2.02,3.05,1.41,2.96,3.52,1.97,3.34,2.9,1.05,2.67,2.21,5.0,1.73,3.73,1.17,4.43,3.85,2.7,4.73,3.8,3.72,4.14,4.18,4.02,3.56,1.9,4.06,2.52,3.69,2.95,1.9,1.55,4.06,3.6,2.76,2.6,1.52,1.98,2.07,3.54,2.06,4.43,4.2,3.41,2.84,4.47,5.0,1.85,3.76,4.34,2.6,"Forging Machine Setters, Operators, and Tenders, Metal and Plastic",0.93
514023,3.5,3.12,2.88,3.88,3.25,3.0,1.12,2.5,1.62,2.62,3.12,3.25,3.0,2.25,1.75,2.5,2.0,2.88,3.12,3.25,3.62,2.5,2.62,3.62,3.88,1.88,2.38,3.12,3.25,2.25,3.25,2.12,4.0,3.75,3.88,3.25,3.12,1.88,2.12,3.12,3.12,2.62,2.88,3.0,3.25,2.62,3.12,2.62,3.0,2.88,3.12,2.88,3.0,3.12,3.12,2.88,2.38,3.5,3.0,1.38,3.25,2.62,2.87,1.74,1.1,1.76,2.17,1.75,2.51,2.6,1.91,1.44,3.11,2.6,3.4,1.0,1.48,1.32,1.14,1.06,1.48,2.59,3.87,1.24,1.82,1.16,1.89,3.5,1.23,2.56,1.49,1.32,1.79,1.25,1.97,2.24,3.24,4.37,4.01,3.18,2.16,1.03,2.68,3.76,2.12,4.04,2.31,1.03,2.45,2.84,3.85,1.85,3.67,2.11,4.24,2.96,2.07,4.55,3.55,4.03,4.11,3.96,4.39,3.7,1.25,2.29,3.15,3.6,2.89,1.36,1.3,4.12,3.34,1.83,3.42,1.8,1.98,1.93,3.75,1.71,4.31,4.15,3.78,2.53,4.36,5.0,2.07,3.63,4.7,2.75,"Rolling Machine Setters, Operators, and Tenders, Metal and Plastic",0.83
514031,3.75,2.62,2.75,3.75,3.0,3.0,1.0,2.25,1.88,2.75,3.0,3.0,3.0,2.0,1.88,2.0,1.88,2.12,3.0,3.25,3.25,2.0,2.0,3.0,3.75,1.62,2.0,3.0,3.0,2.0,3.0,2.0,3.0,3.0,3.25,2.75,3.12,2.0,2.0,3.0,3.0,2.0,1.88,2.62,3.0,2.25,3.0,2.5,3.0,2.0,3.0,2.38,2.75,3.0,3.0,2.0,2.0,3.0,2.75,1.5,3.0,2.5,1.64,1.53,1.21,1.5,1.75,1.04,2.01,1.67,2.14,1.54,2.25,2.39,2.95,1.0,1.41,1.05,1.0,1.0,1.14,2.4,2.96,1.02,1.46,1.0,1.69,3.25,1.23,1.74,1.44,1.01,1.03,1.0,1.84,3.03,3.65,3.12,2.26,1.71,2.86,1.86,2.42,2.94,1.07,4.74,2.34,1.23,2.57,3.06,4.33,1.24,3.89,1.47,4.64,3.12,1.04,4.04,2.36,3.05,2.68,3.01,4.37,4.13,1.02,1.47,2.69,3.77,2.27,1.42,2.43,4.71,3.45,1.17,3.2,1.23,1.46,2.03,4.46,2.57,3.73,4.62,3.04,1.18,4.14,4.86,1.24,1.68,3.16,1.07,"Cutting, Punching, and Press Machine Setters, Operators, and Tenders, Metal and Plastic",0.78
514032,3.38,2.75,3.0,3.5,3.0,2.62,1.0,2.0,2.0,2.25,3.0,3.25,2.88,2.62,2.0,2.0,2.0,2.75,3.0,3.25,3.25,2.62,2.0,2.88,3.38,2.0,2.62,3.12,3.0,2.12,3.0,2.0,3.25,3.12,3.25,2.25,3.25,2.0,2.0,2.88,2.88,2.0,1.62,2.12,2.88,2.38,2.88,2.62,3.12,2.25,3.12,3.0,2.75,3.0,3.0,2.12,2.5,3.12,3.12,1.75,3.0,2.25,3.01,2.01,1.31,2.49,2.09,1.68,2.96,2.8,3.25,1.5,3.32,3.52,4.0,1.02,1.0,1.27,1.23,1.25,1.68,4.4,4.32,1.26,1.93,1.49,2.75,4.38,1.68,2.61,1.65,1.19,1.58,1.38,2.14,2.38,3.65,4.11,3.81,2.39,2.58,1.11,2.67,4.03,2.91,4.23,1.97,1.0,2.37,2.4,4.03,1.33,2.63,1.11,4.26,2.15,1.45,4.39,4.06,3.74,3.55,3.89,4.7,3.41,1.23,1.91,3.84,2.8,2.42,1.07,1.1,3.87,3.24,2.02,2.87,1.31,1.47,1.83,3.4,2.11,3.92,4.4,2.92,2.5,4.32,4.93,1.3,3.4,4.31,2.21,"Drilling and Boring Machine Tool Setters, Operators, and Tenders, Metal and Plastic",0.94
514033,3.5,3.0,2.88,4.0,3.12,3.12,1.12,2.38,1.75,2.62,3.12,3.12,3.12,2.25,1.38,2.12,2.12,2.75,3.0,3.12,3.75,2.75,2.12,3.5,3.75,1.25,2.5,3.0,3.0,2.0,3.25,1.5,3.62,3.25,3.62,2.62,3.12,1.62,1.75,2.62,2.75,2.88,2.38,2.25,3.12,2.25,3.12,2.5,3.12,3.0,3.12,2.25,2.62,2.88,3.0,2.25,2.75,3.12,3.12,1.5,3.0,2.38,2.82,2.13,1.13,1.62,1.81,1.48,2.53,1.88,2.21,1.44,2.07,2.11,2.65,1.09,1.14,1.61,1.17,1.08,1.32,2.97,2.72,1.29,1.64,1.26,1.54,3.49,1.67,2.05,1.5,1.19,1.16,1.31,1.54,2.65,3.02,3.47,3.25,2.47,2.52,1.23,2.9,4.06,2.4,3.72,1.84,1.19,2.42,1.8,3.84,1.52,2.65,1.23,3.58,2.38,1.58,3.87,3.87,3.48,3.5,3.84,4.62,3.69,1.58,1.41,4.16,2.54,2.9,1.53,1.37,4.07,3.19,1.91,2.84,1.31,1.73,1.66,3.76,1.87,4.11,4.93,2.66,2.32,4.31,5.0,1.65,3.08,3.59,2.37,"Grinding, Lapping, Polishing, and Buffing Machine Tool Setters, Operators, and Tenders, Metal and Plastic",0.95
514034,3.75,2.62,2.88,3.75,3.0,2.75,1.25,2.12,2.12,2.75,2.88,3.25,2.75,2.12,1.75,2.12,2.12,2.38,2.88,3.0,3.12,2.38,2.0,3.12,3.5,1.88,2.25,3.12,3.0,2.0,3.0,2.0,3.12,3.12,3.12,2.12,3.0,1.88,1.88,2.75,2.75,2.0,1.75,2.12,2.88,2.0,3.0,2.0,3.12,2.12,3.0,2.38,2.0,3.0,2.62,2.0,2.12,3.0,3.0,1.75,2.75,2.25,3.27,2.95,1.39,2.36,2.01,1.4,2.83,3.26,2.75,2.2,3.32,3.6,3.17,1.4,1.3,1.42,1.49,1.3,2.07,3.15,3.63,1.76,2.95,1.31,2.17,3.98,1.8,2.74,2.03,1.31,1.6,1.88,1.5,1.78,2.06,3.39,3.13,2.82,1.72,1.19,2.62,3.4,2.17,2.61,2.42,1.0,1.09,1.36,1.51,1.22,2.2,1.0,3.63,2.25,1.2,3.72,2.9,2.28,3.17,2.65,3.71,2.88,1.46,1.54,4.2,1.83,3.29,1.52,1.03,3.12,2.35,2.42,2.56,1.2,2.26,2.13,3.45,1.73,4.09,4.37,2.73,2.42,3.26,5.0,2.02,3.08,3.6,2.36,"Lathe and Turning Machine Tool Setters, Operators, and Tenders, Metal and Plastic",0.84
514035,3.38,2.75,2.75,3.38,3.12,2.38,1.0,2.25,2.0,2.62,2.75,3.12,2.88,2.62,1.38,2.12,2.0,2.25,3.0,3.12,3.62,2.75,2.12,3.25,3.62,1.62,2.62,3.12,3.0,2.25,2.88,1.75,3.25,2.62,3.25,2.5,3.12,1.75,1.88,2.75,3.0,2.12,1.75,2.38,2.88,2.38,3.12,2.25,3.12,2.38,3.0,2.62,2.62,3.0,3.12,2.12,2.62,3.12,2.88,1.38,2.88,2.62,2.79,2.39,1.33,2.31,1.94,1.79,3.18,2.42,2.95,2.14,2.98,2.91,3.48,1.34,1.2,1.69,1.59,1.34,1.46,3.48,3.72,1.38,2.49,1.29,2.26,3.57,1.61,2.69,2.14,1.54,1.73,1.51,2.1,2.83,2.94,3.49,2.63,1.88,3.36,1.43,2.24,3.35,1.67,4.12,2.76,1.01,2.43,2.61,3.55,1.95,3.47,1.0,4.34,3.4,1.63,4.26,3.49,2.44,3.26,2.72,4.63,3.28,1.51,1.88,2.24,3.59,2.5,1.27,1.08,3.89,3.28,1.38,3.42,1.97,2.39,2.23,3.7,1.48,4.5,4.5,3.75,1.77,4.1,4.89,1.58,3.14,3.53,2.25,"Milling and Planning Machine Setters, Operators, and Tenders, Metal and Plastic",0.98
514041,3.62,2.75,3.0,3.5,3.25,2.62,1.62,2.25,1.88,2.75,2.88,3.62,3.0,2.62,1.62,2.12,2.0,2.62,3.0,3.12,3.62,2.88,2.25,3.12,3.25,1.5,2.75,3.12,3.0,2.62,3.0,1.75,3.25,3.12,3.0,2.62,3.25,1.88,2.0,3.0,3.0,2.38,2.0,2.25,2.5,2.62,2.75,2.38,3.12,2.75,3.0,2.75,2.75,3.0,3.12,2.12,2.88,3.12,2.88,1.5,3.0,2.5,2.1,2.05,1.3,1.82,1.64,1.35,2.37,2.4,3.01,1.46,2.22,2.7,2.7,1.22,1.01,1.32,1.03,1.03,1.28,3.47,3.3,1.25,1.79,1.23,2.2,3.26,1.3,1.62,1.37,1.27,1.43,1.03,1.68,2.17,3.03,3.77,3.52,2.65,1.91,1.05,3.05,3.89,2.51,3.16,1.7,1.01,1.79,1.71,3.92,1.41,3.17,1.44,3.92,2.11,1.47,4.52,4.15,3.72,3.73,3.61,4.61,3.89,1.33,1.76,4.06,1.82,3.14,1.34,1.32,4.33,3.26,1.36,3.29,1.23,1.49,1.65,4.02,1.88,4.51,4.85,2.81,2.41,4.22,4.94,1.45,3.28,3.78,2.27,Machinists,0.65
514051,3.62,3.0,2.88,3.88,3.12,3.12,1.38,2.75,1.88,3.12,2.88,3.0,3.0,2.0,3.0,2.62,2.0,3.12,3.0,3.25,3.75,2.5,2.5,3.25,3.75,2.0,2.5,2.88,3.0,2.12,3.12,2.0,3.75,3.12,3.62,3.0,3.38,2.12,2.38,2.88,2.88,2.12,2.38,2.75,3.12,2.88,3.0,3.0,2.88,2.5,2.88,2.75,2.88,3.0,3.0,2.25,2.5,3.62,3.0,2.0,3.0,2.75,3.17,2.27,1.42,1.48,2.76,1.94,2.29,2.81,2.18,2.25,3.0,2.6,2.63,1.02,1.02,1.68,1.42,1.29,1.64,2.74,3.66,1.2,2.34,1.29,2.46,4.01,1.77,3.2,2.58,1.37,2.09,1.42,2.05,2.47,3.74,3.48,2.37,1.69,2.76,1.1,2.91,3.52,2.02,4.95,2.66,1.08,2.93,4.27,3.73,2.26,4.86,1.56,4.54,4.82,2.3,4.02,3.85,3.38,4.03,4.05,4.08,3.83,1.11,2.43,1.87,3.94,2.29,1.82,1.27,4.41,2.71,2.05,3.26,2.07,1.46,1.56,4.01,2.14,4.04,4.47,3.05,2.47,3.39,5.0,4.04,3.58,4.18,2.27,Metal-Refining Furnace Operators and Tenders,0.88
514052,3.75,2.5,3.0,3.5,2.88,2.75,1.0,2.0,2.12,2.75,2.88,3.0,2.88,2.0,2.0,2.0,2.0,2.5,2.75,2.88,3.5,2.0,2.0,3.12,3.12,2.0,2.0,3.0,2.75,2.0,3.12,2.0,3.0,2.75,3.12,2.38,3.0,2.0,2.0,2.75,2.88,2.0,1.75,2.5,2.88,2.5,3.0,2.88,2.75,2.0,2.75,2.0,2.25,3.0,3.0,2.25,2.0,3.0,2.75,1.88,2.75,2.0,2.2,1.58,1.04,1.44,1.78,1.51,1.67,1.72,1.63,1.32,2.61,1.75,3.11,1.04,1.0,1.28,1.04,1.03,1.35,2.16,2.46,1.03,1.67,1.07,1.49,2.75,1.16,1.91,1.27,1.14,1.21,1.04,2.13,2.22,3.07,3.44,2.43,1.11,2.09,1.1,2.48,3.03,1.73,3.86,1.65,1.03,1.84,2.81,3.15,1.83,4.23,1.01,3.3,3.93,1.38,4.41,3.21,2.67,2.71,2.48,3.51,2.1,1.15,1.63,1.03,4.96,2.29,1.27,1.2,3.32,2.98,1.28,3.21,1.34,1.93,1.94,3.62,1.38,4.56,3.78,3.23,1.86,3.48,5.0,2.0,2.76,3.24,1.29,"Pourers and Casters, Metal",0.87
514061,3.62,3.0,3.0,3.62,3.38,2.62,1.25,2.12,2.12,2.38,3.0,3.62,2.88,2.75,1.75,2.0,2.0,2.38,3.0,3.5,3.62,2.75,2.0,3.25,4.0,1.62,2.5,3.38,3.0,2.62,3.0,1.75,3.38,3.0,3.38,2.88,3.25,1.75,1.88,2.88,2.88,2.25,1.75,2.25,3.0,2.62,3.0,2.75,3.75,2.88,3.5,3.0,2.5,2.75,3.25,2.0,2.62,3.12,2.88,1.62,2.62,2.38,2.26,2.09,1.02,2.13,1.83,1.28,2.94,2.57,3.86,1.5,2.42,3.76,2.46,1.26,1.05,1.05,1.06,1.01,1.05,4.03,4.34,1.05,1.85,1.01,1.7,3.92,1.28,1.46,2.69,1.02,1.2,1.02,1.91,1.92,2.39,3.31,2.91,1.31,2.27,1.11,2.33,3.48,1.9,3.24,1.37,1.0,1.34,1.48,3.02,1.16,3.27,1.0,2.93,1.8,1.02,4.61,3.9,3.2,2.68,3.14,4.78,3.73,1.19,2.51,3.99,2.27,2.38,1.12,1.01,3.46,2.77,1.25,1.94,1.47,2.03,1.56,3.29,1.33,4.61,4.54,2.86,1.65,4.24,4.97,1.34,2.18,3.46,1.5,"Model Makers, Metal and Plastic",0.93
514062,3.5,2.75,3.0,3.25,3.12,2.38,1.25,2.12,1.88,2.38,2.88,3.12,2.62,2.88,1.75,2.12,2.0,2.62,3.0,3.12,3.25,2.38,2.0,2.88,3.88,1.75,2.38,3.0,3.0,2.62,2.88,1.75,3.25,2.12,2.75,2.12,3.12,1.75,1.75,3.0,3.0,2.12,1.62,2.12,2.12,2.62,2.38,2.88,3.25,2.12,3.0,2.75,2.62,3.0,3.0,2.12,2.38,3.0,3.0,1.5,3.0,2.25,2.63,2.54,1.01,1.17,1.74,1.18,2.33,2.83,3.32,1.93,2.53,3.07,2.61,1.02,1.0,1.0,1.0,1.0,1.27,3.35,3.42,1.0,1.97,1.11,1.9,3.58,1.23,1.76,1.62,1.0,1.21,1.0,1.82,3.09,3.41,4.48,3.34,2.07,2.23,1.35,2.12,3.84,3.78,4.48,2.71,1.02,1.94,2.16,3.96,1.1,2.22,1.14,4.38,2.22,1.36,5.0,3.79,3.18,3.52,3.18,4.13,3.04,1.81,2.14,3.5,2.54,3.39,1.94,1.18,3.48,3.56,1.58,2.74,1.36,1.46,2.37,3.37,2.24,3.84,4.53,3.2,3.85,4.51,5.0,2.16,3.55,4.14,3.31,"Patternmakers, Metal and Plastic",0.9
514071,3.5,3.0,2.88,3.0,2.88,2.62,1.75,2.88,2.12,2.88,2.88,3.38,2.5,2.0,2.0,2.5,2.0,2.12,2.62,3.0,3.62,2.0,2.0,3.25,3.25,1.5,2.0,3.0,2.88,2.0,2.75,2.0,3.12,2.88,3.12,2.12,3.0,1.75,2.0,2.62,2.75,2.0,1.75,2.88,3.5,2.12,3.75,2.5,3.0,2.0,2.12,2.0,2.38,2.88,2.88,2.0,2.0,3.0,2.25,1.25,2.62,2.0,3.24,2.75,1.67,2.82,2.98,1.81,2.1,2.59,3.07,2.55,3.27,3.02,3.39,1.65,1.6,1.96,1.77,1.73,2.06,2.68,3.37,1.68,2.44,1.97,3.15,3.27,2.37,2.95,2.58,2.2,2.0,1.66,2.15,2.32,3.18,4.31,3.19,1.89,2.8,1.56,2.24,3.96,1.56,4.88,2.06,1.0,3.48,3.92,4.33,2.41,3.84,1.0,4.41,4.74,2.45,4.27,3.99,3.52,3.51,3.75,4.18,2.96,1.08,3.29,1.13,4.94,3.24,2.51,1.31,3.72,3.41,1.67,3.08,1.58,1.62,2.03,4.03,1.25,4.6,4.25,3.26,1.41,4.2,5.0,2.77,3.83,3.94,2.41,Foundry Mold and Coremakers,0.67
514072,3.75,3.0,3.12,3.38,3.25,2.62,1.25,2.88,2.25,2.62,2.88,3.12,3.0,2.12,2.0,2.62,2.25,2.88,3.0,3.25,3.62,2.25,2.0,3.38,3.25,1.5,2.25,3.12,3.12,2.12,3.25,1.5,3.12,3.12,3.12,2.62,3.0,1.75,1.75,3.12,3.0,2.62,2.0,2.88,3.12,2.38,3.12,2.62,3.0,2.5,3.12,2.75,2.88,3.25,3.0,2.25,2.25,3.12,3.12,1.12,3.0,2.62,2.52,1.87,1.09,1.14,2.06,1.37,2.37,2.12,2.01,1.27,2.33,2.37,2.86,1.01,1.13,1.12,1.09,1.07,1.31,3.09,3.48,1.32,1.59,1.14,2.48,3.54,1.94,2.1,1.22,1.18,1.29,1.25,1.26,2.57,3.24,3.93,2.94,1.15,2.82,1.28,2.42,3.85,2.17,4.51,2.35,1.1,2.8,3.28,4.24,1.95,3.91,1.0,4.22,3.82,1.39,4.63,3.94,2.88,3.73,3.11,4.14,3.47,1.09,2.76,2.81,3.27,3.16,1.44,1.14,3.93,3.73,1.92,3.2,1.69,2.1,2.6,3.46,1.28,4.55,4.33,3.65,2.08,3.96,4.98,1.22,3.15,3.47,1.91,"Molding, Core making, and Casting Machine Setters, Operators, and Tenders, Metal and Plastic",0.95
514081,3.88,3.0,3.0,3.88,3.0,2.25,1.0,2.0,1.5,3.0,3.12,3.12,3.0,2.88,2.0,2.0,2.0,3.0,3.0,3.25,3.75,2.5,2.12,3.12,3.88,1.88,2.38,3.12,2.88,2.62,3.0,2.0,3.62,3.0,3.12,2.38,3.12,2.0,2.0,3.0,3.12,2.25,1.62,2.12,2.88,2.88,2.88,2.88,3.38,2.12,3.12,2.88,2.88,3.0,3.0,2.38,2.25,3.12,3.0,1.25,3.0,2.75,2.5,2.15,1.22,1.42,1.73,1.47,2.51,2.79,3.07,1.61,2.91,2.69,3.27,1.0,1.0,1.31,1.01,1.33,1.52,3.6,3.94,1.18,1.98,1.4,2.2,4.11,2.39,2.22,1.78,1.55,1.46,1.4,1.73,2.75,3.18,3.97,3.18,2.24,1.87,1.16,3.02,3.38,3.32,3.02,1.75,1.08,1.61,1.98,3.14,1.06,3.31,1.02,3.15,2.26,1.3,4.86,3.9,2.78,3.51,2.98,4.69,2.93,1.24,1.26,3.79,2.79,2.62,1.12,1.12,3.95,3.07,1.78,2.88,1.47,1.34,1.5,2.89,1.81,4.36,4.24,3.0,2.05,4.46,4.96,1.65,3.02,3.78,2.73,"Multiple Machine Tool Setters, Operators, and Tenders, Metal and Plastic",0.91
514111,3.25,2.25,3.25,3.38,3.12,2.75,1.5,2.12,1.5,2.12,2.88,3.38,2.5,2.88,1.75,2.0,1.75,2.12,3.0,3.25,3.38,3.0,2.0,3.12,3.75,1.62,2.25,3.12,3.12,2.75,2.88,1.62,3.62,2.62,2.88,2.38,3.25,1.62,1.88,3.0,3.0,2.12,1.88,2.12,2.25,2.25,2.62,2.38,3.75,2.12,3.0,2.88,3.0,3.0,3.12,2.12,2.75,3.12,2.88,1.75,2.88,2.25,2.34,2.19,1.1,1.4,1.48,1.35,2.62,2.43,3.39,1.56,2.79,2.93,3.03,1.0,1.0,1.16,1.15,1.0,1.26,3.52,4.48,1.1,1.55,1.05,2.11,3.48,1.22,2.13,1.23,1.15,1.43,1.1,1.55,2.31,3.87,4.2,2.99,1.84,2.13,1.1,1.8,4.42,3.23,3.77,2.31,1.0,2.82,2.01,4.32,1.17,3.43,1.02,4.1,2.14,1.41,4.67,4.76,3.98,3.16,3.83,4.8,2.87,1.07,1.86,3.2,3.1,2.56,1.32,1.14,3.24,2.66,1.7,2.52,1.03,1.51,2.08,2.9,1.78,4.13,4.31,2.96,2.71,4.29,5.0,2.02,3.22,3.99,2.47,Tool and Die Makers,0.84
514121,3.62,2.62,2.88,3.12,3.0,2.75,1.62,2.12,2.12,2.5,2.88,3.25,2.88,2.38,2.25,2.0,2.12,2.25,2.88,2.88,3.12,2.12,1.88,2.62,3.38,1.75,2.0,3.0,2.75,2.12,2.75,1.88,3.25,2.62,2.62,2.5,3.0,1.88,2.0,2.5,2.62,2.25,1.25,2.25,2.62,2.38,2.88,2.62,2.88,2.0,2.38,1.75,2.25,2.62,2.88,2.0,2.12,3.0,2.5,1.62,2.62,1.75,2.44,2.0,1.16,2.39,1.94,1.52,1.97,2.49,2.82,1.44,2.53,2.58,2.87,1.08,1.14,1.37,1.09,1.07,1.71,2.94,3.1,1.32,1.99,1.16,2.14,3.49,1.83,2.51,1.51,1.31,1.19,1.13,1.72,2.4,3.25,3.79,2.99,1.99,2.23,1.19,1.76,3.38,1.88,4.03,2.64,1.09,3.07,2.82,3.15,1.79,3.47,1.49,3.96,3.19,1.23,4.35,3.31,3.34,3.37,3.45,4.36,3.16,1.49,1.78,2.67,3.53,2.78,1.52,1.39,2.64,3.31,1.46,3.02,1.46,1.83,2.09,3.46,2.52,3.52,4.51,2.79,2.14,4.51,4.65,2.31,3.08,3.85,2.23,"Welders, Cutters, Solderers, and Brazers",0.94
514122,3.25,2.88,3.0,3.62,3.0,2.75,1.38,2.5,2.12,3.0,3.0,3.0,2.88,2.12,2.12,2.0,2.12,2.62,3.0,3.12,3.25,2.0,2.0,3.12,3.75,1.88,2.0,2.88,3.0,2.12,3.0,2.0,3.12,3.0,3.0,2.25,3.12,1.75,1.88,3.0,3.0,2.12,1.62,2.12,2.88,2.12,3.0,2.25,3.25,2.0,2.88,2.5,2.62,3.0,3.0,2.0,2.12,3.0,3.0,1.75,3.0,2.25,3.52,2.41,1.13,2.08,1.67,1.46,2.18,2.69,3.12,1.61,2.49,2.69,2.84,1.02,1.21,1.43,1.16,1.2,1.62,2.6,2.82,1.26,2.36,1.07,2.04,3.8,1.08,2.91,1.93,1.04,1.31,1.12,1.63,2.58,3.88,3.71,3.99,2.09,1.97,1.1,2.41,3.19,2.48,4.25,2.84,1.24,3.01,3.31,3.29,1.8,4.06,2.25,4.54,3.89,1.35,4.69,3.47,3.76,4.21,3.86,4.38,3.26,1.21,1.76,2.54,3.92,3.42,1.69,1.58,3.35,2.6,1.57,2.88,1.32,1.6,2.29,4.22,2.19,4.26,4.17,3.29,2.43,4.28,4.92,3.24,3.55,4.17,2.11,"Welding, Soldering, Brazing Machine Setters, Operators, and Tenders",0.61
514191,3.75,3.0,3.0,3.38,3.12,3.0,1.25,2.88,1.75,3.0,3.0,3.25,3.12,2.0,2.12,2.88,2.12,2.88,2.88,3.25,3.5,2.75,2.12,3.62,3.5,1.75,2.62,3.0,3.12,2.0,3.25,2.12,3.5,3.12,3.62,3.0,3.25,2.0,2.12,3.12,3.12,2.38,2.12,3.25,3.38,2.5,3.38,2.88,3.12,2.5,3.0,2.88,2.75,3.12,3.0,2.62,2.88,3.12,2.88,2.0,3.12,2.88,2.75,1.84,1.22,1.56,2.71,1.91,2.34,2.58,2.46,1.52,2.85,2.56,2.34,1.01,1.22,1.22,1.22,1.01,1.76,3.25,2.59,1.33,1.54,1.21,2.42,3.93,1.93,2.41,1.83,1.41,1.33,1.22,1.66,2.79,2.77,4.01,3.17,1.63,2.92,1.25,1.91,3.58,1.91,4.44,2.85,1.1,2.69,3.31,3.52,2.34,3.49,1.25,4.26,3.96,1.22,4.11,3.29,3.55,4.06,3.25,4.15,4.14,1.04,2.93,3.02,4.07,2.69,1.51,1.04,4.01,3.42,1.42,2.96,1.47,1.75,2.1,3.9,1.73,4.54,4.47,3.78,2.91,4.6,4.79,2.12,3.68,4.01,3.24,"Heat Treating Equipment Setters, Operators, and Tenders, Metal and Plastic",0.91
514192,3.75,3.0,3.0,3.0,3.25,2.62,1.38,2.25,1.62,2.75,3.0,3.25,3.12,2.75,1.88,2.0,2.0,2.0,3.0,3.38,3.5,3.12,2.0,3.0,3.88,1.62,3.0,3.0,3.0,2.5,3.12,1.75,3.5,2.0,2.5,2.0,3.12,1.75,2.0,2.88,2.75,2.25,1.75,2.12,2.62,2.5,3.0,2.75,3.75,2.12,3.12,2.88,2.75,2.88,3.0,2.12,3.12,3.0,3.0,1.25,2.88,2.5,3.28,2.13,1.29,3.29,1.78,1.87,3.08,2.95,3.78,1.82,3.03,3.31,3.31,1.05,1.27,1.1,1.65,1.05,1.7,4.07,3.51,1.18,2.39,1.37,2.29,3.36,1.8,2.43,1.89,1.43,1.69,1.1,2.31,2.91,3.25,3.77,3.39,2.21,2.5,1.15,2.01,3.33,2.32,4.65,2.92,1.5,3.7,3.19,4.03,2.56,3.85,1.54,4.62,4.24,2.15,4.59,3.48,3.14,3.56,3.55,4.69,2.87,1.27,2.03,2.22,4.45,2.98,2.21,2.43,2.6,3.26,1.83,3.44,2.07,2.28,2.79,3.68,1.91,4.28,4.29,3.92,1.92,4.64,5.0,2.87,3.06,3.47,2.3,"Layout Workers, Metal and Plastic",0.84
514193,3.25,2.75,3.0,3.38,3.0,2.62,1.12,2.0,1.62,2.88,2.75,3.0,3.0,2.38,1.5,2.12,2.0,2.62,3.0,3.0,3.25,2.0,2.0,3.12,3.38,1.5,2.0,3.25,3.12,2.25,3.0,1.5,3.25,2.25,2.25,2.0,3.0,1.62,1.62,3.12,3.0,2.12,1.88,2.5,3.0,2.38,3.0,2.62,2.5,2.0,2.88,2.75,2.12,3.12,3.0,2.25,2.0,3.12,3.12,2.0,3.0,2.75,2.8,2.41,1.71,2.22,3.43,1.98,2.31,3.11,3.07,2.34,3.23,3.27,3.39,1.16,1.58,1.39,1.84,1.92,3.13,3.5,3.3,1.84,2.69,1.2,2.98,4.17,2.04,3.05,2.75,1.77,2.07,1.81,3.02,2.2,3.41,3.91,3.52,2.17,2.99,1.44,2.23,3.21,1.65,4.71,2.0,1.1,3.0,4.2,3.22,2.22,3.34,1.0,4.57,3.85,1.09,4.58,3.9,3.36,3.62,2.78,4.22,3.49,1.4,2.36,2.23,4.14,2.54,1.46,1.27,3.43,3.37,1.3,2.81,1.41,1.63,2.01,3.47,1.75,4.27,4.4,3.57,1.87,4.94,4.79,2.71,4.07,4.15,1.83,"Plating and Coating Machine Setters, Operators, and Tenders, Metal and Plastic",0.92
514194,4.0,3.0,3.0,3.88,3.0,2.75,1.0,2.5,1.88,2.38,2.88,3.88,3.25,2.38,1.38,2.0,1.88,3.0,2.88,3.0,3.88,2.88,2.5,3.0,3.75,1.38,2.88,2.88,2.88,2.38,3.25,1.5,3.38,3.12,3.12,2.25,3.38,1.5,1.5,2.62,2.75,2.5,1.75,2.0,3.0,2.62,2.88,2.88,3.38,2.62,3.12,2.5,2.75,2.75,3.25,2.5,2.75,3.0,2.88,1.12,2.5,2.5,2.48,2.09,1.42,1.4,2.06,1.59,2.17,2.69,2.41,2.03,2.73,2.47,3.13,1.23,1.4,1.5,1.53,1.27,1.85,3.49,3.61,1.3,1.99,1.24,1.88,2.9,1.61,2.05,1.87,1.37,1.34,1.3,2.04,2.45,2.63,3.64,3.64,2.13,2.55,1.1,2.16,3.76,1.97,4.06,2.19,1.0,2.46,2.23,3.66,1.24,3.89,1.0,3.6,2.66,2.15,4.49,3.77,3.77,3.95,3.41,4.61,2.79,1.48,1.3,2.51,3.69,3.26,1.91,1.01,4.12,2.86,1.55,3.22,1.37,1.69,2.46,4.07,1.51,4.67,4.92,3.34,2.19,4.05,4.99,2.39,3.36,3.94,2.05,"Tool Grinders, Filers, and Sharpeners",0.88
515111,2.88,2.12,3.12,3.0,3.0,2.0,1.0,1.25,1.0,1.38,2.5,2.88,3.0,2.62,1.0,1.0,1.0,1.88,3.25,3.12,2.75,2.25,2.0,1.62,3.75,1.0,2.0,3.12,3.12,2.62,3.0,1.0,3.25,2.0,1.88,1.62,3.0,1.0,1.0,3.0,3.0,2.12,1.0,1.0,1.38,2.0,1.5,3.25,3.25,2.0,3.12,2.88,2.88,3.12,3.12,2.38,2.0,3.12,3.0,1.62,3.12,2.88,2.6,2.93,1.03,1.18,1.67,2.67,4.0,3.23,3.51,1.58,2.47,2.09,3.63,2.06,1.0,1.12,1.23,1.1,1.45,3.36,2.12,1.09,1.54,1.07,1.23,3.33,1.51,1.82,2.29,1.19,1.71,1.09,1.34,2.56,2.83,4.1,3.15,2.6,3.02,1.42,3.08,3.84,4.46,3.21,1.33,1.0,1.46,1.81,1.51,1.0,1.78,1.23,3.42,1.21,1.0,4.69,3.95,3.01,1.92,2.91,4.64,3.72,1.29,1.0,4.62,1.48,2.45,1.18,1.07,2.43,3.22,1.18,1.44,1.0,1.05,1.33,3.64,4.21,2.34,3.55,2.02,4.37,4.92,1.36,1.0,2.91,3.96,2.43,Prepress Technicians and Workers,0.97
515112,3.25,2.62,3.0,3.5,3.12,2.5,1.12,1.88,1.38,2.88,3.0,3.12,3.0,2.62,1.25,2.0,1.88,2.5,3.0,3.12,3.25,2.0,2.12,3.12,4.0,1.0,2.0,3.12,3.12,2.38,3.0,1.25,3.38,2.88,2.88,2.5,3.12,1.25,1.38,3.12,3.12,2.12,1.88,2.25,3.0,2.5,2.88,3.0,3.12,2.25,3.12,2.75,2.88,3.12,3.12,2.12,2.12,3.25,3.12,1.0,3.12,2.38,2.08,1.5,1.0,1.17,2.47,1.32,2.75,2.86,1.6,1.21,2.08,1.88,2.8,1.2,1.06,1.01,1.07,1.0,1.24,2.74,3.83,1.01,1.44,1.01,1.26,3.66,1.13,2.1,1.42,1.01,1.07,1.01,1.09,2.4,3.1,4.02,3.84,3.05,2.35,1.48,2.61,4.02,2.34,4.45,2.6,1.0,1.66,3.58,3.77,1.96,2.87,1.02,3.95,1.75,1.11,4.6,4.14,4.21,3.86,3.74,4.7,3.61,1.6,1.65,5.0,1.17,2.67,1.13,1.0,4.04,2.98,1.55,3.31,1.53,1.24,2.75,3.82,1.67,4.4,4.72,3.91,2.56,4.8,3.97,1.39,3.22,4.28,2.4,Printing Press Operators,0.83
515113,3.38,2.62,2.88,3.12,3.25,2.5,1.5,2.62,2.38,2.75,2.75,3.5,2.88,2.5,1.75,2.25,2.25,2.5,3.12,3.0,3.38,2.0,2.38,3.0,3.5,1.75,2.0,3.38,3.38,2.38,2.88,2.0,3.5,2.75,2.88,2.12,3.12,1.88,2.0,3.25,3.12,2.38,1.38,2.5,2.75,2.5,3.12,2.75,3.25,2.12,3.12,2.88,2.5,2.88,3.25,2.5,2.12,3.12,3.12,1.12,3.0,2.75,3.51,2.75,1.02,1.26,1.61,1.49,2.38,3.08,2.14,1.65,2.71,1.76,2.9,1.15,1.17,1.14,1.24,1.17,1.3,2.9,3.24,1.09,2.15,1.18,1.84,3.38,1.94,1.67,2.16,1.24,1.42,1.17,1.53,2.28,3.09,3.57,3.29,2.51,2.23,1.18,2.7,3.46,1.57,3.71,2.47,1.0,1.24,2.44,3.71,1.15,2.57,1.0,3.95,1.48,1.03,4.7,3.42,3.6,3.55,3.76,4.31,3.6,1.19,1.47,4.28,1.87,2.68,1.1,1.05,3.57,3.21,1.12,2.96,1.17,1.48,1.77,4.19,1.54,4.71,4.29,3.25,1.98,3.87,3.93,1.16,3.41,4.55,1.72,Print Binding and Finishing Workers,0.95
516011,3.25,2.25,2.75,3.0,2.75,2.0,1.25,2.25,1.75,2.38,2.25,2.88,2.38,2.12,1.0,2.25,2.12,2.0,2.75,2.88,3.0,1.62,1.75,2.88,3.0,1.0,1.62,3.0,3.0,2.0,2.38,1.0,2.88,2.25,2.25,1.75,2.75,1.0,1.0,2.88,3.0,2.0,1.62,2.25,2.25,2.25,2.88,2.75,2.38,1.5,2.75,2.0,2.62,3.0,2.75,2.25,1.62,3.0,2.75,1.0,2.88,2.12,2.69,1.95,1.34,1.12,2.41,1.96,2.32,3.2,1.54,1.93,2.24,1.98,2.97,1.23,1.65,1.96,1.24,1.08,2.38,2.81,2.03,1.28,2.21,1.45,1.56,3.1,1.71,2.94,1.43,2.02,1.69,1.45,2.18,2.09,1.92,3.23,2.82,2.49,2.57,1.49,3.27,3.18,1.37,2.99,1.32,3.19,1.61,2.13,1.51,1.16,1.89,1.38,2.01,1.93,1.42,3.85,2.92,2.83,4.26,3.49,3.93,3.07,1.04,1.18,3.5,1.69,3.43,1.59,1.49,4.12,3.12,1.8,3.39,1.16,2.14,2.3,4.13,1.38,4.62,3.99,3.68,2.03,3.91,4.09,2.3,3.74,3.72,1.62,Laundry and Dry-Cleaning Workers,0.71
516021,3.38,2.12,2.25,3.25,2.5,2.38,1.62,2.75,1.62,2.88,2.5,3.12,2.12,2.0,1.0,2.12,1.88,2.12,2.38,2.5,3.62,1.62,1.88,3.12,3.25,1.0,1.62,2.5,2.25,1.88,2.25,1.0,2.62,2.88,3.0,2.25,2.5,1.0,1.0,2.0,2.25,1.88,2.38,2.62,2.5,1.62,3.0,2.25,2.12,2.25,1.88,1.88,2.12,2.0,2.5,1.75,1.62,2.38,2.0,1.0,2.12,1.75,2.51,2.0,1.0,1.55,1.59,1.79,2.08,3.61,1.06,1.54,2.59,1.76,2.91,1.26,1.43,1.56,1.27,1.4,1.79,2.39,2.19,1.38,2.34,1.18,1.68,3.27,1.43,2.87,2.46,1.44,1.21,1.66,2.3,2.05,2.31,3.43,2.24,2.58,2.65,1.35,2.55,3.95,1.47,2.56,1.69,1.15,1.45,1.79,2.16,1.15,3.75,1.15,2.61,2.83,1.15,4.08,2.69,1.47,3.31,2.08,4.07,2.84,1.0,1.0,3.04,2.47,3.38,1.58,1.29,4.19,2.4,1.9,3.43,1.15,1.29,1.46,3.68,1.55,4.28,4.24,2.74,1.88,3.94,1.75,1.18,2.9,3.46,1.51,"Pressers, Textile, Garment, and Related Materials",0.81
516031,3.75,2.12,2.88,3.5,3.0,2.75,1.12,2.12,1.38,2.25,2.75,3.25,2.75,1.88,1.0,2.0,1.88,2.25,2.88,3.12,3.62,2.0,1.88,3.12,3.38,1.0,2.0,2.88,2.88,1.75,2.88,1.0,3.0,3.12,3.0,2.25,2.88,1.0,1.12,2.5,2.62,2.0,1.75,2.12,2.12,2.0,2.12,3.0,3.0,2.5,2.62,2.0,2.12,2.75,2.75,2.12,2.0,3.12,2.62,1.0,2.12,2.0,1.99,1.48,1.07,1.26,1.23,1.35,1.61,2.16,1.54,1.18,2.22,1.21,2.72,1.1,1.1,1.25,1.14,1.14,1.4,2.28,2.06,1.2,1.43,1.1,1.17,2.53,1.46,2.12,1.52,1.33,1.23,1.2,1.7,2.05,1.89,3.55,2.32,1.48,2.66,1.07,1.88,3.29,1.34,2.81,1.56,1.0,1.76,1.49,1.74,1.1,1.64,1.0,2.73,1.82,1.21,3.52,3.0,2.68,2.47,2.96,3.98,2.61,1.0,1.0,3.57,2.11,2.59,1.0,1.0,3.03,3.49,1.79,3.28,1.02,1.49,1.5,4.44,4.44,1.82,4.68,1.65,1.64,3.76,2.87,1.36,2.63,3.42,1.42,"Sewing Machine Operators, label 1",0.89
516041,3.25,2.25,3.0,3.0,3.0,2.12,1.12,2.25,2.0,2.12,2.75,3.25,2.25,2.25,1.38,1.88,1.88,2.38,3.0,3.0,3.0,2.0,1.75,2.88,3.5,1.38,2.0,3.0,2.88,2.25,2.25,1.38,3.12,2.25,2.75,2.0,3.0,1.5,1.38,3.0,3.0,2.0,1.25,2.0,2.25,2.0,2.62,2.75,3.0,2.12,2.75,2.25,2.38,3.0,3.0,1.62,1.88,3.0,2.88,1.0,3.0,2.12,2.4,1.33,1.19,1.29,1.78,1.09,1.3,2.98,1.89,1.93,2.15,2.01,1.87,1.0,1.09,1.11,1.15,1.0,1.54,1.62,2.9,1.07,1.68,1.37,1.23,3.23,1.63,1.6,2.58,1.09,1.32,1.04,1.49,2.21,2.67,4.25,2.25,3.51,2.75,1.01,2.01,4.29,2.21,4.46,1.83,1.0,1.2,1.58,4.4,1.0,2.7,1.0,4.08,1.34,1.04,4.72,4.33,3.56,2.46,3.35,4.19,2.39,1.0,1.0,4.32,1.77,3.04,1.0,1.09,2.82,2.96,1.02,2.54,1.09,1.1,1.45,4.29,2.05,4.3,5.0,3.13,3.92,4.03,2.17,1.49,2.58,2.51,1.61,Shoe and Leather Workers and Repairers,0.52
516042,3.62,2.12,2.88,3.62,2.75,2.62,1.12,2.0,1.38,3.0,2.88,3.12,2.62,2.25,1.62,2.0,2.0,2.62,2.75,2.75,3.12,2.0,2.12,3.0,3.88,1.25,2.0,2.88,3.0,2.12,3.0,1.25,3.0,2.88,3.0,2.25,3.0,1.38,1.5,2.75,2.88,2.0,1.12,2.12,2.5,2.0,2.88,2.75,2.88,2.25,2.75,2.0,2.12,3.0,3.0,2.12,2.0,3.0,3.12,1.12,2.75,2.12,3.01,2.28,1.31,1.41,1.7,1.7,1.68,2.51,2.04,1.67,2.66,2.38,2.13,1.31,1.41,1.45,1.41,1.41,1.73,2.12,2.06,1.52,2.41,1.46,1.34,3.28,1.76,2.4,2.26,1.42,1.63,1.42,1.59,2.61,1.72,4.23,3.08,1.68,3.26,1.93,1.47,3.82,2.02,3.34,2.13,1.01,1.9,2.31,3.8,1.0,2.18,1.0,3.8,2.23,1.0,4.21,3.52,3.63,2.82,3.57,4.41,3.75,1.65,1.01,3.72,3.13,2.57,1.02,1.02,3.71,3.28,1.53,3.15,1.0,1.87,1.51,4.85,3.3,3.26,5.0,2.18,1.74,3.89,4.38,1.0,3.46,3.87,1.8,Shoe Machine Operators and Tender,0.97
516051,4.0,2.0,3.12,3.25,2.75,2.62,1.25,1.5,1.12,1.5,2.75,4.12,2.5,2.5,1.0,1.0,1.25,1.88,2.38,3.12,4.12,2.0,2.0,3.0,3.75,1.0,2.0,2.62,2.5,2.38,2.62,1.0,2.88,2.25,2.0,1.88,2.75,1.0,1.25,2.38,2.5,2.0,1.0,1.12,2.0,2.0,1.88,3.0,3.12,2.5,2.0,2.0,2.38,2.62,2.5,2.0,2.0,2.62,2.5,1.0,2.62,1.88,3.03,1.83,1.16,1.12,1.4,1.33,1.7,3.38,2.28,2.09,2.42,1.2,2.93,1.23,1.1,1.82,1.14,1.08,1.4,2.29,2.5,1.23,1.78,1.35,1.06,2.12,1.42,1.56,2.07,1.27,1.46,1.14,1.31,2.08,2.59,3.36,3.51,3.15,1.95,1.16,2.12,4.19,2.47,2.43,1.53,1.32,1.48,1.0,2.49,1.0,1.7,1.0,3.38,1.11,1.0,4.47,2.88,2.59,3.07,2.72,4.75,3.13,1.53,1.0,2.12,3.0,3.12,1.05,1.0,3.82,2.85,1.87,2.84,1.0,1.35,1.32,4.3,2.65,3.74,3.6,2.23,2.83,3.21,1.59,1.0,2.61,4.13,2.39,"Sewers, Hand",0.99
516052,3.88,2.0,3.0,3.5,2.62,2.0,1.0,2.0,1.38,2.0,2.5,3.88,2.62,2.88,1.0,1.75,1.38,2.0,2.62,3.0,3.12,1.88,2.0,2.88,3.75,1.0,2.0,3.62,3.0,3.0,2.62,1.0,2.88,2.62,2.38,1.75,2.88,1.0,1.12,3.0,3.0,2.12,1.0,2.0,2.0,2.12,2.25,2.88,3.88,2.25,2.88,2.75,2.62,3.0,3.0,2.0,1.88,2.75,2.62,1.0,3.0,2.5,3.19,2.63,1.21,1.35,1.37,1.98,1.73,4.05,2.96,3.16,2.49,1.89,3.56,1.3,1.31,1.6,1.03,1.26,1.39,2.95,2.35,1.4,2.73,1.39,1.47,3.32,1.9,2.0,2.76,1.48,1.63,1.29,1.5,2.0,3.01,3.8,3.24,3.98,2.42,1.16,2.13,3.9,2.65,1.84,1.03,1.06,1.16,1.0,1.82,1.03,2.15,1.0,2.32,1.52,1.05,3.74,4.4,3.83,3.16,4.14,4.53,3.17,1.34,1.0,4.37,1.47,2.74,1.14,1.15,3.71,3.58,1.65,2.72,1.05,1.12,1.67,3.58,3.82,2.6,4.83,2.09,4.05,4.53,1.98,1.0,3.53,3.67,2.63,"Tailors, Dressmakers, and Custom Sewers",0.84
516061,3.62,2.62,3.0,3.62,3.12,2.25,1.25,2.25,1.62,2.5,3.0,3.12,3.0,2.5,1.5,2.12,2.0,2.38,3.0,3.12,3.25,2.38,2.0,2.88,3.38,1.62,2.5,3.12,3.0,2.38,3.12,1.62,3.0,3.12,3.0,2.25,3.12,1.62,1.88,2.75,3.0,2.5,2.12,2.5,3.0,2.5,3.0,3.25,3.0,2.62,2.75,2.5,2.12,3.0,2.88,2.0,2.5,3.0,2.88,1.62,2.88,2.5,2.49,1.59,1.03,1.31,1.88,1.32,1.92,2.47,1.56,1.4,2.5,1.58,2.26,1.0,1.04,1.05,1.03,1.0,1.17,2.36,2.25,1.0,1.82,1.11,1.3,3.35,1.57,2.62,1.42,1.16,1.35,1.0,1.21,1.97,3.0,4.17,2.94,2.08,2.64,1.23,2.7,3.29,1.78,4.7,2.31,1.07,2.79,4.0,3.87,2.18,3.2,1.03,3.97,4.06,1.0,4.58,3.76,3.84,3.94,3.6,4.19,3.51,1.48,1.99,1.96,4.6,3.04,1.17,1.2,4.29,3.31,1.81,2.88,1.97,1.61,2.03,3.31,1.58,4.63,3.98,4.07,2.86,3.82,4.52,1.72,3.22,4.05,1.5,Textile Bleaching and Dyeing Machine Operators and Tenders,0.97
516062,3.62,3.12,3.0,3.12,3.0,3.0,1.5,2.25,1.62,2.88,2.88,3.12,2.88,2.0,1.75,2.12,1.88,2.88,2.88,3.25,3.25,2.0,2.12,3.12,3.12,1.5,2.0,3.0,3.0,2.0,3.0,1.88,3.12,3.0,3.12,3.0,3.12,2.0,1.75,3.0,2.88,2.12,2.0,2.75,3.12,2.0,3.12,2.88,3.0,2.25,2.75,2.12,2.5,3.0,2.88,2.0,2.12,3.12,2.75,1.0,3.0,2.62,2.21,1.93,1.1,1.9,1.41,1.26,2.07,1.88,2.45,1.56,2.22,2.02,2.6,1.0,1.1,1.43,1.26,1.01,1.57,2.87,2.82,1.19,1.34,1.27,1.57,3.28,1.6,2.03,1.43,1.38,1.16,1.38,1.37,2.48,3.26,3.35,2.43,1.54,3.14,1.1,2.56,2.34,1.73,3.69,2.12,1.0,2.06,1.63,3.5,2.0,2.83,1.0,4.04,2.75,1.0,4.7,3.07,2.68,2.3,2.82,4.36,3.27,1.13,1.75,2.84,3.72,2.09,1.42,1.05,4.1,3.16,1.04,2.66,1.56,1.3,1.98,3.39,1.81,4.37,4.29,3.57,1.88,3.88,2.13,1.0,2.58,3.53,1.7,"Textile Cutting Machine Setters, Operators, and Tenders",0.95
516063,3.88,3.0,2.75,3.62,2.88,2.0,1.25,1.88,1.38,2.88,2.38,3.62,2.75,2.0,1.25,2.0,1.88,2.5,2.75,2.88,3.25,2.0,2.0,3.5,3.12,1.0,2.0,3.12,3.0,2.12,2.88,1.0,3.12,2.62,3.0,2.38,3.12,1.25,1.12,2.88,2.88,2.0,1.75,2.75,2.62,2.12,3.25,2.88,3.0,2.25,2.75,2.5,2.0,3.0,2.88,2.12,1.88,3.12,2.75,1.12,2.88,2.38,2.19,1.58,1.0,1.03,1.65,1.48,2.47,2.3,1.99,1.58,2.63,1.87,3.17,1.02,1.09,1.15,1.02,1.07,1.2,2.05,2.99,1.48,1.53,1.18,1.23,3.39,1.3,2.64,1.59,1.3,1.41,1.26,1.34,2.19,2.27,3.75,2.62,1.44,2.38,1.04,1.87,3.55,1.73,3.47,1.67,1.33,1.43,1.37,2.82,1.0,3.02,1.0,4.41,1.24,1.0,4.25,3.79,2.91,3.6,3.06,3.98,3.48,1.18,1.39,3.62,2.27,2.68,1.0,1.0,4.2,3.33,1.87,2.94,1.1,1.82,2.21,3.5,2.07,4.03,4.81,3.94,1.77,4.06,4.59,1.22,3.38,3.65,1.88,"Textile Knitting and Weaving Machine Setters, Operators, and Tender",0.73
516064,3.62,3.0,3.0,3.5,2.88,2.88,1.62,2.62,1.62,3.12,3.0,3.38,3.0,2.0,1.38,2.88,2.0,2.88,2.75,2.88,3.38,2.0,2.12,3.25,3.25,1.0,2.0,2.75,3.0,2.0,3.0,1.38,3.12,3.0,3.38,2.62,3.12,1.12,1.38,3.0,2.88,2.38,2.38,2.88,3.12,2.12,3.25,3.0,3.0,3.0,2.38,2.12,2.38,3.0,3.0,2.38,2.0,3.0,2.5,1.0,3.12,2.38,3.13,2.25,1.01,1.4,1.44,1.51,2.36,2.75,1.86,2.44,2.17,2.31,2.74,1.01,1.5,1.77,1.4,1.01,1.64,2.68,3.07,1.4,2.82,1.61,1.58,3.45,2.4,3.05,2.41,1.61,1.08,1.57,2.31,1.98,2.83,3.67,2.58,1.65,2.54,1.28,2.58,2.9,1.28,3.46,1.84,1.21,3.02,1.55,2.5,1.06,3.03,1.17,4.48,2.82,1.37,3.8,3.07,2.34,3.06,2.68,3.87,3.36,1.09,1.34,3.36,3.24,2.42,1.18,1.09,4.17,3.54,1.62,3.26,1.15,1.77,2.05,4.11,1.43,4.62,4.65,4.73,1.49,3.27,4.19,1.53,2.75,4.01,2.11,"Textile Winding, Twisting, and Drawing Out Machine Setters, Operators, and Tenders",0.96
516091,3.38,3.0,3.0,3.75,3.12,2.62,1.12,2.5,1.62,2.88,2.75,3.38,3.0,2.38,2.0,2.0,2.0,2.62,3.12,3.12,3.25,2.25,2.0,3.25,3.5,1.88,2.0,3.38,3.12,2.25,3.0,2.0,3.75,3.12,3.25,2.88,3.0,2.0,2.0,3.0,2.88,2.12,2.12,2.12,2.75,3.0,3.0,2.62,3.0,2.5,3.0,2.62,2.75,3.0,2.88,2.25,2.0,3.5,2.88,1.25,3.0,2.62,2.76,2.29,1.24,1.71,1.71,1.76,2.61,2.84,2.19,1.92,3.11,2.41,3.23,1.38,1.61,1.76,1.24,1.38,2.11,3.12,3.07,1.84,2.33,1.65,2.01,3.68,2.01,2.7,1.9,1.62,2.04,1.81,2.05,3.08,3.77,4.45,3.63,2.21,2.81,1.18,3.11,3.61,3.65,4.65,2.3,1.12,2.06,2.57,3.33,2.09,3.0,1.28,4.66,4.22,1.26,4.92,3.67,4.19,3.79,3.89,4.04,3.31,1.7,2.56,4.46,3.25,3.1,1.73,1.12,3.61,3.19,2.35,2.61,1.64,1.52,1.71,3.01,2.24,3.35,3.88,2.94,4.01,3.88,5.0,1.81,3.74,4.56,3.09,"Extruding and Forming Machine Setters, Operators, and Tenders, Synthetic and Glass Fibbers",0.88
516092,3.12,2.12,3.38,3.0,3.62,2.5,1.0,2.0,1.12,2.0,3.12,3.5,3.12,3.25,1.0,2.0,2.0,2.12,3.25,3.75,3.12,3.62,2.25,2.88,4.0,1.0,3.5,3.38,3.62,3.75,3.25,1.0,3.25,2.0,2.0,1.75,3.25,1.0,1.0,3.12,3.12,2.62,1.12,2.0,2.12,3.0,2.38,3.0,4.0,2.25,3.62,3.12,3.12,3.38,3.75,3.0,3.12,3.12,3.12,1.12,3.12,3.0,2.83,2.65,1.28,1.21,1.59,1.55,2.89,2.11,4.2,1.36,3.38,2.9,3.91,1.88,1.0,2.01,1.16,1.38,1.37,3.97,2.78,1.0,1.76,1.2,1.5,3.86,2.23,1.73,1.99,1.69,1.72,1.41,1.79,2.88,3.29,4.52,4.24,2.54,2.34,1.06,2.21,4.21,3.67,2.24,1.48,1.05,1.36,1.0,1.78,1.19,1.84,1.05,2.53,1.17,1.0,4.78,4.27,4.19,2.27,3.81,4.72,3.24,1.1,1.05,3.95,1.55,2.13,1.05,1.0,1.66,2.97,1.52,2.2,1.05,1.45,1.75,3.64,3.06,3.17,3.78,2.07,4.03,4.07,1.7,1.0,3.51,4.53,3.44,Fabric and Apparel Patternmakers,0.0049
516093,4.0,2.62,3.0,3.75,3.0,3.0,1.25,2.88,2.25,3.12,2.88,4.0,3.0,2.88,2.0,2.75,2.25,2.5,2.88,3.12,4.0,2.5,2.0,3.75,3.88,1.88,2.62,3.0,3.0,3.0,2.88,1.88,3.25,2.5,2.62,2.5,3.0,2.0,2.0,3.0,2.88,2.5,1.75,2.5,3.0,2.25,3.12,3.75,3.62,2.12,3.25,2.62,3.0,3.0,3.5,2.75,2.5,3.0,3.12,1.25,3.0,2.62,2.17,1.67,1.31,2.4,1.53,1.6,1.57,2.86,3.02,1.29,2.73,1.75,2.03,1.06,1.07,1.51,1.15,1.12,1.49,2.64,2.78,1.12,2.2,1.27,1.46,3.07,1.29,1.88,1.87,1.06,1.61,1.3,1.67,2.38,2.3,3.65,3.15,2.59,2.78,1.54,1.2,3.65,1.05,3.04,2.34,1.09,1.85,2.18,2.93,1.11,3.54,1.0,3.25,1.75,1.11,3.79,3.21,3.18,2.84,3.46,4.33,2.21,1.29,1.31,3.59,2.56,3.71,1.2,1.2,2.3,3.46,1.53,3.8,1.28,1.96,2.64,4.14,1.61,4.63,4.89,3.44,2.12,3.86,3.93,1.31,3.17,3.08,1.46,Upholsters,0.39
517011,3.88,3.0,3.0,3.75,3.12,3.0,1.25,2.88,2.0,3.0,3.0,3.88,2.88,2.88,1.75,2.88,2.12,3.0,3.0,3.12,3.88,2.88,2.12,3.62,3.88,1.75,2.75,3.0,3.0,2.88,3.0,1.75,3.25,2.75,3.25,3.0,3.0,1.88,2.12,2.88,3.0,2.62,2.62,2.75,3.25,2.38,3.62,2.88,3.5,2.62,3.12,2.75,2.75,2.88,3.0,2.25,2.88,3.12,2.88,1.38,3.0,2.38,2.18,1.5,1.24,3.82,1.78,1.25,2.05,1.86,3.43,1.48,2.44,3.05,2.23,1.07,1.22,1.4,1.54,1.37,2.02,4.21,3.44,1.65,2.0,1.17,1.77,3.67,1.76,2.1,2.02,1.17,1.23,1.25,1.75,2.27,2.5,4.03,3.39,3.23,3.25,1.0,2.13,3.57,1.0,3.81,2.24,1.01,1.93,2.96,4.16,1.8,2.75,1.0,3.39,2.96,1.25,4.88,3.64,3.61,3.4,3.77,4.11,2.67,1.57,1.93,2.53,4.42,3.01,1.86,1.74,2.31,3.21,1.21,3.43,1.83,1.63,2.51,3.48,1.49,4.64,4.29,3.4,2.95,4.11,4.76,1.8,2.49,3.85,2.84,Cabinetmakers and Bench Carpenters,0.92
517021,3.75,2.75,3.12,3.5,3.0,2.5,1.25,3.12,1.75,2.88,3.0,3.12,3.12,2.5,1.62,2.62,2.12,2.75,3.12,3.0,3.62,2.0,2.0,3.12,4.0,1.38,2.0,3.12,3.12,2.88,3.0,1.38,3.12,2.5,2.38,2.25,3.25,1.5,1.38,2.88,3.0,2.5,2.38,2.88,3.25,2.12,3.25,3.88,3.38,2.75,3.0,2.25,2.75,3.12,3.12,2.5,2.0,3.12,2.75,1.12,3.0,2.38,2.42,1.79,1.25,2.44,2.26,1.62,1.55,2.73,2.91,1.51,2.82,1.92,2.78,1.34,1.61,1.72,1.45,1.16,2.03,2.58,3.02,1.25,1.85,1.25,1.61,3.26,1.63,2.4,1.7,1.39,1.4,1.37,2.07,2.83,2.33,3.3,3.18,1.45,2.39,1.18,1.36,3.03,1.4,4.66,1.23,1.09,2.1,4.01,2.34,1.18,1.63,1.0,3.65,2.33,1.09,3.88,3.81,3.58,3.22,3.57,4.22,2.08,1.51,1.26,2.47,3.49,2.45,1.3,1.32,2.07,3.17,1.77,3.28,1.18,1.75,2.36,3.63,1.52,4.65,4.84,3.59,1.96,3.82,4.93,2.63,3.82,3.75,1.75,Furniture Finishers,0.87
517031,3.75,2.62,3.12,3.5,3.0,2.5,1.0,2.12,1.5,2.62,2.88,3.75,3.0,2.88,1.62,2.0,2.0,2.62,3.0,3.38,3.5,2.62,2.0,3.12,3.88,1.5,2.62,3.38,3.12,3.12,3.0,1.75,3.38,2.25,3.0,2.25,3.0,1.62,1.75,3.0,3.0,2.25,1.62,2.12,2.62,2.62,2.62,2.62,3.38,2.5,3.25,2.62,2.75,2.88,3.0,2.25,2.38,3.12,3.0,1.62,3.0,2.62,3.35,2.24,1.03,3.61,1.81,1.53,2.5,2.87,3.8,1.86,2.38,3.43,2.98,1.2,1.0,1.75,1.46,1.65,1.23,3.43,3.24,1.19,1.65,1.05,2.36,3.98,1.45,2.31,1.88,1.49,1.5,1.02,1.81,2.47,2.49,3.77,3.26,2.26,2.16,1.4,1.87,3.75,3.02,3.71,2.17,1.01,1.49,1.31,4.36,1.57,1.26,1.0,4.02,2.38,1.7,4.21,3.32,3.81,3.47,3.35,4.24,3.3,2.16,1.15,2.0,4.08,2.41,1.48,1.41,2.78,2.98,1.54,2.81,1.38,1.62,1.81,2.61,1.94,4.1,3.99,2.61,3.33,4.16,4.91,1.4,3.55,3.51,1.18,"Model Makers, Wood",0.96
517032,3.88,2.75,3.12,3.88,3.12,3.0,1.25,2.38,1.38,2.25,2.88,3.38,2.88,2.88,1.62,2.0,1.88,2.38,2.88,3.25,4.0,3.0,2.0,3.12,3.75,1.5,2.75,3.12,3.0,2.88,3.0,1.88,3.12,2.88,3.5,2.88,3.12,1.75,1.62,3.0,3.0,2.12,2.5,2.12,3.12,2.38,3.0,2.75,3.25,2.62,3.0,2.75,2.75,3.0,3.0,2.12,3.0,3.12,3.12,1.75,2.88,2.62,3.28,2.21,1.13,3.34,1.77,1.82,2.47,3.1,3.6,2.17,2.72,3.58,2.91,1.01,1.0,1.13,1.12,1.06,1.99,4.02,3.56,1.15,2.5,1.01,1.94,3.19,1.35,2.19,2.75,1.03,1.89,1.31,2.65,3.0,2.92,4.2,3.82,3.36,2.37,1.38,2.19,4.15,3.68,3.95,1.99,1.2,1.55,1.89,4.15,1.4,2.72,1.0,3.81,2.52,1.13,4.4,4.33,4.01,3.34,3.87,4.7,3.71,2.22,2.02,3.41,3.51,3.43,2.39,2.11,3.1,3.62,2.01,2.6,1.32,1.75,1.99,2.92,2.1,4.02,4.43,2.7,3.65,4.14,4.57,2.18,3.52,4.14,2.56,"Patternmakers, Wood",0.91
517041,3.38,2.88,2.88,3.62,3.0,3.0,1.38,2.12,1.38,2.5,3.0,3.25,2.75,1.88,1.62,2.12,1.88,2.25,3.0,2.75,3.38,2.0,1.88,3.12,3.38,1.62,2.12,2.88,2.88,1.88,2.88,2.0,3.25,3.25,3.25,2.5,3.12,1.75,1.88,2.88,2.62,1.88,2.0,3.12,3.0,1.88,3.12,2.75,2.88,2.12,2.5,2.12,2.12,2.75,3.0,2.0,2.0,3.0,2.38,1.25,2.62,1.75,1.54,1.15,1.1,1.87,1.2,1.32,1.77,1.45,2.11,1.12,2.29,2.08,2.22,1.0,1.0,1.19,1.1,1.0,1.28,2.59,3.21,1.32,1.11,1.02,1.15,3.24,1.78,2.65,1.18,1.41,1.67,1.0,1.68,2.03,2.64,3.94,3.17,1.2,2.21,1.15,2.52,4.05,1.68,4.77,2.53,1.22,2.23,2.01,4.91,1.94,2.9,1.0,4.68,3.71,1.49,4.3,4.21,3.22,3.59,3.44,4.6,2.85,1.43,1.73,1.97,4.5,2.78,2.04,1.8,4.21,3.28,1.41,3.75,1.28,1.55,2.33,3.85,1.52,4.48,4.44,3.09,2.19,4.18,5.0,1.09,3.55,3.73,1.66,"Sawing Machine Setters, Operators, and Tenders, Wood",0.86
517042,3.12,3.12,3.0,3.5,3.0,2.88,1.62,3.0,1.88,3.0,3.12,3.12,3.0,2.0,1.5,2.38,2.12,2.5,2.88,3.0,3.5,2.0,2.0,3.25,3.62,1.38,2.38,3.38,3.0,2.0,3.12,1.62,3.25,3.0,3.62,2.62,3.12,1.75,1.75,2.88,3.0,2.75,2.62,2.5,3.25,2.25,3.25,2.62,3.12,2.62,2.88,2.0,2.5,2.88,3.0,2.25,2.38,3.12,2.75,1.5,3.0,1.88,1.98,1.38,1.19,2.37,1.73,1.28,1.78,1.8,2.3,1.26,2.35,1.9,2.28,1.0,1.02,1.12,1.03,1.0,1.1,2.92,3.26,1.4,1.65,1.11,1.56,2.95,1.36,2.51,1.66,1.07,1.15,1.21,1.95,2.58,2.8,3.64,3.18,2.28,2.76,1.23,2.13,3.7,1.57,4.99,2.99,1.03,2.45,2.69,4.54,1.6,3.34,1.04,4.78,3.51,1.25,4.85,3.75,3.58,3.32,3.38,4.4,3.68,1.44,1.73,1.59,4.68,2.64,1.7,1.38,3.17,3.05,1.55,3.83,1.3,1.74,2.57,4.34,1.39,4.74,4.81,3.3,2.61,3.96,4.32,1.99,3.41,4.19,1.92,"Woodworking Machine Setters, Operators, and Tenders, Except Sawing",0.97
518011,2.88,3.0,3.12,2.88,3.88,2.25,1.0,1.0,1.0,1.0,3.12,2.88,3.38,3.0,1.75,1.12,1.12,3.0,3.88,4.0,2.38,3.0,2.75,2.62,3.88,1.0,2.88,4.0,4.0,3.0,3.88,1.12,4.12,2.0,2.88,2.62,3.38,1.0,1.12,3.5,3.25,2.88,1.0,1.0,1.0,3.0,1.88,3.0,2.88,2.0,4.0,3.62,3.12,3.88,3.88,3.0,2.75,3.88,4.0,2.75,3.25,3.5,2.36,1.88,1.9,1.99,3.37,1.9,2.85,1.97,3.02,1.26,2.8,3.54,2.93,1.03,1.0,1.06,1.17,1.1,2.78,3.58,3.88,1.36,1.84,1.08,4.08,2.35,2.18,3.66,1.17,1.31,1.94,1.26,1.48,3.48,4.61,4.69,4.4,2.13,2.89,1.12,3.04,3.05,4.88,2.54,1.94,1.11,2.39,2.74,2.39,2.06,1.61,3.64,3.42,2.35,1.39,5.0,3.03,4.26,4.49,4.5,4.91,4.09,1.37,1.06,4.99,2.51,2.5,2.16,1.85,2.14,3.9,2.99,1.79,1.7,1.43,1.64,2.44,3.62,2.46,3.36,1.99,4.97,4.28,4.53,2.31,4.04,4.89,3.23,Nuclear Power Reactor Operators,0.95
518012,2.0,2.38,3.0,2.38,3.75,2.0,1.0,1.38,1.0,1.38,3.0,2.0,3.0,2.88,1.38,1.0,1.5,2.0,3.88,3.5,2.0,2.75,2.0,1.62,3.62,1.12,2.75,3.88,3.88,2.62,3.12,1.12,4.0,1.62,2.0,1.88,3.0,1.12,1.62,3.12,3.0,2.75,1.38,1.38,1.25,2.62,1.88,2.62,3.0,1.62,3.75,3.62,3.0,3.62,3.62,2.75,2.75,3.62,3.62,1.88,3.5,3.12,2.75,2.96,1.01,2.28,2.14,2.43,3.48,3.36,2.07,2.0,3.19,3.45,3.86,1.0,1.06,1.04,2.53,1.17,2.64,3.53,3.29,1.16,1.94,1.09,3.11,2.3,2.36,3.66,1.71,1.47,3.47,1.32,1.71,2.9,4.74,4.61,4.15,3.58,2.93,1.57,2.78,4.23,4.55,2.4,2.1,1.42,2.32,2.5,2.14,2.91,2.15,1.0,3.74,2.26,1.7,4.44,4.3,4.42,4.51,4.68,4.6,4.35,2.67,2.0,4.25,2.28,3.54,2.8,2.23,2.16,3.78,1.91,2.12,2.37,1.71,1.85,3.3,3.44,2.96,3.73,2.28,5.0,3.94,2.84,2.4,4.15,4.24,2.85,Power Distributors and Dispatchers,0.64
518013,3.08,2.9166666666666665,2.9599999999999995,3.5,3.583333333333333,2.623333333333333,1.0833333333333333,2.1666666666666665,1.79,2.6666666666666665,3.1633333333333336,3.0,3.0400000000000005,2.706666666666667,2.04,2.2066666666666666,2.373333333333333,2.8766666666666665,3.2900000000000005,3.4599999999999995,3.08,2.3766666666666665,2.4133333333333336,3.0400000000000005,3.8366666666666656,2.0,2.4166666666666665,3.5400000000000005,3.333333333333333,2.583333333333333,3.293333333333333,2.04,3.8766666666666665,2.706666666666667,3.0,2.6666666666666665,3.2466666666666666,2.08,2.04,3.0400000000000005,3.0866666666666664,2.7099999999999995,1.7066666666666668,2.29,2.4566666666666666,2.9599999999999995,2.6266666666666665,3.0,3.1266666666666665,2.1666666666666665,3.206666666666667,3.0400000000000005,2.9599999999999995,3.123333333333333,3.583333333333333,2.6666666666666665,2.583333333333333,3.4166666666666665,3.123333333333333,2.21,3.1666666666666665,3.0,3.0066666666666664,2.7133333333333334,1.8966666666666667,2.736666666666667,3.143333333333333,2.02,3.12,2.26,3.023333333333333,1.846666666666667,3.28,3.4133333333333336,3.5966666666666662,1.1133333333333333,1.163333333333333,1.18,1.9266666666666667,1.5633333333333332,2.8000000000000003,3.1666666666666665,4.253333333333333,1.653333333333333,2.306666666666666,1.58,3.1766666666666663,3.41,2.043333333333333,3.6166666666666663,1.5366666666666664,1.47,2.723333333333333,1.62,2.5066666666666664,2.893333333333333,4.06,4.416666666666667,3.78,2.5,2.9066666666666663,1.2033333333333334,2.803333333333333,3.923333333333333,4.25,3.923333333333334,3.056666666666666,1.4400000000000002,3.85,4.456666666666666,4.123333333333334,3.956666666666667,3.67,1.1266666666666667,4.5,4.1066666666666665,1.9533333333333327,4.773333333333333,4.14,3.973333333333333,4.3566666666666665,4.010000000000001,3.9466666666666663,3.6033333333333335,3.51,2.73,3.9333333333333336,3.963333333333333,2.773333333333333,3.8,3.26,2.9766666666666666,3.5066666666666664,1.4799999999999998,2.53,2.5166666666666666,1.8133333333333328,2.2466666666666666,2.78,2.9633333333333334,3.106666666666667,3.643333333333333,3.126666666666667,4.173333333333333,3.43,4.986666666666667,2.7900000000000005,3.7266666666666666,4.55,3.2266666666666666,Power Plant Operators,0.85
518021,3.12,3.12,3.12,3.12,3.25,2.38,1.0,2.12,1.62,2.5,3.0,3.12,2.88,2.62,2.0,2.12,2.0,2.88,3.25,3.25,3.12,2.12,2.25,3.12,3.88,1.5,2.12,3.62,3.5,2.38,3.25,2.12,3.75,2.38,3.12,2.5,3.12,2.0,2.12,3.0,3.0,2.38,1.62,2.12,2.75,2.75,2.5,2.75,2.88,2.12,3.12,3.0,3.12,3.25,3.25,2.12,2.12,3.12,3.12,2.25,3.0,2.88,2.92,2.35,1.79,2.97,3.4,2.41,3.08,1.63,2.62,1.62,2.71,3.16,3.1,1.0,1.23,1.02,1.7,1.13,2.64,3.07,4.06,1.25,1.99,1.28,3.18,3.06,1.86,3.32,1.19,1.45,2.27,1.49,2.15,3.26,4.07,4.73,4.23,3.36,3.28,2.29,2.73,4.19,4.57,4.47,3.38,2.35,3.41,4.29,3.99,3.66,3.4,1.13,4.6,4.08,1.36,4.64,4.21,3.94,4.66,3.85,4.25,3.94,2.71,2.72,3.8,4.55,3.01,4.26,3.06,3.11,3.41,2.15,2.62,2.36,2.42,2.52,2.71,2.59,3.58,3.55,3.23,4.8,3.74,4.28,2.38,4.02,4.67,3.91,Stationary Engineers and Boiler Operators,0.89
518031,3.0,2.88,2.88,3.12,3.5,2.5,1.0,2.0,1.62,2.75,3.0,2.88,3.0,2.62,2.0,2.12,2.0,2.25,3.12,3.12,3.0,2.62,2.0,2.75,3.62,1.75,2.75,3.75,3.75,2.0,3.0,2.0,3.12,2.62,2.88,2.75,3.12,2.0,2.12,3.0,3.0,2.12,1.62,2.0,2.0,2.75,3.0,2.88,2.88,2.0,3.5,3.0,2.75,3.12,3.0,2.75,2.88,3.62,3.0,2.62,3.12,2.75,3.42,3.04,3.08,2.5,3.43,2.5,3.21,3.33,2.58,2.46,3.42,3.17,3.5,1.0,1.58,1.43,2.04,1.38,3.21,3.42,3.58,1.46,2.62,1.25,2.79,3.0,1.58,4.17,1.71,1.42,2.67,1.39,2.29,2.54,3.71,4.0,3.26,3.46,2.61,1.58,3.04,4.0,4.83,4.29,3.39,3.29,3.08,4.17,3.88,2.71,2.79,1.08,4.21,3.61,2.43,4.81,4.12,3.83,4.08,3.62,4.04,3.71,4.58,3.26,4.17,4.5,2.5,4.65,3.92,2.79,3.7,2.08,2.5,2.17,2.21,2.21,2.5,2.54,3.38,3.46,2.83,4.82,4.0,4.54,2.58,3.48,4.09,3.57,Water and Wastewater Treatment Plant Systems Operators,0.61
518091,3.38,3.25,3.0,3.5,3.62,2.5,1.0,2.0,1.5,2.62,3.5,3.0,3.12,2.38,2.0,2.12,2.5,3.38,3.12,3.5,3.12,2.75,2.62,2.88,3.75,1.38,2.88,3.62,3.62,2.12,3.5,1.5,3.75,2.88,3.25,2.38,3.75,1.5,1.62,3.12,3.12,2.88,1.88,2.38,2.62,2.88,2.75,3.12,2.75,2.75,3.25,3.12,3.25,3.38,3.5,2.88,2.62,3.62,3.25,2.88,3.12,3.0,2.18,1.96,1.51,1.44,3.69,1.65,2.54,3.08,1.86,1.46,2.6,2.3,3.51,1.01,1.04,1.04,1.19,1.15,1.93,2.86,3.62,1.44,2.13,1.52,2.31,3.7,1.82,3.34,1.82,1.42,1.3,1.19,1.94,2.41,4.13,4.36,3.81,1.68,2.77,1.21,3.64,3.57,3.54,4.85,3.34,1.3,3.3,4.94,3.65,3.7,3.82,1.19,4.8,4.07,1.67,4.99,4.2,4.66,4.47,3.96,4.46,4.04,2.93,2.38,4.54,4.76,2.7,4.54,4.17,4.41,3.55,1.34,2.44,2.12,1.65,2.05,2.99,2.7,3.28,3.9,3.12,4.59,4.11,4.98,3.24,3.59,4.1,3.39,Chemical Plant and System Operators,0.85
518092,3.0,3.5,3.0,3.0,3.25,2.75,1.0,2.0,1.5,2.25,3.25,3.0,3.25,2.88,2.12,2.0,2.12,3.0,3.0,3.12,3.0,2.75,2.12,2.88,3.75,2.0,2.75,3.25,3.0,2.25,3.88,2.0,3.62,3.0,3.12,2.75,3.38,2.0,2.12,3.0,3.0,2.62,1.75,2.12,2.25,3.0,2.62,3.0,3.0,2.25,3.12,3.12,2.88,3.0,3.5,2.75,2.88,3.62,3.12,2.0,3.0,3.0,2.51,3.01,1.64,2.41,2.38,2.38,3.4,3.04,2.68,2.06,2.84,3.14,3.59,1.25,1.04,1.36,2.6,1.26,2.77,3.17,3.75,1.45,2.48,1.37,2.83,3.13,2.19,3.94,1.56,1.64,2.67,1.52,2.75,2.75,4.27,4.2,3.72,2.81,2.44,1.14,3.24,4.1,4.6,4.01,2.64,1.0,2.7,4.06,3.28,2.32,2.07,1.07,4.39,3.6,1.35,4.49,4.2,4.08,4.26,4.27,4.52,3.86,3.66,2.82,3.66,3.44,2.62,4.29,3.3,3.13,3.17,1.81,2.53,1.72,1.93,1.92,2.77,2.88,3.01,3.71,2.92,4.86,3.6,4.44,2.18,3.79,4.41,2.71,Gas Plant Operators,0.78
518093,3.0,3.38,3.12,3.12,3.25,2.75,1.0,2.0,1.62,2.88,3.0,3.0,3.75,2.38,2.12,2.38,2.75,3.38,3.12,3.75,3.0,2.88,2.62,3.0,3.75,2.0,2.75,3.12,3.12,2.38,3.75,2.0,3.62,2.88,3.0,2.5,3.5,2.0,2.38,3.0,3.25,2.75,1.88,2.38,2.62,2.88,2.75,3.0,3.0,2.62,3.12,3.0,3.0,3.0,3.0,2.88,2.62,3.62,3.5,2.0,3.12,3.0,3.52,2.19,1.51,2.02,2.95,1.25,2.99,2.4,2.15,1.69,2.87,2.61,3.2,1.0,1.09,1.36,1.41,1.21,2.57,3.22,3.55,1.26,2.03,1.17,1.99,3.61,2.2,3.58,1.43,1.36,2.04,1.23,2.48,2.52,4.22,4.28,3.86,2.63,2.62,1.13,3.31,4.2,3.9,4.7,2.75,1.04,3.81,4.76,3.69,4.33,3.52,1.54,4.35,4.69,1.92,4.44,3.74,4.15,4.03,4.07,4.05,3.79,3.37,3.29,3.83,3.58,2.67,4.84,3.88,3.48,3.28,1.42,2.7,2.48,1.92,2.07,2.94,3.32,3.0,3.86,2.92,4.34,3.75,5.0,2.46,3.65,4.5,3.67,"Petroleum Pump System Operators, Refinery Operators, and Gauges",0.71
518099,3.38,3.12,3.12,3.5,3.38,2.62,1.5,2.62,2.75,3.0,3.0,3.25,3.12,2.75,2.25,2.62,2.75,3.0,3.38,3.38,3.38,2.75,2.5,3.25,3.38,1.88,2.75,3.5,3.5,2.5,3.38,2.12,3.38,3.12,3.38,2.75,3.38,2.5,2.38,3.38,3.5,2.62,1.0,2.38,2.62,3.12,3.0,3.38,3.0,2.38,3.5,3.25,2.88,3.25,3.12,2.5,2.88,3.38,3.5,2.88,3.25,3.12,2.47,2.45,2.42,2.49,3.21,2.16,3.18,2.39,2.2,1.67,2.85,2.78,3.42,1.05,2.04,1.21,1.57,1.12,2.24,2.78,3.53,1.47,2.14,1.31,2.68,3.96,1.64,3.39,1.78,1.14,2.17,1.35,2.7,2.54,4.06,4.73,3.69,2.65,2.94,1.21,3.57,4.08,3.33,4.82,3.12,1.2,3.15,4.8,3.49,4.07,3.3,1.17,4.45,4.45,1.78,4.87,4.27,4.24,4.33,4.34,4.39,3.89,2.98,3.66,4.67,4.19,2.93,4.28,3.64,4.3,2.96,1.74,2.32,2.59,1.56,2.01,2.82,2.84,3.31,3.65,3.17,3.86,3.93,5.0,2.94,3.17,4.67,3.4,"Plant and System Operators, All Other",0.86
519011,3.12,3.0,3.0,3.75,3.25,2.75,1.25,2.12,1.88,2.62,3.38,3.0,3.12,2.5,2.0,2.12,2.5,2.62,3.12,3.38,3.25,2.75,2.62,3.38,3.75,1.75,2.38,3.75,3.75,2.25,3.5,2.0,3.75,3.12,3.25,2.75,3.12,1.75,2.12,3.12,3.12,2.62,1.88,2.25,2.88,2.88,2.88,3.0,3.0,2.0,3.62,3.25,3.0,3.38,3.38,2.75,2.88,3.75,3.38,2.62,3.12,3.0,3.24,3.25,1.67,1.86,4.38,1.87,3.69,2.75,2.97,1.75,3.09,3.13,3.68,1.13,1.65,1.25,1.18,1.06,3.33,3.47,4.07,1.37,2.88,1.13,2.42,4.54,1.89,3.47,1.75,1.32,2.37,1.63,2.94,2.82,3.98,4.15,4.03,1.68,2.86,1.58,2.88,3.82,4.41,4.69,3.47,1.6,2.92,4.55,3.84,3.49,3.55,1.18,4.37,4.25,1.57,4.71,3.98,3.71,4.46,3.75,4.28,3.86,1.7,2.4,2.68,4.2,3.08,4.12,2.64,4.15,3.03,1.4,2.61,2.42,2.12,2.25,3.06,2.7,3.72,3.66,3.68,3.78,4.02,5.0,3.82,3.95,4.41,3.17,Chemical Equipment Operators and Tenders,0.76
519012,3.38,2.88,3.0,3.12,3.0,2.75,1.12,2.5,1.75,3.0,3.0,3.0,3.12,2.25,2.38,2.5,3.0,3.0,3.0,3.38,3.0,2.62,2.38,3.12,3.88,2.0,2.62,3.12,3.0,2.12,3.75,2.0,3.5,3.0,3.25,2.5,3.12,2.12,2.0,2.88,3.0,2.5,2.12,2.62,3.12,2.5,3.0,3.0,3.0,2.5,2.88,2.62,2.88,3.0,3.12,2.75,2.62,3.12,3.0,2.5,2.88,2.88,2.23,2.03,1.96,1.77,2.63,1.99,2.56,2.44,1.69,1.49,2.76,2.46,3.09,1.04,2.11,1.26,1.37,1.23,1.76,2.8,3.29,1.36,2.11,1.23,2.4,3.75,1.9,2.87,1.75,1.54,1.96,1.27,1.98,3.52,4.13,3.21,3.0,1.39,3.43,1.52,3.5,3.99,1.86,4.64,3.03,1.18,3.09,3.49,3.51,3.3,3.51,1.57,4.35,3.83,1.7,4.57,4.27,3.59,3.61,3.99,3.66,2.99,1.28,1.51,3.27,4.16,2.2,1.63,1.37,3.33,2.91,1.4,2.52,1.94,1.99,1.7,2.89,2.51,3.34,3.94,3.23,3.84,2.95,4.91,2.13,3.12,3.82,3.06,"Separating, Filtering, Clarifying, Precipitating, and Still Machine Setters, Operators, and Tenders",0.88
519021,3.5,3.12,3.0,3.62,3.0,2.75,1.75,2.62,2.0,3.0,2.88,3.12,3.12,1.88,1.75,2.5,2.25,3.0,3.0,2.88,3.62,2.25,2.0,3.5,3.5,1.75,2.38,3.0,3.0,1.88,3.12,2.0,3.25,3.5,3.5,3.0,3.0,2.0,2.25,3.0,3.0,2.62,1.88,2.75,3.12,2.62,3.12,3.0,3.0,2.62,3.0,2.62,2.75,3.0,2.88,2.5,2.38,3.12,3.0,1.88,3.0,2.88,3.45,2.65,1.71,1.91,1.68,1.2,2.5,2.5,1.57,2.33,3.16,2.04,3.2,1.0,2.11,1.78,1.56,1.07,2.08,2.97,2.92,1.02,2.34,1.07,1.8,3.4,1.99,3.03,2.04,1.43,1.27,1.01,1.95,2.07,3.97,3.47,3.29,2.24,1.75,1.04,2.67,3.99,2.19,3.77,2.68,1.15,1.76,3.38,3.49,2.83,2.08,1.0,3.77,3.06,2.0,4.83,4.07,3.28,4.04,3.62,3.7,3.28,2.61,2.2,2.57,3.47,2.97,3.4,2.81,4.03,2.94,1.99,2.48,1.8,1.93,2.2,3.18,2.24,3.93,4.28,3.59,2.61,3.72,5.0,3.65,3.7,3.55,2.06,"Crushing, Grinding, and Polishing Machine Setters, Operators, and Tenders",0.97
519022,4.0,2.88,3.0,3.75,2.88,2.62,1.0,2.25,2.0,2.88,2.75,3.75,3.0,2.75,2.0,2.0,2.12,2.75,2.62,3.12,3.62,2.0,2.0,3.25,3.75,2.0,2.0,3.12,3.0,2.75,3.0,2.0,3.12,3.0,2.88,2.75,3.12,2.0,2.0,3.12,3.12,2.12,1.75,2.0,2.88,2.5,3.0,3.0,3.0,2.75,2.75,2.5,2.38,2.88,2.88,2.12,2.12,2.75,2.75,1.12,2.88,2.38,2.43,2.06,1.02,1.87,1.59,1.38,2.3,2.63,2.29,1.56,2.66,2.49,3.13,1.49,1.52,1.01,1.01,1.13,1.45,2.76,3.63,1.02,1.97,1.25,1.56,3.65,1.74,2.31,1.71,1.01,1.72,1.14,1.92,2.49,3.43,3.92,2.38,2.03,1.99,1.18,2.18,3.16,1.84,4.53,1.36,1.02,1.8,1.94,4.83,1.47,3.47,1.0,4.48,3.25,1.09,4.64,3.78,2.23,3.1,2.9,4.21,3.57,1.67,2.36,3.58,3.49,2.07,2.53,1.51,3.04,3.47,1.19,3.13,1.34,1.4,1.43,3.86,2.29,3.91,4.83,2.32,2.67,4.05,4.83,2.32,2.04,3.68,2.56,"Grinding and Polishing Workers, Hand",0.97
519023,3.25,2.75,3.12,3.12,3.0,2.62,1.38,2.38,1.62,2.62,3.12,3.0,2.88,2.38,1.75,2.0,2.12,2.5,3.0,3.12,3.25,2.0,2.0,3.12,3.38,1.5,2.12,3.12,3.0,2.0,3.12,1.88,3.12,3.0,3.12,3.0,3.12,2.0,2.0,3.0,2.88,2.25,1.88,2.38,3.0,2.88,3.0,3.0,2.62,2.62,3.12,2.88,2.75,2.88,3.12,2.62,2.38,3.12,3.12,1.88,3.0,2.75,2.21,1.69,1.53,1.21,2.62,1.49,1.86,1.82,1.46,1.69,2.37,1.87,2.96,1.15,1.78,1.39,1.52,1.24,2.07,2.63,2.75,1.52,2.02,1.48,1.83,4.31,1.64,2.7,1.83,1.28,1.37,1.22,1.31,2.77,3.67,3.92,4.25,1.69,2.7,1.1,2.53,3.46,1.65,4.62,1.97,1.0,2.55,4.53,3.77,2.99,2.02,1.04,4.18,3.06,1.19,4.63,3.65,4.29,4.53,4.03,4.62,4.24,1.23,3.17,3.63,2.44,2.87,2.49,2.06,4.09,2.67,1.42,3.63,1.72,1.69,2.07,3.78,1.63,4.69,4.5,3.4,2.07,4.68,5.0,3.28,4.26,4.47,2.31,"Mixing and Blending Machine Setters, Operators, and Tenders",0.83
519031,3.12,2.0,3.0,3.0,2.75,2.0,1.12,2.12,1.88,2.38,2.75,2.88,2.5,2.0,1.38,2.0,2.0,2.12,2.62,3.12,3.5,2.0,2.0,2.88,3.38,1.0,2.0,3.0,2.88,2.0,2.62,1.0,2.75,2.38,2.62,1.75,2.88,1.0,1.25,2.88,3.0,2.0,1.75,2.0,3.0,2.0,2.75,2.62,2.62,2.0,2.75,2.25,2.12,2.88,2.62,2.0,2.0,2.75,2.75,1.0,2.88,2.12,1.86,1.1,1.07,1.34,1.16,1.16,1.95,1.33,1.78,1.07,1.85,1.39,2.18,1.04,1.05,1.6,1.07,1.06,1.08,2.42,1.56,1.11,1.64,1.14,1.44,3.25,1.81,2.14,1.09,1.78,1.23,1.08,1.62,1.42,2.13,3.39,2.99,1.16,1.24,1.02,2.22,3.44,1.09,2.13,1.04,1.03,1.5,1.14,2.24,1.04,1.77,1.02,1.88,2.14,1.02,2.89,3.16,2.05,2.23,2.28,4.57,2.6,1.0,1.26,4.63,1.99,1.86,1.02,1.0,2.7,2.37,1.28,2.88,1.02,1.32,1.71,4.04,1.5,4.56,4.66,2.35,1.05,3.75,2.65,1.94,3.22,3.47,2.33,"Cutters and Trimmers, Hand",0.64
519032,3.75,2.88,3.12,3.88,3.25,3.12,1.62,2.5,1.88,3.12,2.88,3.88,2.88,2.62,1.62,2.38,2.0,2.25,3.0,3.25,3.62,2.5,2.12,3.38,3.88,1.75,2.38,3.38,3.0,2.0,3.12,1.88,3.62,3.25,3.38,3.0,3.25,1.75,1.88,2.88,2.88,2.75,1.88,2.88,3.12,2.12,3.12,2.5,3.38,2.88,3.12,2.88,2.62,2.88,3.0,2.12,2.62,3.25,3.12,1.5,2.62,2.38,2.67,2.05,1.12,1.46,1.71,1.17,2.36,2.53,2.02,1.51,2.59,2.08,2.74,1.07,1.28,1.23,1.1,1.1,1.19,3.21,3.08,1.21,1.9,1.16,1.7,3.49,1.6,2.4,1.77,1.42,1.32,1.18,1.62,2.59,3.23,3.75,3.66,1.8,2.6,1.33,2.92,3.61,2.6,3.78,2.35,1.22,1.7,1.9,4.11,1.65,2.46,1.34,4.33,3.01,1.08,4.54,3.59,3.69,4.0,3.99,4.53,3.84,1.34,2.04,3.28,3.2,2.62,1.7,1.77,3.97,3.27,1.35,3.52,1.47,1.99,2.33,4.07,1.53,4.77,4.36,3.82,2.82,3.93,4.84,1.48,3.66,4.21,1.88,"Cutting and Slicing Machine Setters, Operators, and Tenders",0.86
519041,3.62,3.25,3.12,3.25,3.12,3.0,1.75,2.62,1.75,2.88,3.25,3.25,2.75,2.12,1.88,2.5,2.0,3.0,3.0,3.25,3.38,2.25,2.0,3.12,3.38,1.25,2.12,3.12,3.12,2.12,3.75,1.5,3.38,3.75,3.75,3.0,3.12,1.75,1.88,3.0,3.0,2.38,2.38,3.12,3.12,2.5,3.12,2.88,3.12,2.62,3.12,2.62,2.62,3.0,3.0,2.12,2.12,3.38,3.0,1.75,3.12,2.75,2.6,2.44,1.82,1.91,2.55,2.04,3.13,2.3,2.23,1.81,2.73,2.85,2.83,1.41,2.84,1.78,1.66,1.47,1.6,2.92,3.55,1.91,2.06,1.59,2.33,3.67,1.82,2.79,1.91,1.67,2.08,1.33,2.01,2.73,3.2,4.05,3.06,2.15,3.02,1.29,3.23,3.12,1.55,4.28,2.84,1.67,2.35,2.36,3.52,2.69,3.64,1.05,4.43,4.04,1.21,4.36,3.54,3.78,3.59,3.62,4.2,3.66,1.04,1.67,3.03,3.33,2.64,1.13,1.17,4.34,3.64,1.65,2.83,1.68,1.66,2.03,3.32,1.72,4.55,4.09,3.55,2.88,3.92,5.0,2.33,3.35,4.16,2.01,"Extruding, Forming, Pressing, and Compacting Machine Setters, Operators, and Tenders",0.93
519051,3.25,2.75,2.88,3.5,3.0,2.12,1.0,2.25,1.5,2.75,2.25,2.75,2.25,2.12,1.62,2.12,2.62,2.0,3.0,3.12,3.0,2.0,1.75,3.0,3.25,1.62,2.12,3.38,3.12,2.0,3.0,1.38,3.62,2.38,3.12,2.12,3.12,1.5,2.0,3.12,3.25,1.75,1.88,2.12,2.88,2.25,3.0,2.12,2.25,2.0,3.38,2.88,2.38,3.12,3.12,2.12,2.25,3.12,3.12,1.88,3.12,2.62,2.63,2.09,1.42,1.97,2.42,2.01,2.97,2.56,2.28,1.91,2.77,2.16,2.84,1.19,1.71,1.83,1.35,1.31,1.83,2.68,3.52,2.3,1.99,1.83,1.81,3.21,2.24,3.13,1.89,1.71,2.29,1.76,2.1,1.93,4.05,3.65,2.87,1.46,2.47,1.03,2.82,3.67,1.41,4.46,2.53,1.55,2.72,2.55,3.62,2.61,4.13,1.39,4.61,4.58,1.9,4.38,3.55,3.49,4.44,3.87,3.99,3.37,1.39,1.98,2.38,4.44,2.83,1.76,1.92,3.55,3.45,1.47,3.2,1.78,1.37,1.65,3.51,2.25,3.87,4.28,2.99,1.92,2.84,5.0,2.41,3.99,3.81,2.28,"Furnace, Kiln, Oven, Drier, and Kettle Operators and Tenders",0.37
519061,3.0,2.75,3.12,2.62,3.0,2.0,1.0,2.12,2.0,2.5,2.88,3.0,3.25,2.38,1.5,2.0,2.12,2.12,2.88,3.12,3.0,2.5,2.12,2.5,3.5,1.5,2.25,3.5,3.62,2.25,3.38,1.5,3.25,2.12,2.5,2.12,3.0,1.5,1.62,3.0,3.0,2.25,1.62,2.0,2.38,2.38,2.38,2.88,3.0,2.0,3.12,2.88,2.38,3.12,3.25,2.0,2.62,3.0,3.12,1.62,3.12,3.25,2.3,2.55,1.36,1.67,2.49,1.63,2.89,3.36,2.44,1.69,2.63,2.56,3.56,1.01,1.31,1.72,1.48,1.36,1.59,3.15,3.22,1.09,2.27,1.36,2.25,4.28,1.99,2.51,1.87,1.33,1.89,1.56,1.97,2.84,2.46,4.54,3.97,2.96,2.82,1.49,2.15,3.98,4.18,4.27,2.65,1.02,2.64,3.01,3.39,2.07,2.44,1.0,4.16,3.21,1.07,4.9,4.12,3.75,3.87,3.66,4.55,3.63,1.68,1.62,3.24,4.42,2.52,1.94,1.66,3.13,3.43,2.13,2.4,1.42,1.89,2.29,3.17,2.37,3.82,3.75,3.51,3.73,3.72,4.93,1.75,3.94,4.5,3.21,"Inspectors, Testers, Sorters, Samplers, and Weighers",0.98
519071,3.5,2.06,3.12,3.0,3.06,2.375,1.06,1.5,1.375,1.435,2.44,3.62,2.935,2.69,1.06,1.125,1.125,2.0,2.88,3.0,3.0,2.375,1.94,2.19,4.0,1.12,2.5,3.125,3.06,2.81,2.625,1.19,3.125,1.875,1.94,1.69,2.875,1.06,1.19,3.0,3.0,2.19,1.25,1.125,1.75,2.315,1.625,3.19,3.06,2.12,2.88,2.56,2.44,3.12,3.0,2.25,2.375,2.875,2.815,1.315,3.06,2.56,3.245,2.725,1.17,1.71,2.075,2.355,2.63,3.925,3.22,2.7350000000000003,2.845,2.45,2.96,2.09,1.0699999999999998,1.42,1.5299999999999998,1.36,1.95,3.09,2.675,1.115,2.305,1.2000000000000002,1.905,3.53,1.96,2.2350000000000003,3.405,1.51,2.075,1.2,1.805,3.0,2.005,4.495,3.905,3.94,2.555,1.395,2.035,3.89,4.175,3.825,1.385,1.15,1.205,2.6950000000000003,2.375,1.19,2.22,1.135,3.05,1.5,1.105,4.765,3.79,3.825,2.7350000000000003,4.375,4.815,4.02,1.66,1.0,4.835,1.285,2.575,1.545,1.14,1.35,2.9850000000000003,1.835,1.535,1.105,1.025,1.23,3.5,4.42,1.735,4.51,1.605,4.455,4.17,2.605,1.64,2.8600000000000003,4.255,3.855,Jewellers and Precious Stone and Metal Workers,0.95
519081,3.88,2.62,3.12,3.88,3.38,2.12,1.0,1.5,1.38,1.62,2.75,4.0,3.0,2.88,1.38,1.0,1.0,2.75,3.0,3.38,3.25,2.0,2.12,2.75,4.0,1.38,2.0,3.12,3.0,2.62,3.0,1.38,3.38,2.12,2.38,1.88,3.25,1.38,1.88,3.12,3.12,2.25,1.0,1.0,2.0,2.38,2.12,3.0,3.62,2.12,3.25,2.75,3.0,3.0,3.25,2.88,2.0,3.0,3.38,2.12,3.0,2.88,3.78,2.44,1.82,1.71,2.58,1.79,3.01,3.38,3.78,1.96,3.46,2.82,3.64,1.98,1.11,1.17,1.14,1.25,1.38,2.17,3.17,3.61,2.47,1.12,1.91,3.51,1.63,1.81,2.4,1.26,1.9,1.19,1.69,2.12,2.85,3.24,3.36,2.63,2.38,1.0,1.97,4.43,2.92,4.54,1.34,3.64,1.26,3.46,3.18,1.05,3.61,1.07,3.34,1.73,1.0,4.4,4.21,3.18,2.71,3.75,4.79,3.75,1.92,1.07,4.73,1.27,3.22,1.03,1.03,2.69,3.21,1.55,1.92,1.0,1.29,1.2,4.09,4.44,2.05,4.72,2.0,3.33,4.81,4.4,1.95,3.51,4.06,3.09,Dental Laboratory Technicians,0.97
519082,3.75,2.88,3.0,3.38,3.75,3.0,1.0,2.38,1.62,2.25,2.88,3.62,2.88,2.88,1.0,2.0,2.0,3.0,3.5,3.62,3.5,2.88,2.38,3.38,3.88,1.0,2.75,3.88,3.75,3.0,2.88,1.0,3.88,2.12,2.75,2.38,3.0,1.0,1.0,3.5,3.5,2.62,1.0,2.0,2.62,2.88,3.0,3.0,3.75,2.5,3.25,3.0,3.0,3.88,3.75,2.88,2.75,3.25,3.62,1.88,3.62,3.0,2.95,2.89,2.18,2.76,2.57,2.2,2.63,3.68,3.28,2.15,3.07,2.89,3.47,1.69,1.35,2.06,1.5,1.49,2.21,3.0,3.43,2.73,2.46,1.54,2.87,3.89,2.18,2.65,2.49,1.66,1.81,2.4,1.98,2.74,3.17,4.27,3.81,3.76,2.72,1.82,1.78,4.29,3.79,4.74,2.09,2.91,1.14,3.34,4.32,1.38,3.26,1.85,4.24,1.67,1.15,4.39,3.86,4.39,3.75,3.89,4.39,3.21,1.65,1.39,4.85,1.29,3.34,1.18,1.02,2.04,3.84,2.53,2.92,1.12,1.83,1.96,3.51,1.96,4.34,4.48,2.91,4.21,4.39,4.57,2.75,3.85,3.94,2.89,Medical Appliance Technicians,0.45
519083,3.62,2.38,3.0,3.5,3.38,2.88,1.0,1.62,1.62,2.0,2.88,3.62,3.0,2.12,1.0,1.75,1.25,2.12,2.88,3.12,3.5,2.12,2.0,2.88,3.75,1.0,2.12,2.88,2.88,2.12,3.0,1.0,3.25,3.0,3.0,1.75,3.12,1.0,1.0,2.88,3.0,2.25,1.75,2.12,2.0,2.25,2.38,3.0,3.12,3.0,3.0,2.88,2.75,2.88,3.0,2.5,2.12,3.0,3.0,1.75,2.88,2.75,3.0,2.29,1.49,1.68,1.69,1.64,2.79,3.11,2.04,1.77,2.72,2.71,2.96,1.41,1.12,1.64,1.25,1.2,1.75,3.34,3.35,2.15,2.11,1.15,1.73,3.86,1.68,2.15,2.19,1.55,2.01,1.55,1.74,2.82,2.0,3.4,3.22,3.31,3.48,1.3,3.18,4.33,2.82,3.84,1.63,2.16,1.32,1.61,2.07,1.02,2.81,1.01,3.48,1.25,1.13,4.18,3.99,3.73,2.69,3.56,4.26,4.14,1.02,1.0,4.97,1.39,2.64,1.01,1.0,3.9,3.53,1.43,2.47,1.07,1.69,2.12,4.18,2.13,3.87,4.58,3.22,3.53,4.58,2.12,1.28,3.03,4.06,2.34,Ophthalmic Laboratory Technicians,0.97
519111,3.25,2.88,2.88,3.12,2.88,2.25,1.12,2.12,1.62,2.62,2.88,3.0,3.0,2.25,1.88,2.0,2.12,2.88,2.88,3.0,3.12,2.12,2.0,3.0,3.12,2.0,2.12,3.12,3.12,2.12,3.12,2.0,3.12,3.0,3.0,2.5,3.0,2.0,2.0,3.0,3.0,2.12,2.25,2.5,2.75,2.88,3.0,2.5,3.0,2.5,2.88,2.62,2.38,3.0,2.88,2.12,2.12,3.12,2.88,1.0,2.75,2.62,2.74,2.36,1.52,1.92,2.23,2.03,2.52,3.06,2.2,2.12,3.2,2.15,3.19,1.38,2.38,1.7,1.55,1.36,2.08,3.06,3.53,1.8,2.59,1.73,2.09,3.76,2.19,3.23,2.37,1.69,1.85,1.63,2.2,2.51,3.38,4.4,3.77,1.95,3.29,1.4,2.56,3.59,1.89,4.52,2.56,1.15,1.49,2.03,4.09,2.1,3.12,1.13,4.01,2.75,1.18,4.18,3.59,4.15,4.38,3.92,4.41,3.97,1.07,2.81,4.13,2.63,3.42,1.72,1.21,4.6,3.37,1.81,3.91,2.02,2.29,2.17,4.11,1.55,4.57,4.55,3.87,1.55,4.44,4.24,2.05,3.69,4.04,1.85,Packaging and Filling Machine Operators and Tenders,0.98
519123,3.5,2.0,2.5,2.62,2.75,2.25,1.12,2.0,1.5,2.38,2.25,3.0,2.25,2.12,1.38,2.0,2.0,2.0,2.75,2.88,3.25,2.0,2.0,2.62,3.62,1.0,2.0,3.0,3.0,2.25,2.0,1.0,3.0,1.38,1.5,1.75,2.5,1.0,1.25,2.88,2.75,2.12,1.38,2.0,2.12,2.0,2.5,3.38,2.25,1.75,2.88,2.12,2.12,2.88,2.75,2.0,1.88,2.88,2.75,1.0,2.75,2.25,2.32,1.49,1.48,1.04,2.37,1.34,1.82,2.77,2.41,1.29,2.54,1.34,2.97,1.75,1.03,1.35,1.04,1.07,1.32,2.14,1.75,1.37,1.78,1.07,1.54,3.11,1.7,2.24,1.71,1.15,1.5,1.07,1.52,2.02,1.83,3.77,3.68,3.21,2.1,1.11,2.19,3.91,2.9,4.0,2.08,1.02,2.12,3.22,1.14,1.16,1.27,1.16,3.81,1.84,1.0,4.76,3.65,2.82,2.11,2.95,3.85,2.43,1.0,1.01,2.79,3.41,2.49,1.23,1.25,2.31,3.32,1.6,2.34,1.21,1.17,1.9,3.83,2.58,3.38,4.4,2.42,3.09,2.86,2.66,2.26,2.45,3.95,2.74,"Painting, Coating, and Decorating Workers",0.92
519141,3.5,2.38,2.88,3.25,3.25,2.38,1.0,2.13,1.0,2.13,2.63,3.25,2.75,2.38,1.63,2.13,1.75,2.25,3.25,3.13,3.13,2.0,2.25,3.13,3.63,1.63,2.0,3.38,3.25,2.38,3.0,1.63,3.13,2.75,2.38,2.38,2.75,1.63,1.5,2.88,2.88,2.0,1.75,2.25,2.75,2.25,2.63,2.88,3.0,2.0,3.5,3.13,2.5,3.25,3.38,2.25,1.88,3.25,3.38,1.88,2.88,2.75,2.41,1.82,1.2,1.37,3.24,2.26,3.37,2.97,1.69,1.69,3.26,2.67,3.78,1.28,1.31,1.51,1.31,1.14,1.6,2.87,2.41,2.09,1.89,1.76,1.46,3.9,1.54,3.4,1.62,1.27,2.03,1.97,1.74,2.77,3.93,3.73,3.75,1.72,2.8,1.16,2.83,3.18,2.54,4.08,2.69,1.0,2.54,4.09,2.31,1.14,1.88,1.57,3.61,1.93,1.0,3.92,3.34,3.2,3.75,3.18,4.25,3.79,1.8,1.52,4.98,1.16,3.05,1.28,1.01,3.49,3.39,1.6,2.16,1.47,1.24,1.54,3.14,2.85,3.56,3.9,3.35,3.75,3.86,4.57,3.09,3.39,4.01,2.26,Semiconductor Processors,0.88
519151,3.25,2.5,3.0,3.25,3.25,2.12,1.12,2.12,2.12,2.62,2.75,3.0,3.25,2.5,1.0,1.88,1.88,2.12,3.12,3.25,3.12,2.38,2.38,2.38,3.75,1.25,2.5,3.62,3.5,2.75,3.12,1.0,3.12,2.38,2.5,1.75,3.25,1.0,1.12,3.12,3.0,2.5,1.12,2.38,2.25,2.88,2.5,3.62,3.12,2.0,3.38,3.0,2.88,3.38,3.12,2.5,2.0,3.12,3.25,1.62,3.25,2.75,2.02,1.75,1.02,1.09,2.58,1.72,3.7,3.93,1.86,1.72,2.26,1.88,3.13,1.99,1.02,1.31,1.09,1.0,2.04,2.25,2.6,1.18,1.74,1.04,1.47,3.14,1.31,1.79,2.53,1.2,1.47,1.02,1.39,2.84,2.54,4.27,2.91,4.03,3.11,1.47,3.22,3.71,3.14,4.0,2.39,2.64,1.96,3.22,2.24,1.82,1.74,1.0,2.83,2.93,1.0,4.86,3.51,3.23,3.19,3.03,3.73,3.25,1.41,1.04,4.08,1.69,3.3,2.23,1.76,1.77,3.33,1.77,2.98,2.02,2.23,2.24,3.22,2.47,3.9,3.93,3.44,4.43,4.01,1.95,1.18,3.34,3.8,3.28,Photographic Process Workers and Processing Machine Operators,0.99
519191,3.62,3.0,3.12,3.5,3.12,3.0,1.5,3.0,1.88,3.25,2.88,3.38,3.0,1.88,1.75,2.88,2.12,2.75,3.0,3.12,3.62,2.5,2.12,3.25,3.5,1.75,2.38,3.25,3.12,2.0,3.25,2.0,3.38,3.38,3.25,2.88,3.12,1.88,1.88,3.0,3.0,2.25,2.25,3.12,3.62,2.75,3.5,2.75,3.12,2.75,3.12,2.75,2.62,3.12,2.88,2.25,2.5,3.12,3.0,1.5,3.12,2.75,2.74,2.1,1.21,1.46,2.46,1.47,2.76,2.95,1.8,1.78,2.92,2.31,3.4,1.09,1.2,1.22,1.31,1.03,1.65,2.97,3.68,1.45,2.27,1.3,1.95,4.04,2.41,2.86,2.2,1.63,1.78,1.49,1.8,2.82,3.82,4.61,3.27,2.32,2.99,2.08,2.84,3.31,2.58,4.78,2.92,1.34,2.13,2.94,3.87,1.75,2.88,1.6,4.21,2.76,1.41,4.43,4.14,3.76,3.82,3.91,3.88,3.65,1.0,2.43,3.91,2.34,2.59,1.22,1.26,4.0,3.79,2.36,3.22,1.57,2.23,2.9,3.73,1.47,4.58,4.64,3.8,2.43,4.11,4.54,2.3,3.98,3.74,3.3,Adhesive Bonding Machine Operators and Tenders,0.95
519192,3.12,2.88,3.0,3.12,2.75,2.62,1.12,2.0,1.5,2.88,2.75,3.0,2.38,2.0,1.88,2.62,2.0,2.25,2.75,3.12,3.0,2.0,2.0,3.0,3.25,1.5,2.0,2.88,2.75,1.88,3.12,1.5,2.88,2.5,2.38,2.12,2.88,1.5,1.62,2.75,2.88,2.12,1.88,2.75,2.62,2.38,3.0,2.38,2.38,2.0,2.25,2.25,2.12,2.88,2.88,2.25,2.0,2.88,2.75,1.5,2.88,2.25,2.2,1.39,1.56,1.41,2.4,1.24,1.55,2.09,1.31,1.33,2.48,1.97,3.01,1.05,1.92,1.49,1.28,1.13,1.29,2.0,2.36,1.33,1.67,1.11,1.65,3.93,2.72,2.77,1.27,1.38,1.19,1.21,1.42,2.5,3.02,3.69,2.97,1.25,2.6,1.05,2.44,3.41,1.36,3.32,2.49,1.53,1.95,2.85,2.14,1.97,2.68,1.02,4.44,3.33,1.03,4.25,3.25,3.23,3.59,3.53,3.2,3.07,1.0,2.08,3.15,3.35,2.11,2.53,1.43,3.61,2.29,1.96,2.98,2.14,1.89,2.62,3.44,1.97,4.7,3.87,4.35,1.8,4.09,5.0,2.57,2.76,4.11,2.84,"Cleaning, Washing, and Metal Pickling Equipment Operators and Tenders",0.81
519193,3.25,2.75,3.0,3.12,3.5,2.62,1.12,2.25,1.62,2.88,2.88,3.12,2.75,2.88,2.0,2.12,2.25,2.25,3.0,3.0,3.12,2.38,2.12,3.0,3.75,1.75,2.75,3.0,3.12,2.38,3.25,1.88,3.62,3.0,3.12,2.25,2.88,1.75,1.88,3.0,3.0,2.25,2.25,2.88,3.12,2.38,3.12,2.88,2.75,2.62,3.0,3.0,3.0,3.0,3.62,2.5,2.38,3.5,3.0,1.75,3.12,2.88,3.29,1.98,1.55,2.15,2.53,1.76,2.44,2.41,2.75,1.55,3.0,2.73,3.38,1.0,3.33,1.77,1.31,1.29,2.12,3.08,3.41,1.09,1.73,1.18,2.52,3.85,2.2,3.07,1.3,1.56,1.72,1.18,1.55,2.27,2.91,3.83,3.74,1.96,2.22,1.05,2.98,3.96,2.26,3.56,2.58,1.01,2.83,3.44,3.6,2.82,2.85,1.0,4.52,4.05,1.3,4.69,3.89,3.89,4.16,4.05,4.09,3.74,2.03,2.8,4.33,3.53,3.2,3.21,2.25,3.87,2.95,2.13,2.27,2.05,2.09,2.01,2.4,2.39,4.32,3.82,3.41,1.83,4.06,4.99,3.54,3.67,4.02,3.61,Cooling and Freezing Equipment Operators and Tenders,0.93
519194,3.75,2.0,3.0,3.75,3.0,2.5,1.0,2.0,1.5,2.25,2.75,3.25,2.75,3.0,1.5,2.0,2.12,2.25,3.0,3.0,3.25,2.0,2.12,2.88,3.88,1.5,2.0,3.38,3.25,2.62,2.88,1.5,3.12,2.62,2.5,2.12,3.25,1.5,1.62,3.12,3.12,2.0,1.0,2.12,2.25,2.12,2.62,2.75,3.12,2.0,3.0,2.62,2.38,3.0,3.0,2.25,2.0,3.12,3.12,1.12,3.0,2.25,2.95,2.37,1.07,1.15,2.36,1.9,2.77,3.44,3.02,1.53,2.27,2.73,2.68,2.31,1.0,1.59,1.16,1.16,1.86,2.83,3.03,1.0,1.92,1.19,1.3,4.15,1.23,1.82,2.19,1.05,1.62,1.05,1.61,1.98,3.03,3.41,3.03,2.76,2.25,1.14,2.28,4.19,3.32,4.25,2.19,1.0,1.68,2.63,2.96,1.2,2.19,1.4,3.65,2.17,1.03,4.93,4.09,3.16,2.97,2.92,4.43,3.35,1.59,1.17,4.39,2.11,2.6,1.33,1.08,2.69,2.82,1.2,2.32,1.25,1.33,1.79,3.01,2.75,3.41,4.38,2.54,3.95,4.25,3.66,1.87,2.81,3.36,2.8,Etchers and Engravers,0.98
519195,3.815,2.345,3.03,3.56,3.03,2.5325,1.28,2.5,1.91,2.8775,2.815,3.565,2.7175,2.75,1.8725,2.03,2.0325,2.2175,2.97,3.06,3.625,2.1875,2.1275,3.3125,3.5925,1.625,2.2175,3.03,2.9075,2.75,2.9075,1.685,3.0,2.9075,2.9375,2.53,3.215,1.5625,1.81,2.7825,2.9375,2.0,1.78,2.53,2.875,2.5325,3.0025,2.9375,3.3425,2.5,2.88,2.5275,2.4075,2.97,2.905,2.185,2.2475,2.97,2.8775,1.4075,2.815,2.4675,2.915,2.345,1.17,2.1825,2.5175,1.89,2.3925,2.895,3.1425,2.18,2.73,2.73,2.915,2.2475,1.2975,1.2875,1.3425,1.39,1.5075,3.08,3.0975,1.4775,2.2775,1.3125,2.225,3.6475,1.7325,2.655,2.5325,1.465,1.4575,1.2825,2.1325,2.19,3.255,3.5825,3.0425,2.9075,1.9825,1.1625,2.3225,3.765,2.06,4.2675,1.9875,1.1025,2.365,2.4525,3.155,1.395,3.4775,1.0125,3.87,3.2275,1.37,4.1625,3.8275,3.33,3.3425,3.4525,4.17,3.42,1.45,1.65,2.72,3.3975,2.7875,1.77,1.8425,2.95,3.0700000000000003,1.6949999999999998,3.0175,1.3225,1.565,1.87,4.1,2.0675,3.9825,4.455,2.8375,2.4,3.6775,4.1975,2.2875,3.2575000000000003,3.73,2.325,"Molders, Shapers, and Casters, Except Metal and Plastic",0.9
519196,3.25,2.88,2.88,3.25,3.0,2.62,1.25,2.12,1.88,2.88,2.38,3.12,2.88,2.25,1.88,2.0,2.0,2.88,2.88,3.12,3.12,2.0,2.0,2.75,3.38,1.38,2.12,3.0,3.0,2.25,2.75,1.5,3.25,3.0,3.0,1.88,3.12,1.75,1.62,2.75,2.88,2.0,1.75,2.12,2.5,2.75,2.88,2.62,2.75,2.12,2.75,2.5,2.88,3.0,3.0,2.0,2.12,3.0,2.75,1.0,3.0,2.25,2.27,1.99,1.12,1.26,1.63,1.81,2.32,3.23,2.09,1.46,2.7,2.37,3.23,1.01,1.65,1.3,1.28,1.11,1.61,3.52,3.61,1.27,1.81,1.2,1.61,3.69,1.53,2.66,1.67,1.39,1.51,1.13,2.13,2.91,2.94,4.43,3.52,2.2,2.5,1.15,2.36,3.17,1.65,3.93,3.22,1.13,2.54,2.75,3.94,2.15,3.44,1.0,4.89,3.38,1.37,4.72,3.43,4.42,4.33,4.13,4.12,3.43,1.06,1.25,3.0,3.54,3.53,1.12,1.06,4.11,3.42,2.66,3.51,1.76,1.73,2.34,3.62,1.46,4.68,4.65,3.0,1.63,4.27,4.78,1.11,3.48,4.52,2.46,"Paper Goods Machine Setters, Operators, and Tenders",0.67
519197,3.62,3.0,2.5,3.62,2.88,2.38,1.12,2.75,1.62,3.25,2.62,3.5,2.62,2.12,1.75,2.75,2.12,2.25,2.88,2.75,3.75,2.0,2.0,3.62,3.5,1.62,2.0,3.0,2.88,2.0,2.75,1.75,3.0,3.5,3.12,2.75,3.12,1.75,1.88,2.75,3.0,2.0,2.38,3.0,3.12,2.0,3.5,2.5,2.88,2.38,2.5,2.0,2.0,3.0,3.0,2.0,1.88,3.0,2.25,1.0,2.62,2.0,3.39,2.04,1.32,1.96,1.91,1.8,1.74,2.57,2.26,1.86,2.7,2.83,2.85,1.02,1.0,1.44,1.32,1.3,1.59,2.35,3.23,1.23,2.16,1.3,2.15,3.73,1.7,2.77,1.88,1.11,1.6,1.26,2.08,2.82,3.29,3.79,2.12,2.09,2.86,1.6,2.09,2.43,1.28,4.47,2.28,1.14,2.12,3.97,4.31,2.44,3.75,1.27,4.64,2.85,1.28,4.4,2.68,3.37,2.89,3.65,3.53,3.75,1.42,2.83,3.41,3.35,2.24,1.81,1.38,3.67,3.52,1.37,4.45,1.62,2.63,2.04,4.66,1.09,5.0,4.87,3.06,1.74,4.15,4.77,1.06,3.62,2.98,2.49,Tire Builders,0.94
519198,3.12,2.75,2.88,3.25,2.88,2.88,1.38,2.62,1.88,3.0,2.88,3.12,2.25,1.88,1.75,2.25,2.0,2.5,2.75,3.12,3.25,2.0,2.0,3.12,3.5,1.75,2.0,3.0,3.0,1.88,3.0,2.0,3.12,2.25,2.75,2.12,2.88,1.75,1.88,2.62,2.88,2.12,2.0,3.0,3.25,2.25,3.25,2.5,2.75,2.12,2.88,2.0,2.0,2.88,2.75,2.0,2.0,2.88,2.62,1.25,2.75,1.88,2.14,1.52,1.21,1.85,1.8,1.79,2.02,1.92,1.88,1.35,2.35,1.92,2.69,1.22,1.54,1.36,1.28,1.29,1.73,2.74,3.05,1.52,1.76,1.23,1.6,2.74,1.7,2.58,1.59,1.45,1.59,1.42,1.98,2.15,3.13,3.84,2.99,1.99,2.1,1.39,2.62,3.39,1.71,3.51,2.9,1.02,2.17,2.12,3.47,2.19,3.47,1.11,4.17,3.17,1.78,4.31,3.69,3.52,3.38,2.98,3.88,3.21,1.55,2.87,1.83,3.74,2.76,2.12,1.62,3.87,3.17,1.58,3.54,2.05,1.59,2.18,4.06,2.03,3.75,4.62,3.17,1.71,4.09,4.94,2.57,2.88,3.89,2.16,Helpers–Production Workers,0.66
532011,4.0,3.25,3.0,4.62,4.12,4.12,1.0,1.88,1.5,2.5,4.25,3.12,4.0,3.0,3.62,1.75,2.0,3.75,4.0,4.0,3.5,3.12,3.12,4.0,4.25,3.38,3.25,4.0,4.0,2.88,4.12,3.88,4.75,4.12,4.25,4.88,4.0,2.88,4.0,3.75,3.75,3.38,2.75,1.62,2.12,4.0,2.12,3.62,3.38,2.75,4.0,3.12,3.75,4.12,4.12,3.0,3.12,4.12,3.88,2.75,3.75,3.12,3.13,1.69,1.28,1.19,1.81,1.84,3.35,3.13,1.77,1.3,2.62,2.88,3.92,1.0,1.0,1.32,3.7,1.09,3.27,3.39,3.7,1.35,1.86,1.4,3.32,1.31,2.84,3.71,1.16,1.61,2.48,1.41,4.78,3.47,4.37,4.43,3.68,3.34,3.14,1.63,3.58,3.64,4.03,3.5,2.85,2.05,3.65,2.78,2.75,3.62,1.66,3.51,4.41,3.59,2.21,4.62,4.33,4.12,4.44,4.43,4.84,3.97,4.57,1.41,3.77,2.39,4.05,3.42,1.61,3.4,4.05,3.73,1.86,1.57,1.43,1.36,3.01,4.74,1.94,4.6,1.99,3.45,4.54,3.59,1.97,3.88,4.55,2.47,"Airline Pilots, Co-pilots, and Flight Engineers",0.18
532012,3.25,3.12,3.12,4.12,4.0,4.0,1.0,2.12,1.75,2.25,4.0,2.88,3.5,3.0,3.12,2.0,1.88,3.12,4.0,4.0,3.38,2.88,2.5,3.88,4.12,2.75,2.62,4.0,4.0,3.0,4.12,3.0,4.12,3.88,4.0,4.0,4.0,2.5,3.88,3.75,3.75,3.12,1.88,2.0,2.12,3.62,2.5,3.0,3.25,2.25,3.88,3.38,3.62,3.88,4.0,3.12,2.75,4.12,3.75,2.62,3.75,3.0,2.55,2.18,1.54,1.01,1.57,1.71,3.17,4.15,1.74,1.47,2.9,2.78,4.01,1.0,1.03,1.35,3.6,1.35,3.31,2.96,3.36,1.23,2.59,1.18,3.13,1.5,2.43,3.58,1.37,1.33,2.45,1.23,3.98,2.94,3.81,4.39,3.9,2.89,2.79,1.2,2.06,4.8,4.94,3.61,3.09,2.43,3.3,3.41,3.75,2.87,2.42,2.44,3.73,3.16,1.86,4.39,4.81,4.36,4.68,4.67,4.63,3.67,3.96,2.26,3.55,2.34,3.06,3.72,3.24,1.98,4.23,2.0,2.65,1.91,1.78,2.05,2.68,4.34,1.99,3.56,2.17,4.3,3.77,3.68,2.39,3.47,4.68,3.05,Commercial Pilots,0.55
532021,2.5,3.5,3.62,2.88,4.38,2.62,1.0,1.0,1.0,1.12,4.12,2.88,4.25,3.38,2.12,1.0,1.0,2.88,4.25,4.0,2.38,3.12,3.0,1.38,4.12,2.12,3.0,4.62,4.62,3.38,4.12,1.62,4.75,1.5,1.75,1.62,4.5,1.75,1.88,4.12,4.0,4.25,1.0,1.0,1.0,4.12,1.75,3.0,3.5,1.12,3.88,3.38,3.75,4.38,4.12,3.12,2.88,4.0,3.75,1.75,4.25,3.12,2.54,2.18,1.13,1.17,1.21,2.49,2.99,3.6,1.92,1.48,3.75,2.1,3.93,1.15,1.0,1.27,3.46,1.22,2.78,3.28,1.63,1.2,2.26,1.36,2.39,1.99,2.56,3.76,1.18,1.4,3.42,1.51,4.18,4.4,4.18,4.71,4.14,4.25,3.49,1.36,3.58,3.92,2.68,2.17,1.29,1.28,2.53,1.16,1.18,2.07,1.13,1.69,3.51,1.39,1.13,4.12,4.29,4.93,2.63,4.82,4.83,4.67,1.2,1.13,4.89,1.24,3.08,1.13,1.14,2.28,4.28,1.94,1.52,1.17,1.13,1.22,3.52,4.44,2.27,4.17,1.57,3.83,3.41,1.13,1.13,3.51,4.81,3.34,Air Traffic Controllers,0.11
532022,2.38,3.0,3.12,2.75,4.12,2.62,1.0,1.75,1.38,1.88,3.62,2.25,3.25,2.88,2.25,1.75,1.88,2.62,3.75,3.62,2.62,2.62,2.25,2.25,3.62,2.25,2.25,4.0,4.0,2.88,3.25,2.12,4.12,1.88,2.25,2.38,3.25,2.0,2.38,3.75,3.25,2.88,1.62,1.88,1.88,3.0,2.38,2.75,3.0,1.88,4.0,3.62,3.25,4.0,3.75,3.0,2.12,4.0,3.75,1.62,3.75,3.38,3.59,3.36,2.18,2.24,2.11,3.07,3.29,4.03,1.97,2.16,3.74,2.44,4.18,1.01,1.02,1.75,2.64,1.39,3.37,3.08,2.61,1.78,2.94,1.26,2.06,2.34,2.2,4.45,2.17,1.41,3.65,1.68,4.25,3.62,4.79,4.92,4.37,4.77,3.66,1.69,2.61,4.64,4.7,3.98,2.25,1.6,3.51,2.95,3.03,2.59,1.75,1.14,4.3,3.65,1.61,4.86,4.79,4.38,4.23,4.64,4.67,4.45,4.41,2.23,3.91,3.28,2.84,4.21,1.87,2.13,3.83,2.66,2.56,1.87,1.55,1.67,2.87,3.06,3.31,3.41,3.12,4.9,4.1,3.99,1.72,3.86,4.75,3.57,Aircraft Mechanics and Service Technicians,0.71
532031,2.88,3.25,3.0,2.0,3.62,2.0,1.0,2.12,1.62,3.12,3.12,2.75,3.0,2.75,1.5,2.88,3.0,2.88,3.12,3.25,2.88,2.0,2.12,2.75,3.75,1.25,2.12,3.88,4.0,2.88,3.12,1.12,3.75,1.62,2.12,2.25,3.12,1.12,1.25,4.0,3.88,2.75,2.0,2.75,2.88,2.88,3.0,2.5,2.12,1.5,3.0,2.88,3.12,3.88,3.12,2.75,2.0,3.88,3.12,1.38,4.12,3.0,2.89,2.25,1.32,1.41,1.54,2.85,3.2,4.51,1.93,2.02,2.88,2.11,4.45,1.43,2.18,2.96,3.3,1.58,2.9,2.06,1.82,2.82,3.04,1.98,1.88,1.89,3.34,4.48,2.76,2.68,2.24,2.88,3.49,4.39,4.46,4.87,3.99,4.87,4.6,2.79,2.3,3.9,4.43,4.41,4.18,4.04,3.35,3.32,3.08,4.5,2.27,4.28,4.85,3.27,3.3,4.73,4.53,4.57,4.96,4.47,4.14,3.8,4.17,1.07,4.89,1.84,2.67,2.7,1.77,2.43,4.72,4.94,3.68,1.4,3.05,2.9,3.34,2.39,4.07,3.05,3.87,3.16,4.46,2.9,2.21,4.19,4.53,2.32,"Flight Attendants, label 0",0.35
533011,3.12,2.5,3.0,3.0,3.25,3.0,1.0,2.38,1.62,2.88,3.12,2.88,3.0,2.75,1.88,2.75,2.12,2.62,3.12,3.12,3.0,2.0,2.0,3.12,3.25,2.12,2.12,3.88,3.75,2.12,3.0,2.12,3.88,2.88,3.12,3.12,3.0,1.88,3.12,3.12,3.25,2.75,2.5,2.25,3.12,3.12,3.0,2.5,2.88,1.5,3.12,2.88,3.12,3.38,3.5,2.38,2.0,3.0,3.12,1.62,3.12,2.88,3.35,2.89,2.11,1.3,1.92,2.65,2.59,3.95,1.38,1.88,3.24,1.83,3.87,1.25,1.5,2.38,2.38,1.42,3.29,2.51,2.42,3.08,2.33,1.62,1.62,1.81,2.59,3.72,1.68,1.59,2.96,2.23,3.25,2.93,3.99,4.66,3.81,4.06,3.61,2.51,2.24,4.11,3.49,3.6,3.39,3.89,2.32,2.62,2.69,1.69,2.55,1.86,3.06,3.34,1.52,4.3,4.08,4.31,4.77,4.38,4.4,3.86,4.1,1.54,2.73,2.92,3.05,4.23,3.56,1.59,4.61,2.35,3.44,1.54,2.21,2.6,2.98,3.22,3.04,3.84,2.76,3.9,3.78,4.26,1.63,3.3,4.17,3.14,"Ambulance Drivers and Attendants, Excepts Emergency Medical Technicians",0.25
533031,3.0,2.38,3.0,3.0,3.0,2.62,1.0,2.12,1.5,2.5,3.0,3.0,2.75,2.12,2.0,2.25,2.12,2.25,3.0,3.0,2.88,2.5,2.12,2.88,3.25,2.0,2.62,3.75,3.75,2.38,2.88,2.38,3.12,2.5,2.5,2.0,2.88,2.0,2.62,3.12,3.12,2.0,1.75,2.25,3.0,2.75,3.0,2.62,2.25,2.0,3.0,2.88,2.75,3.75,3.12,2.0,2.62,2.88,3.0,1.0,3.62,2.75,3.03,2.11,1.03,1.28,1.03,1.78,2.49,4.15,1.28,2.15,1.96,1.88,3.49,1.03,3.65,1.4,1.97,1.03,2.33,2.91,1.99,1.03,2.13,1.03,1.33,2.9,1.49,3.21,2.95,1.2,1.77,1.2,3.46,2.85,3.11,4.37,2.55,4.3,3.35,1.19,2.13,3.98,2.19,3.46,3.39,1.36,3.72,1.61,2.22,1.84,2.59,1.0,3.71,4.82,1.29,4.6,3.43,3.59,3.31,3.65,4.18,4.41,4.1,2.47,3.21,2.79,3.01,5.0,2.37,2.25,2.91,2.92,4.17,2.27,3.38,3.33,4.24,2.9,3.61,4.61,3.83,3.77,4.92,3.54,1.29,2.16,3.28,3.1,Driver/Sales Workers,0.98
533032,3.0,3.0,3.0,3.88,3.12,3.5,1.75,2.38,1.75,2.75,4.12,2.88,3.0,2.0,3.0,2.38,2.25,3.0,2.88,3.0,3.0,2.0,2.0,3.88,3.5,3.0,2.0,3.12,3.0,1.88,2.88,3.0,3.62,3.88,3.75,3.88,3.25,2.62,3.88,3.0,3.0,2.38,2.5,2.5,3.0,3.0,2.88,2.62,3.0,2.62,3.0,2.5,2.5,2.88,3.0,2.0,2.0,3.12,3.0,1.0,3.0,2.75,2.74,2.28,1.33,1.81,1.52,1.92,2.41,3.69,1.55,1.9,2.76,1.8,3.56,1.12,1.47,1.48,2.54,1.25,3.05,2.66,2.82,1.45,2.15,1.44,1.95,2.07,1.56,3.87,1.77,1.32,2.77,1.36,4.02,2.47,4.03,4.17,3.06,3.75,3.17,1.63,1.79,3.88,3.31,3.86,2.43,1.15,3.11,2.45,2.46,2.1,2.53,1.19,3.61,4.24,2.73,4.06,4.26,4.64,3.74,4.49,3.99,3.54,4.95,2.05,1.96,2.38,3.27,4.76,2.81,2.93,2.61,1.8,2.56,1.75,1.75,1.75,3.65,4.16,2.21,4.42,2.18,3.97,4.24,4.35,1.81,2.7,3.6,2.28,Heavy and Tractor-Trailer Truck Drivers,0.79
533033,2.88,2.5,2.88,3.12,3.12,3.0,1.38,2.25,1.5,3.0,3.62,2.88,2.38,2.38,2.5,2.62,2.0,2.5,3.0,3.0,3.12,2.12,2.0,3.62,3.25,2.38,2.12,3.12,3.12,2.12,3.0,2.62,3.25,2.88,3.12,3.0,2.88,2.0,3.5,3.0,3.0,2.12,1.88,3.12,3.12,2.75,3.12,2.75,2.88,1.88,3.0,2.75,2.12,3.12,3.0,2.0,2.25,3.12,3.12,1.12,3.12,2.75,2.43,2.63,1.39,1.71,1.78,1.97,2.1,3.38,1.44,1.61,2.35,1.51,3.8,1.1,1.62,2.18,2.06,1.11,2.17,2.39,2.48,1.44,1.67,1.07,1.95,2.36,1.59,2.86,2.11,1.53,2.34,1.33,3.41,2.25,3.08,4.56,3.06,4.08,2.6,1.1,2.67,3.09,3.27,3.08,2.11,1.45,2.71,1.99,1.93,1.62,1.91,1.0,2.39,3.48,1.09,3.68,3.34,3.98,3.13,3.83,4.34,3.43,4.61,1.84,2.43,2.82,3.04,4.15,2.58,2.4,3.0,1.88,3.05,1.23,1.54,1.84,2.76,3.56,2.81,4.19,3.34,4.24,4.19,3.47,1.07,3.31,3.47,1.57,"Light Truck or Delivery Services Drivers, label 1",0.69
534011,3.12,3.62,2.75,4.0,3.25,3.88,1.0,2.12,1.5,2.25,4.38,3.0,3.62,2.12,3.0,2.0,2.12,3.38,3.5,3.62,3.38,2.5,2.25,3.75,3.88,2.75,2.5,3.75,3.75,2.0,3.75,2.88,3.88,3.62,3.88,4.0,4.0,2.62,3.12,3.25,3.38,2.88,2.38,2.12,2.5,3.25,2.75,3.0,3.0,2.75,3.25,3.0,3.12,3.75,3.62,2.88,2.5,3.62,3.38,1.38,3.62,3.0,2.79,2.07,1.28,1.52,1.77,1.94,2.31,3.02,1.43,1.62,3.32,2.11,3.33,1.05,1.1,1.23,2.26,1.38,2.44,2.19,2.99,1.57,2.23,1.37,1.95,1.77,1.83,3.62,1.24,1.28,2.41,1.61,4.46,3.17,4.07,4.6,4.34,3.23,3.13,2.02,1.75,3.88,2.75,4.36,3.47,1.5,3.7,3.3,3.99,2.15,2.96,1.75,4.86,4.45,3.94,4.79,4.37,4.36,4.78,3.97,4.48,3.61,4.74,2.63,1.49,3.37,2.58,4.44,2.16,2.81,2.99,1.87,2.82,2.51,1.77,1.42,3.92,4.37,2.4,4.61,2.11,4.46,4.38,4.85,1.24,3.84,4.76,3.34,Locomotive Engineers,0.96
534013,3.38,3.12,2.88,3.75,3.25,3.25,1.12,2.38,1.75,2.88,3.88,3.0,3.12,2.62,2.75,2.62,2.88,2.88,3.0,3.12,3.38,2.0,2.12,3.25,3.62,2.0,2.0,4.0,3.62,2.0,3.12,2.88,4.0,3.38,3.75,3.62,3.38,2.5,3.0,3.5,3.25,2.62,2.62,2.25,3.0,3.0,3.12,3.62,3.12,2.75,3.0,2.75,3.0,3.38,3.25,2.75,2.38,3.62,3.12,1.5,3.5,2.88,3.22,2.95,1.13,1.61,1.27,2.02,2.3,3.01,1.49,1.86,2.96,2.25,3.1,1.01,1.19,1.14,2.17,1.1,2.64,2.37,3.14,1.32,2.09,1.18,1.87,1.85,1.63,3.64,2.02,1.22,2.31,1.25,4.15,3.07,4.49,4.31,4.16,2.66,2.81,1.18,1.88,3.33,2.65,4.31,2.88,1.0,3.4,2.41,3.35,1.9,2.78,1.0,4.48,4.15,3.14,4.7,3.96,3.52,4.75,4.17,3.54,3.27,3.92,2.32,1.41,3.69,1.8,4.68,1.96,2.02,2.87,2.28,2.95,2.31,1.98,1.98,3.85,3.74,2.25,4.32,2.39,3.36,3.48,4.95,1.45,4.1,4.89,2.96,"Rail Yard Engineers, Dinkey Operators, and Hostlers",0.91
534031,2.88,3.12,3.12,3.12,3.38,3.0,1.0,2.0,1.0,2.5,3.62,2.75,3.0,2.62,2.25,2.5,2.75,2.88,3.38,3.5,2.75,2.38,2.25,2.88,3.62,1.88,2.38,3.88,4.0,2.62,3.12,2.25,3.88,2.88,3.25,2.62,3.12,1.88,2.5,3.62,3.62,2.75,2.5,2.5,2.62,3.0,2.75,2.75,3.12,1.88,3.25,3.12,3.0,3.5,3.62,2.75,2.25,3.75,3.12,1.5,3.75,3.0,2.64,2.34,1.67,1.49,2.49,2.28,2.79,2.94,1.58,1.63,3.11,2.12,3.46,1.29,1.43,1.31,2.4,1.56,3.01,2.68,2.87,1.85,2.2,1.55,2.42,2.0,2.31,3.98,1.9,1.89,2.89,2.06,3.95,3.09,4.3,4.52,3.96,3.27,2.77,1.51,2.21,3.37,3.17,4.32,2.8,1.6,3.81,3.25,3.7,2.62,3.11,1.14,4.65,4.13,3.04,4.91,3.84,4.32,4.17,4.0,4.06,3.68,4.34,2.01,2.09,3.33,2.43,4.7,1.74,2.87,3.52,1.3,2.5,2.06,2.29,1.99,3.0,3.91,2.54,3.15,2.61,4.3,3.41,4.82,1.15,3.77,4.49,3.03,Railroad Conductors and Yardmasters,0.83
534041,3.62,3.75,3.0,4.12,3.62,3.5,1.0,2.12,2.0,2.25,3.75,3.0,3.5,2.0,2.75,2.38,2.0,3.0,3.0,3.25,3.5,2.38,2.12,3.88,3.75,2.75,2.62,3.38,3.62,2.0,3.62,2.75,3.75,3.75,3.88,3.62,3.62,2.75,2.88,3.38,3.0,2.62,2.38,2.0,2.38,3.25,2.38,3.0,2.88,2.62,3.0,2.75,3.0,3.62,3.0,2.62,2.38,3.25,3.12,1.0,3.38,2.75,2.51,1.79,1.23,1.42,1.46,2.12,2.19,3.66,1.4,1.39,2.78,2.02,3.19,1.1,1.0,1.76,1.69,1.24,2.32,1.91,2.57,1.17,1.99,1.29,1.68,1.56,2.24,3.91,1.24,1.74,2.6,1.28,4.38,3.47,4.16,4.39,2.9,4.36,4.25,3.24,2.06,2.5,1.68,3.83,2.4,2.99,3.5,3.8,2.95,2.19,2.77,1.24,3.7,3.64,2.35,3.46,2.78,4.32,4.19,4.18,4.42,4.0,5.0,1.88,2.4,2.06,2.47,4.04,2.32,3.73,3.47,2.38,3.02,1.47,2.26,1.68,4.39,4.24,2.61,4.92,2.55,2.46,3.82,4.33,1.2,2.88,3.98,2.44,Subway and Streetcar Operators,0.86
535011,3.62,3.62,3.0,3.88,3.12,3.75,1.12,2.88,1.88,3.12,4.0,3.0,3.25,2.38,3.0,2.88,3.12,3.25,3.12,3.12,3.5,2.5,2.25,3.62,3.25,2.62,2.25,3.75,3.12,2.38,3.75,2.75,3.75,3.0,3.12,2.88,3.25,3.0,3.0,3.12,3.12,2.62,2.5,3.0,3.12,3.0,3.0,3.38,3.12,2.62,3.0,2.88,2.88,3.12,3.12,2.5,2.5,3.25,2.88,1.88,3.0,2.75,2.94,2.5,1.56,1.75,2.35,2.41,1.75,2.63,1.57,1.32,2.95,2.17,2.85,1.01,2.12,1.03,2.31,1.36,2.43,2.77,3.0,2.36,1.87,1.26,2.24,2.48,1.83,3.24,1.28,1.37,2.15,1.39,3.06,2.82,4.22,4.41,3.6,2.81,3.08,1.62,1.52,3.68,3.23,4.6,3.63,1.74,3.12,3.26,3.67,3.05,3.82,1.99,4.96,4.93,3.04,4.33,3.07,3.64,4.46,3.64,4.32,3.42,1.39,1.61,2.4,2.47,2.82,5.0,1.84,3.03,3.75,2.08,3.86,2.47,3.05,2.69,3.64,1.91,4.2,4.35,3.68,2.38,4.0,5.0,2.69,4.13,4.05,2.6,Sailors and Marine Oilers,0.83
535021,3.62,3.12,3.25,3.62,3.75,3.38,1.75,2.62,2.62,3.0,3.75,3.12,3.38,2.75,3.25,2.38,3.12,2.88,3.5,3.5,3.38,2.5,2.62,3.25,3.62,2.5,2.5,3.88,3.88,2.75,3.5,2.62,3.75,3.25,3.25,3.12,3.25,2.62,3.75,3.62,3.5,3.0,1.62,2.38,2.88,3.25,3.12,3.0,3.25,2.38,3.62,3.38,3.12,3.38,3.38,2.88,2.38,3.5,3.25,1.88,3.5,3.12,3.19,2.5,1.83,2.2,2.28,2.3,2.78,3.16,2.06,1.82,3.12,2.57,3.31,1.13,1.68,1.38,3.27,1.62,3.37,2.91,3.43,2.26,2.69,1.46,2.56,2.37,2.7,3.82,1.79,1.7,2.87,1.72,4.13,3.21,4.31,4.58,3.91,3.49,2.93,1.61,1.8,4.35,3.73,3.88,2.98,1.67,4.07,2.98,3.18,2.94,3.21,1.36,4.43,3.54,3.39,4.81,4.54,4.63,4.47,4.61,4.09,3.57,4.22,3.24,2.87,3.81,3.39,4.34,3.04,2.82,3.86,2.54,2.87,2.38,2.82,1.85,3.09,2.86,3.41,4.31,2.46,4.38,3.98,4.31,2.06,4.08,4.43,3.12,"Captains, Mates, Pilots of Water Vessels",0.27
535022,3.62,3.5,2.88,4.0,3.38,3.25,1.0,2.38,1.62,2.5,3.75,3.12,3.12,2.62,3.12,2.12,2.62,3.0,3.0,3.0,3.62,2.0,2.62,3.5,3.25,2.75,2.0,3.12,3.5,2.62,3.62,3.0,3.62,3.12,3.25,3.25,3.38,2.62,3.88,3.5,3.12,2.5,2.25,2.12,3.0,3.25,3.0,3.0,3.0,2.25,2.75,2.62,2.75,3.12,3.12,2.38,2.25,3.38,2.88,1.5,3.38,2.5,2.93,2.57,1.87,2.44,1.59,2.43,2.65,4.36,1.97,1.56,3.91,2.74,4.1,1.02,1.88,1.6,2.97,1.37,2.66,2.53,3.46,1.87,2.94,1.11,2.16,2.35,2.36,3.82,2.14,1.95,2.92,1.32,3.77,2.81,2.65,4.29,3.91,4.38,3.51,1.7,2.19,4.42,2.35,3.53,2.02,1.51,3.33,2.99,2.48,2.14,2.39,1.03,3.13,3.7,2.0,4.47,4.96,4.99,4.43,4.54,4.39,3.61,2.88,3.52,1.58,2.34,2.53,4.26,3.22,2.45,4.02,2.69,2.37,1.8,2.16,1.62,2.63,2.8,2.94,3.62,2.34,3.36,4.13,4.1,1.14,4.06,3.86,1.95,"Motorboat Operators, label 1",0.62
535031,3.12,3.12,3.12,3.62,4.0,2.5,1.38,2.0,2.0,3.0,3.0,3.12,3.12,3.0,2.0,2.12,2.12,3.12,3.25,3.25,3.12,2.62,2.38,3.12,3.62,1.88,2.75,4.0,4.0,3.0,3.0,2.25,4.0,3.0,3.12,3.0,3.12,2.38,2.25,3.5,3.38,2.88,1.5,2.5,3.0,3.0,3.0,2.88,3.12,2.38,3.62,3.12,3.25,3.62,3.88,2.75,2.38,3.62,3.12,1.88,3.5,3.0,2.94,2.55,1.6,2.97,2.76,1.69,3.2,2.55,2.29,1.64,2.73,3.51,3.55,1.2,1.28,1.25,2.61,1.38,2.25,3.25,4.51,2.18,2.27,1.28,2.59,2.35,2.33,3.46,1.25,1.43,2.51,1.64,3.28,3.11,4.47,3.97,3.65,2.84,2.83,1.29,2.28,3.94,3.41,4.19,4.07,1.32,3.59,3.96,4.27,2.67,3.09,1.22,4.66,4.03,3.46,4.53,3.98,4.19,4.7,4.51,3.62,3.86,3.41,2.54,3.26,4.39,2.72,4.39,3.74,2.55,3.77,1.67,2.96,2.26,2.87,2.39,2.87,2.56,3.31,4.19,2.67,3.89,3.81,4.55,2.25,3.6,4.36,2.76,Ship Engineers,0.041
536011,3.0,3.12,2.88,3.12,2.88,2.62,1.0,2.12,1.88,2.12,3.12,2.62,2.75,2.0,2.88,2.0,2.12,3.0,2.88,3.25,2.62,2.0,2.25,2.88,3.25,2.25,2.12,3.0,3.0,2.25,3.0,2.25,3.0,2.75,3.0,2.62,3.12,2.75,2.0,3.0,3.0,2.12,2.0,2.0,2.12,2.62,2.38,2.38,2.5,2.12,2.88,2.75,2.38,3.0,3.0,2.5,2.0,3.25,2.88,1.12,3.0,2.88,2.53,2.61,1.21,2.16,1.37,2.42,2.47,2.74,1.95,1.89,2.89,2.0,3.26,1.0,1.16,1.21,1.84,1.26,2.06,2.42,2.53,1.37,2.0,1.28,1.74,2.11,1.37,3.42,1.28,1.22,2.95,1.39,2.84,2.16,4.16,4.2,2.63,3.55,2.63,1.15,2.89,3.85,3.8,2.0,1.8,1.16,2.95,1.79,2.6,3.2,1.95,1.0,2.55,2.42,1.37,3.89,4.15,3.63,3.8,3.85,3.95,3.53,2.5,2.21,4.47,2.95,2.26,3.37,2.65,2.26,2.26,1.65,1.89,1.8,1.47,1.6,2.6,3.2,2.84,3.2,2.11,4.32,3.1,3.37,1.95,2.21,3.47,3.21,Bridge and Lock Tenders,0.97
536021,2.75,2.12,2.5,3.0,3.0,3.0,1.12,2.0,1.88,2.88,3.5,2.5,2.75,2.0,2.38,2.75,1.88,2.0,3.0,3.0,2.88,2.5,2.12,3.0,3.38,2.75,2.62,3.38,3.38,2.0,2.88,2.75,3.25,1.88,2.88,2.62,3.0,2.0,3.12,3.25,3.38,2.12,2.12,2.75,2.5,2.5,2.88,2.88,2.88,2.0,2.62,2.62,2.25,3.25,2.88,2.12,2.75,2.75,2.5,1.0,3.5,2.75,2.18,2.25,1.36,1.34,1.31,2.1,2.03,3.48,1.48,1.85,2.29,1.56,3.08,1.16,1.47,1.44,1.73,1.38,1.85,2.5,1.94,1.4,2.08,1.22,1.57,2.38,1.87,2.73,2.16,1.59,2.01,1.41,3.02,2.72,3.46,4.6,3.54,4.25,3.53,1.34,2.59,3.41,1.55,3.51,1.37,1.58,1.79,1.01,2.05,1.0,1.17,1.13,3.42,3.42,1.0,4.26,2.91,3.24,3.21,3.59,3.95,3.17,3.97,1.75,3.46,2.0,2.34,3.61,3.45,2.23,3.93,2.23,3.36,1.0,1.72,1.08,3.79,3.06,3.07,4.21,3.87,3.74,2.99,1.89,1.14,2.89,3.8,2.67,"Parking Lot Attendants, label 1",0.87
536031,3.12,2.75,2.75,3.25,3.12,2.88,1.0,2.38,1.75,3.12,3.0,3.25,2.75,2.25,1.88,2.5,2.25,2.75,2.75,3.12,3.25,2.38,2.12,3.12,3.25,1.75,2.25,3.38,3.38,2.12,2.75,2.0,3.0,1.88,2.88,2.62,2.88,2.12,2.25,3.0,3.12,2.38,1.88,3.12,3.12,2.75,3.25,2.88,3.0,2.5,2.88,2.62,2.5,3.12,3.0,2.25,2.38,2.75,2.75,1.38,3.12,2.62,3.76,3.0,1.13,1.24,2.93,1.56,2.89,4.64,1.9,2.47,2.98,2.98,2.82,1.0,1.0,1.24,1.42,1.02,2.13,3.27,4.4,1.05,2.57,1.34,2.26,2.41,2.06,2.55,3.99,1.68,1.94,1.19,1.85,3.43,3.71,4.51,3.34,4.41,3.64,1.43,1.68,3.75,2.59,4.57,2.99,1.14,2.59,3.01,4.45,1.62,4.13,1.01,4.0,3.55,1.44,4.96,4.4,4.53,3.67,4.5,4.48,2.68,3.43,1.98,1.1,4.0,3.27,4.45,3.09,2.15,3.4,2.09,3.08,1.6,2.31,3.75,3.79,2.04,4.59,4.72,4.07,4.84,4.6,4.75,1.13,3.49,4.13,2.14,Automotive and Watercraft Service Attendants,0.83
536041,2.5,2.25,3.12,2.25,3.38,2.38,1.0,1.62,1.62,1.62,3.12,2.75,3.12,3.0,2.0,1.5,1.5,2.25,3.75,3.12,2.12,3.0,2.25,2.25,3.25,2.0,3.0,3.88,3.88,3.0,3.12,2.0,3.88,2.0,2.25,2.0,3.12,2.0,2.12,3.38,3.38,2.38,1.5,1.62,1.62,2.38,1.62,2.75,3.12,1.62,3.62,3.12,3.0,3.62,3.25,2.62,2.88,3.12,3.25,2.75,3.25,3.12,2.99,3.28,1.32,3.05,1.73,2.42,3.9,3.29,3.1,1.94,3.15,3.5,3.62,1.09,1.12,1.32,2.65,1.39,3.34,3.32,3.11,1.19,2.6,1.23,2.45,2.29,1.77,3.91,1.37,1.36,2.67,1.29,3.9,2.69,2.15,3.82,3.66,3.82,2.59,1.16,2.57,3.64,4.6,2.73,1.61,1.0,2.04,1.75,3.58,1.64,2.03,1.02,2.67,3.0,1.11,4.27,4.0,3.89,2.94,3.82,4.39,3.82,4.35,1.39,4.28,2.25,2.61,4.0,1.26,2.08,2.93,1.74,2.08,1.37,1.84,1.78,3.13,3.56,2.43,3.11,2.25,4.11,4.23,3.92,1.6,3.2,4.07,3.07,Traffic Technicians,0.9
536051,2.706666666666667,2.873333333333333,3.1266666666666665,2.75,3.583333333333333,2.75,1.0,1.92,1.5033333333333332,2.46,3.2133333333333334,2.38,3.206666666666667,2.6266666666666665,1.96,2.04,2.08,2.833333333333333,3.58,3.2099999999999995,2.5,2.46,2.25,2.6266666666666665,3.8333333333333335,1.8766666666666667,2.3766666666666665,3.8333333333333335,3.5866666666666664,2.5,3.1266666666666665,2.083333333333333,3.9166666666666665,2.1266666666666665,2.2066666666666666,2.0,3.123333333333333,1.92,2.1666666666666665,3.333333333333333,3.2533333333333334,2.67,1.413333333333333,2.2066666666666666,2.123333333333333,2.7900000000000005,2.54,2.786666666666666,3.1266666666666665,2.04,3.4166666666666665,3.33,2.873333333333333,3.5,3.5400000000000005,2.5,2.29,3.2133333333333334,3.5,2.2133333333333334,3.5,3.286666666666666,3.223333333333333,2.833333333333333,1.5833333333333333,1.9266666666666667,2.39,2.216666666666667,2.9933333333333336,3.44,2.4766666666666666,2.286666666666666,3.1366666666666667,3.063333333333333,3.89,1.03,1.36,1.5033333333333332,2.083333333333333,1.3833333333333335,2.9266666666666663,3.08,3.883333333333333,1.35,2.4133333333333336,1.1366666666666667,2.58,3.063333333333333,2.19,3.546666666666667,2.216666666666667,1.4799999999999998,2.62,1.4799999999999998,3.87,2.9433333333333334,3.806666666666666,4.533333333333333,3.823333333333333,3.523333333333333,2.8200000000000003,1.35,2.17,4.29,3.9966666666666666,3.716666666666667,3.216666666666667,1.6166666666666665,3.26,3.1333333333333333,3.11,2.763333333333333,3.073333333333333,1.26,4.12,3.3833333333333333,1.7666666666666666,4.63,4.293333333333333,4.496666666666667,3.7966666666666655,4.413333333333333,4.483333333333333,3.683333333333333,3.643333333333333,2.2066666666666666,3.353333333333333,3.74,3.333333333333333,3.803333333333333,3.046666666666667,2.06,3.75,1.83,2.86,1.92,1.81,2.4666666666666663,2.783333333333333,2.4966666666666666,3.67,3.17,3.036666666666666,4.463333333333334,4.043333333333333,4.14,2.1633333333333336,3.846666666666666,3.790000000000001,3.26,Transportation Inspectors,0.9
536061,2.38,2.62,2.88,2.38,3.38,2.38,1.0,2.0,2.12,2.12,2.75,2.12,2.75,2.0,1.5,2.38,2.25,2.5,3.0,2.75,2.38,2.25,2.12,2.5,2.88,1.5,2.25,3.75,3.75,2.25,2.5,1.5,3.5,1.38,1.75,2.0,3.0,1.38,1.5,3.62,3.62,2.12,1.62,2.38,2.38,2.75,2.62,2.62,2.25,1.38,3.0,2.62,2.62,3.75,2.88,1.62,2.12,3.25,3.0,1.0,3.75,2.5,2.37,2.27,1.5,1.43,1.43,1.95,1.92,3.23,1.37,1.63,1.96,1.23,3.52,1.13,1.39,2.24,2.04,1.3,1.95,1.96,1.64,1.84,2.17,1.64,1.39,1.78,2.51,3.23,1.67,1.74,2.36,1.69,3.71,2.54,2.4,4.14,1.9,3.23,4.03,2.58,2.06,2.53,1.56,3.61,1.82,2.06,1.4,1.13,1.56,1.21,2.09,1.0,3.22,3.83,1.11,3.65,2.84,3.7,3.24,2.87,3.42,2.42,3.44,1.14,1.27,2.47,2.21,3.17,2.42,1.37,4.7,1.39,2.16,1.07,1.47,1.55,2.72,3.8,2.51,3.07,2.52,1.77,2.92,1.55,1.14,2.51,3.38,2.03,"Transportation Attendants, Except Flight Attendants",0.75
537011,3.12,2.88,2.88,3.75,3.5,3.0,1.25,2.0,1.88,2.38,3.12,3.0,3.12,2.5,2.5,2.12,2.12,3.0,3.38,3.0,3.12,2.0,2.12,3.38,3.25,2.0,2.0,3.75,3.5,2.12,3.25,2.0,3.62,3.0,2.5,2.88,3.25,2.0,2.0,3.12,2.88,2.25,1.75,2.12,3.12,2.88,3.0,2.75,3.0,2.0,2.88,3.0,2.75,3.12,3.0,2.12,2.0,3.38,2.88,1.75,3.0,2.75,1.68,1.87,1.08,1.17,1.25,1.42,1.46,1.9,1.1,1.07,2.62,1.18,3.96,1.01,1.17,1.5,1.07,1.0,1.94,1.61,3.09,1.01,1.51,1.01,1.36,3.01,1.49,3.04,1.03,1.03,1.17,1.04,2.77,2.65,3.28,3.43,3.53,1.76,2.29,1.41,2.62,4.03,1.64,4.37,2.15,1.21,2.31,1.84,3.18,2.25,2.48,1.11,4.35,3.94,1.8,3.48,3.16,3.92,4.17,4.18,4.42,3.0,2.18,3.39,1.99,2.97,3.43,3.85,3.48,4.58,2.48,2.7,2.82,1.95,1.66,1.9,2.97,2.65,3.73,4.36,2.68,3.03,4.05,5.0,2.79,2.9,4.09,2.59,Conveyor Operators and Tenders,0.93
537021,3.62,2.88,2.75,4.12,3.0,3.88,1.0,2.25,1.25,2.88,3.88,3.0,2.88,2.38,3.0,2.12,2.5,2.88,2.88,3.0,3.5,2.38,2.12,4.0,3.38,2.0,2.25,3.12,3.25,2.38,3.12,2.75,3.62,3.75,3.75,3.5,3.5,2.5,3.0,3.12,3.12,2.12,2.25,2.12,2.75,3.0,2.88,3.12,3.12,2.5,2.88,2.88,2.88,3.12,3.25,2.25,2.62,3.12,3.0,1.12,3.0,2.62,2.46,1.92,1.23,2.71,1.51,1.85,2.35,2.21,2.32,1.48,2.6,2.4,2.91,1.1,1.14,1.34,1.48,1.19,1.68,3.0,3.55,1.42,2.05,1.25,2.32,2.55,1.71,2.77,1.52,1.28,2.16,1.57,2.93,2.57,3.99,4.55,3.37,2.21,2.64,1.08,2.13,3.97,2.61,4.22,2.82,1.07,3.36,2.46,4.0,3.74,2.64,1.03,4.43,3.83,2.67,4.54,4.0,4.17,4.73,3.99,4.54,2.96,3.77,3.07,2.78,4.2,2.16,3.79,3.19,3.77,2.92,1.91,2.6,2.22,1.22,1.83,3.61,3.38,2.5,4.26,2.1,3.61,3.8,4.95,2.48,3.71,4.36,3.32,Crane and Tower Operators,0.9
537031,3.38,3.0,2.62,4.0,2.75,3.5,1.12,2.25,1.25,2.12,3.25,3.12,2.88,2.38,2.5,2.12,2.12,3.12,2.62,3.0,3.38,2.0,2.0,3.75,3.25,1.75,2.0,2.88,2.88,2.0,2.88,2.25,3.25,2.75,3.38,2.88,3.12,1.88,2.62,3.0,3.0,2.12,2.25,2.25,2.88,2.5,2.88,2.5,2.75,2.38,2.38,2.38,2.5,2.88,3.0,2.38,2.0,2.88,2.5,1.25,2.88,2.12,3.15,1.42,1.22,2.17,1.33,1.57,2.15,1.43,1.48,1.29,2.62,2.24,3.43,1.08,1.06,1.18,1.57,1.15,2.03,2.81,4.06,1.89,1.94,1.13,2.45,2.94,1.34,3.18,1.65,1.16,1.72,1.15,1.96,2.53,3.19,4.26,2.86,1.5,1.58,1.14,3.0,3.44,1.38,2.65,2.13,1.05,2.76,2.28,3.93,2.35,3.63,1.05,4.37,4.11,2.81,4.91,3.78,4.17,3.13,3.76,3.09,2.41,2.67,2.97,2.19,2.49,2.51,4.45,3.63,2.35,2.09,1.6,1.76,1.65,1.6,1.39,3.8,3.51,2.91,4.68,2.27,3.08,3.01,4.92,1.55,3.19,3.88,2.42,Dredge Operators,0.92
537041,3.63,3.0,3.0,3.63,3.38,3.63,1.13,2.0,1.13,3.13,3.25,3.13,2.75,2.63,2.5,2.38,3.13,3.25,3.25,3.13,3.38,2.13,2.5,3.5,3.5,2.0,2.38,3.38,3.38,2.5,3.25,2.5,3.88,3.25,3.63,3.0,3.38,2.75,2.75,3.25,3.38,2.5,2.63,2.38,2.63,2.63,2.63,2.88,3.25,2.38,2.88,2.5,2.88,3.38,3.75,2.5,2.62,3.62,2.75,1.25,3.12,2.25,2.49,1.27,1.11,1.95,1.58,1.17,1.64,2.88,2.0,1.16,2.46,2.47,2.63,1.06,1.08,1.11,1.15,1.09,1.37,2.26,3.09,1.35,1.69,1.06,2.12,2.13,1.16,2.61,1.27,1.13,1.6,1.26,2.57,3.2,4.51,4.08,3.36,2.51,3.37,1.72,2.58,4.57,1.2,4.67,4.2,1.01,3.33,4.1,4.67,4.59,2.89,1.04,4.99,3.76,3.78,4.76,4.71,4.59,4.81,4.61,4.79,3.37,4.17,3.14,1.29,3.68,2.92,3.07,2.32,4.32,3.31,1.3,4.33,1.84,3.12,1.74,4.56,3.45,2.6,4.89,3.18,2.75,4.75,5.0,2.67,3.14,4.74,2.27,Hoist and Winch Operators,0.65
537051,3.12,3.12,2.38,4.0,3.12,3.25,1.62,2.25,1.88,2.88,3.75,3.0,2.62,2.12,1.88,2.5,2.25,2.75,2.75,3.12,3.5,2.12,1.88,3.88,3.12,1.75,2.12,3.0,3.0,1.88,3.12,3.0,3.25,3.38,3.25,3.62,3.12,2.12,3.12,2.75,2.75,2.0,1.88,2.5,3.12,2.88,3.12,2.75,3.12,2.12,2.38,2.5,2.12,2.88,2.75,2.12,2.12,2.75,2.88,1.25,2.75,2.5,2.49,2.34,1.37,2.06,1.36,1.75,1.86,2.53,1.53,1.39,2.27,1.79,2.82,1.0,1.32,1.01,1.28,1.0,2.11,3.01,2.17,1.01,1.84,1.11,1.25,2.8,1.26,2.32,1.69,1.24,1.59,1.24,2.75,2.14,4.27,4.08,3.68,2.48,2.56,1.36,1.98,4.04,1.78,3.94,2.96,1.08,1.96,1.95,3.29,2.01,3.11,1.15,3.5,4.43,2.37,4.42,4.2,4.26,4.16,4.18,4.65,2.97,1.8,4.4,2.07,4.21,3.59,3.55,2.63,3.64,3.19,1.61,3.63,1.34,2.66,2.02,4.2,2.45,3.69,4.71,2.96,2.79,4.49,5.0,2.72,3.41,3.98,1.86,"Industrial Truck and Tractor Operators, label 1",0.93
537061,2.88,2.12,2.38,3.0,2.88,2.38,1.62,2.38,1.5,3.25,2.38,3.0,2.25,1.88,1.88,2.75,2.0,1.62,2.5,2.75,3.25,1.62,2.0,3.12,3.62,1.75,1.88,2.88,2.75,1.62,2.25,1.88,3.0,2.12,2.12,2.25,2.25,1.38,2.12,2.62,2.75,2.0,2.0,3.0,2.25,2.12,3.0,2.38,2.25,2.0,2.0,2.0,2.0,2.5,2.25,1.88,1.62,2.75,2.25,1.25,2.62,1.88,2.9,2.36,1.67,1.82,2.41,2.27,2.23,3.54,1.69,2.37,2.55,1.79,3.33,1.14,1.38,2.07,1.68,1.15,2.12,2.46,2.64,1.66,2.4,1.19,1.85,2.83,2.17,2.86,2.22,1.41,1.78,1.41,3.14,2.71,3.04,3.57,2.9,2.45,2.0,1.23,1.65,4.1,2.31,4.77,3.12,1.64,2.24,3.16,2.73,1.34,2.51,1.01,3.96,3.85,1.41,4.05,4.24,3.14,3.66,3.35,3.82,3.12,4.94,2.6,2.54,4.28,2.61,2.89,3.87,1.95,3.23,1.27,3.77,1.56,1.92,3.14,4.43,1.97,4.18,4.38,3.94,2.81,4.2,4.65,2.49,3.49,3.72,1.94,Cleaners of Vehicles and Equipment,0.37
537062,3.25,2.25,3.065,3.31,2.81,2.875,1.69,2.625,1.685,2.87,3.0,3.065,2.62,2.06,1.94,2.56,2.06,2.19,2.685,3.0,3.435,1.94,2.0,3.44,3.31,2.0,1.94,3.12,3.06,2.0,2.685,2.06,2.94,3.0,3.0,2.63,3.06,1.875,2.06,2.75,2.88,2.25,2.44,2.87,3.38,2.37,3.375,2.69,2.565,2.12,2.815,2.685,2.25,3.0,2.625,2.06,1.94,2.935,2.685,1.06,2.75,2.315,3.455,2.645,1.31,1.665,1.665,1.53,2.1,3.3,1.475,1.975,3.0250000000000004,2.105,3.02,1.14,1.41,1.36,1.46,1.24,1.965,2.82,2.625,1.315,2.885,1.185,2.035,3.49,2.065,3.34,2.335,1.285,1.645,1.365,2.835,2.255,3.3150000000000004,3.89,3.4000000000000004,2.58,2.675,1.25,2.06,3.77,1.4700000000000002,4.465,2.9400000000000004,1.48,2.765,2.795,3.625,1.695,3.24,1.04,3.74,4.065,1.965,4.01,3.64,3.51,3.595,3.44,3.715,3.345,2.955,3.755,1.8,3.49,2.88,4.3100000000000005,3.765,3.205,2.77,2.115,3.415,1.56,1.82,2.145,3.965,2.255,4.19,4.375,3.19,2.5,3.62,4.635,2.55,2.99,3.9,2.16,"Laborers and Freight, Stock, and Material Movers, Hand",0.85
537063,3.75,2.75,2.88,3.5,2.62,2.5,1.25,2.38,1.62,2.5,2.75,2.88,2.88,2.0,1.38,2.12,2.0,2.5,2.62,3.0,3.0,2.25,2.12,2.88,3.12,1.38,2.25,3.0,3.12,2.0,2.88,1.38,3.0,3.25,3.25,2.12,2.88,1.38,1.38,2.88,2.88,2.0,2.25,2.25,3.0,2.62,2.88,2.5,2.5,2.75,2.62,2.75,2.0,2.75,2.5,2.0,2.12,3.0,2.75,1.25,2.75,2.38,2.51,2.57,1.26,1.51,1.69,1.96,2.39,2.22,2.12,2.02,2.69,2.19,2.9,1.18,1.68,1.31,1.43,1.19,1.87,3.02,3.1,1.48,2.28,1.45,1.53,3.44,1.71,2.73,1.73,1.43,1.67,1.42,2.27,2.54,2.99,3.87,3.21,1.87,2.51,1.33,2.89,3.13,1.55,3.71,1.92,1.08,1.55,1.89,3.0,1.75,2.25,1.02,4.16,2.6,1.25,4.06,2.98,2.67,3.4,2.54,3.99,3.18,1.23,1.64,3.15,2.7,2.72,1.72,1.44,4.11,2.86,1.96,3.05,1.39,1.68,1.89,3.68,1.66,4.46,4.33,3.31,1.8,3.71,4.76,1.78,3.2,3.85,1.95,Machine Feeders and Off bearers,0.93
537064,2.75,2.12,2.38,2.38,2.62,2.5,1.5,2.5,1.38,2.75,2.12,2.75,2.12,1.88,1.5,2.0,1.88,1.88,2.5,2.75,3.0,2.0,2.0,3.0,3.25,1.5,2.0,3.0,2.88,1.62,2.38,1.75,3.12,2.12,2.0,1.88,2.75,1.5,1.88,2.62,3.0,2.0,2.0,2.5,3.0,1.88,3.12,2.12,2.25,2.12,2.12,2.0,2.12,2.75,2.75,2.0,2.0,3.0,2.62,1.0,2.62,2.0,2.08,2.79,1.41,2.31,2.45,1.73,2.56,3.2,2.1,1.78,2.15,2.26,2.98,1.48,1.94,1.74,1.51,1.66,1.88,2.73,2.63,1.63,2.05,1.51,1.72,3.97,1.89,2.7,1.88,1.68,1.84,1.47,2.36,1.93,2.58,4.26,3.64,2.69,2.19,1.59,2.12,3.36,3.32,3.69,1.65,1.85,1.74,2.04,3.11,1.77,2.31,1.18,3.33,2.96,1.52,4.56,3.24,3.63,3.65,3.3,4.32,3.87,1.47,1.93,3.04,4.26,2.97,1.92,1.61,3.04,3.33,1.77,3.34,1.73,1.25,2.31,3.88,1.88,4.27,4.06,3.21,3.05,4.22,4.38,2.13,3.59,4.03,2.4,"Packers and Packages, Hand",0.38
537071,3.88,3.0,3.0,3.5,3.12,2.62,1.0,2.0,1.75,2.38,3.12,3.88,3.12,2.75,2.0,2.0,2.12,2.88,3.12,3.25,3.88,2.12,2.25,3.62,3.62,2.0,2.25,3.12,3.12,2.5,3.38,2.0,3.75,3.0,3.25,2.75,3.12,2.0,2.0,3.0,2.88,2.88,1.75,2.0,2.25,3.0,2.88,2.88,2.75,2.0,3.12,3.0,2.88,3.12,3.62,2.25,2.25,3.12,3.12,1.88,3.0,3.0,3.83,2.63,1.58,2.56,3.71,1.65,3.36,3.03,2.69,1.74,3.46,3.11,3.57,1.08,1.21,1.63,2.14,1.25,2.12,3.38,4.28,1.54,2.51,1.26,3.15,4.6,1.79,3.85,1.48,1.1,1.81,1.5,2.18,2.59,4.41,4.07,3.42,2.36,2.5,1.17,2.77,4.31,4.81,4.63,2.81,1.15,3.08,4.12,4.44,2.98,2.97,1.44,4.7,4.51,2.41,4.45,4.3,3.91,4.76,4.01,4.17,3.74,4.42,2.65,3.34,3.77,3.11,4.83,4.04,3.61,3.64,2.45,2.33,2.13,1.83,2.03,2.49,3.06,3.0,3.65,3.1,4.76,3.76,5.0,2.33,3.61,4.51,2.73,Gas Compressor and Gas Pumping Station Operators,0.91
537072,3.12,3.0,3.0,3.38,3.12,3.0,1.0,2.88,1.38,3.0,3.12,3.0,3.12,2.38,2.0,2.62,2.75,3.0,3.0,3.25,3.12,2.88,2.12,3.12,3.88,1.88,2.88,3.75,3.62,2.12,3.75,2.0,3.75,3.0,3.0,2.62,3.12,2.0,2.12,3.0,3.0,2.62,2.38,2.62,3.0,2.38,3.0,3.0,3.0,2.62,3.12,3.25,2.88,3.12,3.12,2.12,2.38,3.5,3.12,2.0,3.12,2.88,2.97,2.66,1.37,1.83,2.42,1.56,2.95,2.46,1.77,2.19,2.59,2.91,3.28,1.11,1.31,1.45,1.88,1.23,2.12,3.03,3.28,1.38,2.49,1.03,2.23,3.44,1.54,2.69,1.81,1.32,2.21,1.25,2.27,1.92,3.59,4.25,3.11,2.9,2.21,1.15,2.11,4.09,2.51,4.85,2.62,1.0,2.94,3.59,4.23,3.24,2.4,1.24,3.67,4.22,1.95,4.58,3.96,4.28,4.45,4.18,3.84,4.0,4.74,2.64,1.74,3.34,2.78,4.69,2.55,2.64,3.07,1.62,2.57,1.86,2.07,2.17,3.7,2.52,3.44,4.11,2.33,4.48,3.31,4.99,1.55,3.03,3.85,2.38,"Pump Operators, Except Wellhead Pumpers",0.9
537073,3.0,2.25,2.88,3.25,3.12,2.12,1.62,2.38,1.75,2.5,2.88,2.75,2.38,2.12,1.88,2.25,2.5,2.0,3.12,3.25,3.12,2.12,2.12,3.25,3.5,1.62,2.12,2.88,3.0,2.12,3.12,2.0,3.88,2.25,3.25,3.0,2.75,1.75,2.12,3.0,3.0,2.12,1.88,2.75,3.12,2.25,3.0,2.0,2.75,2.12,2.88,2.62,2.38,2.88,3.12,1.88,2.25,3.12,2.75,1.12,3.0,2.62,2.49,2.85,1.88,2.41,2.82,1.31,2.55,1.89,2.42,1.47,2.37,2.31,2.72,1.03,1.15,1.16,1.47,1.15,2.41,3.02,3.69,1.72,2.41,1.14,2.34,2.79,1.57,2.57,1.33,1.26,1.67,1.26,2.29,2.62,3.67,4.12,3.13,3.43,2.52,1.38,2.0,4.59,3.96,5.0,3.23,1.23,3.55,4.76,3.95,3.13,4.08,1.32,4.3,4.51,1.36,4.34,4.51,4.37,3.09,3.97,3.74,3.55,4.97,2.37,2.41,3.22,3.2,4.97,2.32,2.35,1.74,1.59,2.48,1.73,1.48,1.88,2.71,2.72,2.95,3.38,2.59,4.95,3.52,5.0,1.59,3.24,3.81,3.2,Wellhead Pumpers,0.84
537081,3.25,2.75,2.75,2.88,2.62,2.75,1.0,2.62,1.88,3.0,3.0,2.75,2.38,1.75,2.75,2.62,2.38,2.75,2.5,2.88,3.12,1.0,2.0,3.38,3.0,2.38,1.0,3.0,2.88,1.5,2.38,2.5,2.88,2.62,3.12,2.62,2.75,2.0,2.38,2.88,2.88,2.0,2.12,2.75,3.25,2.62,3.12,2.88,2.5,1.62,2.5,2.5,2.25,2.88,2.75,1.38,1.0,2.5,2.62,1.0,2.88,2.5,2.12,1.88,1.06,1.06,1.32,1.56,2.02,2.55,1.18,1.75,1.96,1.47,2.8,1.0,1.0,1.55,1.77,1.05,1.82,2.01,3.22,1.06,1.63,1.05,1.56,1.89,1.12,2.55,1.74,1.0,2.03,1.06,2.6,2.44,3.17,3.61,2.56,2.78,2.91,1.34,2.33,3.68,1.31,4.3,1.86,2.92,3.0,1.75,3.73,1.37,2.92,1.23,3.58,4.22,2.3,3.73,3.91,2.95,2.92,3.28,2.96,3.41,4.68,2.78,1.34,2.23,2.65,4.89,1.99,2.78,2.59,1.06,3.17,1.6,2.29,2.17,4.32,3.47,3.09,4.15,2.66,2.8,3.74,4.99,1.42,2.21,2.93,1.62,Refuse and Recyclable Material Collectors,0.93
537121,3.38,3.0,2.88,3.88,2.88,3.62,1.38,2.75,1.75,3.12,3.75,3.12,3.0,2.62,2.75,2.75,3.0,3.0,2.88,3.0,3.75,2.5,2.0,3.88,3.5,2.0,2.62,3.25,3.12,2.38,3.62,2.25,3.62,3.75,3.62,2.75,3.12,2.0,2.75,3.12,3.12,2.5,2.38,3.12,3.62,3.0,3.12,2.75,3.0,2.12,3.0,3.0,2.75,3.0,3.0,2.5,2.5,3.0,3.25,1.5,3.0,3.0,2.1,2.43,1.46,1.46,2.38,1.67,2.47,2.27,1.55,1.57,2.5,1.61,3.27,1.08,1.16,1.18,1.72,1.18,1.81,2.27,2.94,1.52,2.01,1.19,1.82,3.3,1.43,3.15,1.34,1.3,2.13,1.34,3.53,3.71,4.74,4.47,4.07,3.05,2.82,1.3,1.87,3.89,3.97,4.73,3.6,1.12,3.67,4.65,4.22,4.2,2.92,1.23,4.58,4.27,2.75,4.84,3.92,4.4,4.52,4.15,4.46,4.45,4.24,2.97,2.63,3.91,2.97,4.76,2.93,3.56,3.46,2.11,3.14,2.97,2.06,2.6,3.8,2.48,3.62,4.31,3.49,4.39,4.47,4.94,4.18,3.67,4.61,3.09,"Tank Car, Truck, and Ship Loaders",0.72
